parkId,facilityId,observedAt,waitMinutes,status,sourceEntityId
tokyo_disneyland,tdl_fantasyland_its_a_small_world,2026-10-09T00:01:44.410Z,5,OPERATING,0de1b543-46fd-4c3f-81c8-31d0cab9ef63
tokyo_disneyland,tdl_fantasyland_castle_carrousel,2026-10-09T00:01:44.382Z,5,OPERATING,1fb05b7d-953a-4fa7-b7ed-db2eb62b85bf
tokyo_disneyland,tdl_toontown_donalds_boat,2026-10-09T00:01:44.495Z,5,OPERATING,2d215a6d-77a2-4c44-a2e3-c293c1289876
tokyo_disneyland,tdl_fantasyland_mickeys_philharmagic,2026-10-09T00:01:44.362Z,5,OPERATING,392ca2e8-afe0-4103-b296-c45bd373d036
tokyo_disneyland,tdl_westernland_shooting_gallery,2026-10-09T00:01:44.309Z,5,OPERATING,4876ec54-92ed-4b0c-8b1b-292bba89c61c
tokyo_disneyland,tdl_tomorrowland_monsters_inc_ride_and_go_seek,2026-10-09T00:05:35.007Z,10,OPERATING,4ed6a812-df04-4aa8-acb9-c6b164dbb706
tokyo_disneyland,tdl_tomorrowland_star_tours,2026-10-09T00:01:44.512Z,5,OPERATING,512fd34c-2f0a-4e0a-bcc1-ef4d15c5f803
tokyo_disneyland,tdl_toontown_gadgets_go_coaster,2026-10-09T00:01:44.484Z,5,OPERATING,52c5e406-67e2-4d37-aee8-987644d87b63
tokyo_disneyland,tdl_adventureland_pirates_of_the_caribbean,2026-10-09T00:01:44.287Z,5,OPERATING,52eb0fc9-5853-49c8-8c72-1e5e83aae1c1
tokyo_disneyland,tdl_toontown_minnies_house,2026-10-09T00:01:44.460Z,5,OPERATING,534ca90a-2626-4a45-9b7b-1964ed15678e
tokyo_disneyland,tdl_fantasyland_pinocchios_daring_journey,2026-10-09T00:01:44.370Z,5,OPERATING,6922377e-0ff4-481f-9da3-35051938732a
tokyo_disneyland,tdl_toontown_roger_rabbits_car_toon_spin,2026-10-09T00:01:44.449Z,5,OPERATING,73384e33-a86a-4601-996f-61dbffba6ec2
tokyo_disneyland,tdl_toontown_chip_and_dales_treehouse,2026-10-09T00:01:44.474Z,5,OPERATING,a0a63e1c-3fc6-4433-b9b1-f5e798ab1f00
tokyo_disneyland,tdl_fantasyland_snow_whites_adventures,2026-10-09T00:01:44.351Z,5,OPERATING,a853aadd-2337-435a-b0a3-2c03db96e5e1
tokyo_disneyland,tdl_fantasyland_poohs_hunny_hunt,2026-10-09T00:05:34.995Z,15,OPERATING,a88464b5-2cf5-4ef1-b38f-96e07b233bf2
tokyo_disneyland,tdl_tomorrowland_baymax_happy_ride,2026-10-09T00:05:35.021Z,30,OPERATING,ca00a0e8-f069-4d0a-9d5e-10cb63010956
tokyo_disneyland,tdl_fantasyland_alices_tea_party,2026-10-09T00:01:44.421Z,5,OPERATING,cfaa7d1c-111e-49b9-b21b-134eac4000e8
tokyo_disneyland,tdl_critter_country_splash_mountain,2026-10-09T00:02:34.590Z,5,OPERATING,dfe25d8e-e234-4020-a261-30c6825d0680
tokyo_disneyland,tdl_adventureland_jungle_cruise,2026-10-09T00:01:44.300Z,5,OPERATING,e0887415-3da2-458c-8b88-0691e6b8ab63
tokyo_disneyland,tdl_westernland_big_thunder_mountain,2026-10-09T00:02:34.579Z,5,OPERATING,e3577b4a-f1d9-4ec5-aacf-b99977ea88c9
tokyo_disneyland,tdl_fantasyland_peter_pans_flight,2026-10-09T00:01:44.340Z,5,OPERATING,e541ad8f-1457-469a-8f35-457555f475ad
tokyo_disneyland,tdl_new_fantasyland_enchanted_tale_of_beauty_and_the_beast,2026-10-09T00:05:35.030Z,60,OPERATING,e76670f0-9f5f-4918-8491-9bf51e73a596
tokyo_disneyland,tdl_fantasyland_poohs_hunny_hunt,2026-10-09T00:08:14.021Z,15,OPERATING,a88464b5-2cf5-4ef1-b38f-96e07b233bf2
tokyo_disneyland,tdl_tomorrowland_baymax_happy_ride,2026-10-09T00:08:14.028Z,30,OPERATING,ca00a0e8-f069-4d0a-9d5e-10cb63010956
tokyo_disneyland,tdl_new_fantasyland_enchanted_tale_of_beauty_and_the_beast,2026-10-09T00:08:50.285Z,70,OPERATING,e76670f0-9f5f-4918-8491-9bf51e73a596
tokyo_disneyland,tdl_tomorrowland_monsters_inc_ride_and_go_seek,2026-10-09T00:14:36.705Z,15,OPERATING,4ed6a812-df04-4aa8-acb9-c6b164dbb706
tokyo_disneyland,tdl_fantasyland_poohs_hunny_hunt,2026-10-09T00:14:46.373Z,30,OPERATING,a88464b5-2cf5-4ef1-b38f-96e07b233bf2
tokyo_disneyland,tdl_tomorrowland_baymax_happy_ride,2026-10-09T00:14:46.380Z,50,OPERATING,ca00a0e8-f069-4d0a-9d5e-10cb63010956
tokyo_disneyland,tdl_critter_country_splash_mountain,2026-10-09T00:14:46.366Z,15,OPERATING,dfe25d8e-e234-4020-a261-30c6825d0680
tokyo_disneyland,tdl_westernland_big_thunder_mountain,2026-10-09T00:14:36.685Z,10,OPERATING,e3577b4a-f1d9-4ec5-aacf-b99977ea88c9
tokyo_disneyland,tdl_new_fantasyland_enchanted_tale_of_beauty_and_the_beast,2026-10-09T00:14:46.387Z,100,OPERATING,e76670f0-9f5f-4918-8491-9bf51e73a596
tokyo_disneyland,tdl_fantasyland_poohs_hunny_hunt,2026-10-09T00:24:47.921Z,60,OPERATING,a88464b5-2cf5-4ef1-b38f-96e07b233bf2
tokyo_disneyland,tdl_tomorrowland_baymax_happy_ride,2026-10-09T00:24:47.927Z,80,OPERATING,ca00a0e8-f069-4d0a-9d5e-10cb63010956
tokyo_disneyland,tdl_critter_country_splash_mountain,2026-10-09T00:24:47.915Z,40,OPERATING,dfe25d8e-e234-4020-a261-30c6825d0680
tokyo_disneyland,tdl_westernland_big_thunder_mountain,2026-10-09T00:24:47.906Z,25,OPERATING,e3577b4a-f1d9-4ec5-aacf-b99977ea88c9
tokyo_disneyland,tdl_new_fantasyland_enchanted_tale_of_beauty_and_the_beast,2026-10-09T00:24:10.460Z,120,OPERATING,e76670f0-9f5f-4918-8491-9bf51e73a596
tokyo_disneyland,tdl_adventureland_pirates_of_the_caribbean,2026-10-09T00:27:14.804Z,10,OPERATING,52eb0fc9-5853-49c8-8c72-1e5e83aae1c1
tokyo_disneyland,tdl_fantasyland_poohs_hunny_hunt,2026-10-09T00:24:57.557Z,60,OPERATING,a88464b5-2cf5-4ef1-b38f-96e07b233bf2
tokyo_disneyland,tdl_tomorrowland_baymax_happy_ride,2026-10-09T00:24:57.564Z,80,OPERATING,ca00a0e8-f069-4d0a-9d5e-10cb63010956
tokyo_disneyland,tdl_critter_country_splash_mountain,2026-10-09T00:27:14.824Z,50,OPERATING,dfe25d8e-e234-4020-a261-30c6825d0680
tokyo_disneyland,tdl_westernland_big_thunder_mountain,2026-10-09T00:27:14.815Z,40,OPERATING,e3577b4a-f1d9-4ec5-aacf-b99977ea88c9
tokyo_disneyland,tdl_adventureland_western_river_railroad,2026-10-09T00:33:34.442Z,15,OPERATING,6ee0697f-57ba-4c7b-8216-7c55b21288d4
tokyo_disneyland,tdl_fantasyland_poohs_hunny_hunt,2026-10-09T00:33:42.394Z,50,OPERATING,a88464b5-2cf5-4ef1-b38f-96e07b233bf2
tokyo_disneyland,tdl_tomorrowland_baymax_happy_ride,2026-10-09T00:33:42.414Z,90,OPERATING,ca00a0e8-f069-4d0a-9d5e-10cb63010956
tokyo_disneyland,tdl_world_bazaar_omnibus,2026-10-09T00:33:34.433Z,5,OPERATING,cf1e721e-ba51-4e48-a2bc-b07883091e88
tokyo_disneyland,tdl_critter_country_splash_mountain,2026-10-09T00:33:42.380Z,60,OPERATING,dfe25d8e-e234-4020-a261-30c6825d0680
tokyo_disneyland,tdl_westernland_big_thunder_mountain,2026-10-09T00:33:42.363Z,50,OPERATING,e3577b4a-f1d9-4ec5-aacf-b99977ea88c9
tokyo_disneyland,tdl_fantasyland_peter_pans_flight,2026-10-09T00:33:34.466Z,15,OPERATING,e541ad8f-1457-469a-8f35-457555f475ad
tokyo_disneyland,tdl_new_fantasyland_enchanted_tale_of_beauty_and_the_beast,2026-10-09T00:33:42.423Z,120,OPERATING,e76670f0-9f5f-4918-8491-9bf51e73a596
tokyo_disneyland,tdl_adventureland_pirates_of_the_caribbean,2026-10-09T00:36:55.242Z,15,OPERATING,52eb0fc9-5853-49c8-8c72-1e5e83aae1c1
tokyo_disneyland,tdl_adventureland_western_river_railroad,2026-10-09T00:37:40.813Z,20,OPERATING,6ee0697f-57ba-4c7b-8216-7c55b21288d4
tokyo_disneyland,tdl_fantasyland_poohs_hunny_hunt,2026-10-09T00:37:40.839Z,50,OPERATING,a88464b5-2cf5-4ef1-b38f-96e07b233bf2
tokyo_disneyland,tdl_tomorrowland_baymax_happy_ride,2026-10-09T00:37:40.851Z,90,OPERATING,ca00a0e8-f069-4d0a-9d5e-10cb63010956
tokyo_disneyland,tdl_critter_country_splash_mountain,2026-10-09T00:37:40.826Z,60,OPERATING,dfe25d8e-e234-4020-a261-30c6825d0680
tokyo_disneyland,tdl_westernland_big_thunder_mountain,2026-10-09T00:37:40.820Z,50,OPERATING,e3577b4a-f1d9-4ec5-aacf-b99977ea88c9
tokyo_disneyland,tdl_fantasyland_peter_pans_flight,2026-10-09T00:37:40.833Z,30,OPERATING,e541ad8f-1457-469a-8f35-457555f475ad
tokyo_disneyland,tdl_new_fantasyland_enchanted_tale_of_beauty_and_the_beast,2026-10-09T00:37:40.858Z,120,OPERATING,e76670f0-9f5f-4918-8491-9bf51e73a596
tokyo_disneyland,tdl_toontown_gadgets_go_coaster,2026-10-09T00:42:56.375Z,10,OPERATING,52c5e406-67e2-4d37-aee8-987644d87b63
tokyo_disneyland,tdl_adventureland_pirates_of_the_caribbean,2026-10-09T00:40:10.447Z,20,OPERATING,52eb0fc9-5853-49c8-8c72-1e5e83aae1c1
tokyo_disneyland,tdl_adventureland_western_river_railroad,2026-10-09T00:40:10.459Z,15,OPERATING,6ee0697f-57ba-4c7b-8216-7c55b21288d4
tokyo_disneyland,tdl_fantasyland_snow_whites_adventures,2026-10-09T00:43:41.643Z,15,OPERATING,a853aadd-2337-435a-b0a3-2c03db96e5e1
tokyo_disneyland,tdl_tomorrowland_baymax_happy_ride,2026-10-09T00:43:41.652Z,80,OPERATING,ca00a0e8-f069-4d0a-9d5e-10cb63010956
tokyo_disneyland,tdl_critter_country_splash_mountain,2026-10-09T00:43:41.634Z,80,OPERATING,dfe25d8e-e234-4020-a261-30c6825d0680
tokyo_disneyland,tdl_westernland_big_thunder_mountain,2026-10-09T00:40:13.183Z,60,OPERATING,e3577b4a-f1d9-4ec5-aacf-b99977ea88c9
tokyo_disneyland,tdl_adventureland_pirates_of_the_caribbean,2026-10-09T00:49:35.781Z,20,OPERATING,52eb0fc9-5853-49c8-8c72-1e5e83aae1c1
tokyo_disneyland,tdl_toontown_roger_rabbits_car_toon_spin,2026-10-09T00:49:35.813Z,10,OPERATING,73384e33-a86a-4601-996f-61dbffba6ec2
tokyo_disneyland,tdl_fantasyland_poohs_hunny_hunt,2026-10-09T00:50:30.751Z,60,OPERATING,a88464b5-2cf5-4ef1-b38f-96e07b233bf2
tokyo_disneyland,tdl_tomorrowland_baymax_happy_ride,2026-10-09T00:50:30.775Z,80,OPERATING,ca00a0e8-f069-4d0a-9d5e-10cb63010956
tokyo_disneyland,tdl_world_bazaar_omnibus,2026-10-09T00:49:35.771Z,10,OPERATING,cf1e721e-ba51-4e48-a2bc-b07883091e88
tokyo_disneyland,tdl_critter_country_splash_mountain,2026-10-09T00:46:34.075Z,70,OPERATING,dfe25d8e-e234-4020-a261-30c6825d0680
tokyo_disneyland,tdl_adventureland_jungle_cruise,2026-10-09T00:49:35.793Z,15,OPERATING,e0887415-3da2-458c-8b88-0691e6b8ab63
tokyo_disneyland,tdl_westernland_big_thunder_mountain,2026-10-09T00:50:30.740Z,60,OPERATING,e3577b4a-f1d9-4ec5-aacf-b99977ea88c9
tokyo_disneyland,tdl_new_fantasyland_enchanted_tale_of_beauty_and_the_beast,2026-10-09T00:50:30.786Z,120,OPERATING,e76670f0-9f5f-4918-8491-9bf51e73a596
tokyo_disneyland,tdl_fantasyland_its_a_small_world,2026-10-09T00:52:47.326Z,10,OPERATING,0de1b543-46fd-4c3f-81c8-31d0cab9ef63
tokyo_disneyland,tdl_fantasyland_castle_carrousel,2026-10-09T00:52:47.319Z,10,OPERATING,1fb05b7d-953a-4fa7-b7ed-db2eb62b85bf
tokyo_disneyland,tdl_toontown_gadgets_go_coaster,2026-10-09T00:52:47.332Z,15,OPERATING,52c5e406-67e2-4d37-aee8-987644d87b63
tokyo_disneyland,tdl_adventureland_western_river_railroad,2026-10-09T00:52:47.312Z,10,OPERATING,6ee0697f-57ba-4c7b-8216-7c55b21288d4
tokyo_disneyland,tdl_toontown_gadgets_go_coaster,2026-10-09T00:55:53.267Z,20,OPERATING,52c5e406-67e2-4d37-aee8-987644d87b63
tokyo_disneyland,tdl_fantasyland_pinocchios_daring_journey,2026-10-09T00:55:53.258Z,10,OPERATING,6922377e-0ff4-481f-9da3-35051938732a
tokyo_disneyland,tdl_adventureland_western_river_railroad,2026-10-09T00:55:53.240Z,15,OPERATING,6ee0697f-57ba-4c7b-8216-7c55b21288d4
tokyo_disneyland,tdl_toontown_roger_rabbits_car_toon_spin,2026-10-09T00:59:07.065Z,20,OPERATING,73384e33-a86a-4601-996f-61dbffba6ec2
tokyo_disneyland,tdl_fantasyland_snow_whites_adventures,2026-10-09T00:59:07.047Z,15,OPERATING,a853aadd-2337-435a-b0a3-2c03db96e5e1
tokyo_disneyland,tdl_fantasyland_poohs_hunny_hunt,2026-10-09T00:59:07.056Z,60,OPERATING,a88464b5-2cf5-4ef1-b38f-96e07b233bf2
tokyo_disneyland,tdl_tomorrowland_baymax_happy_ride,2026-10-09T00:59:07.082Z,80,OPERATING,ca00a0e8-f069-4d0a-9d5e-10cb63010956
tokyo_disneyland,tdl_critter_country_splash_mountain,2026-10-09T00:59:09.314Z,60,OPERATING,dfe25d8e-e234-4020-a261-30c6825d0680
tokyo_disneyland,tdl_adventureland_jungle_cruise,2026-10-09T00:55:53.228Z,20,OPERATING,e0887415-3da2-458c-8b88-0691e6b8ab63
tokyo_disneyland,tdl_westernland_big_thunder_mountain,2026-10-09T00:59:07.010Z,60,OPERATING,e3577b4a-f1d9-4ec5-aacf-b99977ea88c9
tokyo_disneyland,tdl_new_fantasyland_enchanted_tale_of_beauty_and_the_beast,2026-10-09T00:59:07.091Z,120,OPERATING,e76670f0-9f5f-4918-8491-9bf51e73a596
tokyo_disneyland,tdl_westernland_mark_twain_riverboat,2026-10-09T01:02:26.841Z,5,OPERATING,02a96ff7-da13-48b5-b1a8-f29d9f6109fc
tokyo_disneyland,tdl_critter_country_beaver_brothers_explorer_canoes,2026-10-09T01:02:26.857Z,5,OPERATING,037a13bf-b06e-4902-aa12-02d758d1718d
tokyo_disneyland,tdl_tomorrowland_stitch_encounter,2026-10-09T01:02:26.890Z,5,OPERATING,05c7400b-866d-4d47-9cb1-8722fe6b22da
tokyo_disneyland,tdl_westernland_tom_sawyer_island_rafts,2026-10-09T01:02:26.849Z,5,OPERATING,077c390c-c214-40c4-83e9-93d8f8621141
tokyo_disneyland,tdl_toontown_goofys_paint_and_play_house,2026-10-09T01:02:26.883Z,5,OPERATING,74f17654-ceb1-4f12-9c19-ce6ed0587f33
tokyo_disneyland,tdl_westernland_country_bear_theater,2026-10-09T01:02:26.832Z,5,OPERATING,83f11a48-0d22-4429-8e59-43fd611d6795
tokyo_disneyland,tdl_fantasyland_poohs_hunny_hunt,2026-10-09T01:02:59.993Z,70,OPERATING,a88464b5-2cf5-4ef1-b38f-96e07b233bf2
tokyo_disneyland,tdl_tomorrowland_baymax_happy_ride,2026-10-09T01:03:00.082Z,80,OPERATING,ca00a0e8-f069-4d0a-9d5e-10cb63010956
tokyo_disneyland,tdl_world_bazaar_omnibus,2026-10-09T01:02:26.821Z,5,OPERATING,cf1e721e-ba51-4e48-a2bc-b07883091e88
tokyo_disneyland,tdl_westernland_big_thunder_mountain,2026-10-09T01:02:59.984Z,60,OPERATING,e3577b4a-f1d9-4ec5-aacf-b99977ea88c9
tokyo_disneyland,tdl_fantasyland_peter_pans_flight,2026-10-09T01:02:26.865Z,40,OPERATING,e541ad8f-1457-469a-8f35-457555f475ad
tokyo_disneyland,tdl_new_fantasyland_enchanted_tale_of_beauty_and_the_beast,2026-10-09T01:03:00.110Z,120,OPERATING,e76670f0-9f5f-4918-8491-9bf51e73a596
tokyo_disneyland,tdl_tomorrowland_stitch_encounter,2026-10-09T01:05:28.856Z,10,OPERATING,05c7400b-866d-4d47-9cb1-8722fe6b22da
tokyo_disneyland,tdl_adventureland_western_river_railroad,2026-10-09T01:05:28.847Z,20,OPERATING,6ee0697f-57ba-4c7b-8216-7c55b21288d4
tokyo_disneyland,tdl_adventureland_jungle_cruise,2026-10-09T01:05:28.832Z,25,OPERATING,e0887415-3da2-458c-8b88-0691e6b8ab63
tokyo_disneyland,tdl_toontown_goofys_paint_and_play_house,2026-10-09T01:11:45.018Z,15,OPERATING,74f17654-ceb1-4f12-9c19-ce6ed0587f33
tokyo_disneyland,tdl_fantasyland_snow_whites_adventures,2026-10-09T01:11:45.000Z,20,OPERATING,a853aadd-2337-435a-b0a3-2c03db96e5e1
tokyo_disneyland,tdl_fantasyland_poohs_hunny_hunt,2026-10-09T01:11:56.194Z,60,OPERATING,a88464b5-2cf5-4ef1-b38f-96e07b233bf2
tokyo_disneyland,tdl_tomorrowland_baymax_happy_ride,2026-10-09T01:11:45.035Z,80,OPERATING,ca00a0e8-f069-4d0a-9d5e-10cb63010956
tokyo_disneyland,tdl_critter_country_splash_mountain,2026-10-09T01:11:44.992Z,60,OPERATING,dfe25d8e-e234-4020-a261-30c6825d0680
tokyo_disneyland,tdl_westernland_big_thunder_mountain,2026-10-09T01:11:44.980Z,60,OPERATING,e3577b4a-f1d9-4ec5-aacf-b99977ea88c9
tokyo_disneyland,tdl_new_fantasyland_enchanted_tale_of_beauty_and_the_beast,2026-10-09T01:11:56.202Z,100,OPERATING,e76670f0-9f5f-4918-8491-9bf51e73a596
tokyo_disneyland,tdl_toontown_gadgets_go_coaster,2026-10-09T01:18:03.915Z,25,OPERATING,52c5e406-67e2-4d37-aee8-987644d87b63
tokyo_disneyland,tdl_adventureland_western_river_railroad,2026-10-09T01:15:37.515Z,25,OPERATING,6ee0697f-57ba-4c7b-8216-7c55b21288d4
tokyo_disneyland,tdl_toontown_roger_rabbits_car_toon_spin,2026-10-09T01:15:37.546Z,30,OPERATING,73384e33-a86a-4601-996f-61dbffba6ec2
tokyo_disneyland,tdl_tomorrowland_baymax_happy_ride,2026-10-09T01:18:24.240Z,70,OPERATING,ca00a0e8-f069-4d0a-9d5e-10cb63010956
tokyo_disneyland,tdl_critter_country_splash_mountain,2026-10-09T01:15:37.537Z,60,OPERATING,dfe25d8e-e234-4020-a261-30c6825d0680
tokyo_disneyland,tdl_westernland_big_thunder_mountain,2026-10-09T01:15:37.527Z,60,OPERATING,e3577b4a-f1d9-4ec5-aacf-b99977ea88c9
tokyo_disneyland,tdl_fantasyland_peter_pans_flight,2026-10-09T01:18:03.904Z,30,OPERATING,e541ad8f-1457-469a-8f35-457555f475ad
tokyo_disneyland,tdl_new_fantasyland_enchanted_tale_of_beauty_and_the_beast,2026-10-09T01:18:24.249Z,90,OPERATING,e76670f0-9f5f-4918-8491-9bf51e73a596
tokyo_disneyland,tdl_fantasyland_pinocchios_daring_journey,2026-10-09T01:22:28.503Z,15,OPERATING,6922377e-0ff4-481f-9da3-35051938732a
tokyo_disneyland,tdl_fantasyland_castle_carrousel,2026-10-09T01:24:49.467Z,15,OPERATING,1fb05b7d-953a-4fa7-b7ed-db2eb62b85bf
tokyo_disneyland,tdl_fantasyland_poohs_hunny_hunt,2026-10-09T01:28:22.049Z,50,OPERATING,a88464b5-2cf5-4ef1-b38f-96e07b233bf2
tokyo_disneyland,tdl_tomorrowland_baymax_happy_ride,2026-10-09T01:28:22.062Z,70,OPERATING,ca00a0e8-f069-4d0a-9d5e-10cb63010956
tokyo_disneyland,tdl_critter_country_splash_mountain,2026-10-09T01:28:22.044Z,60,OPERATING,dfe25d8e-e234-4020-a261-30c6825d0680
tokyo_disneyland,tdl_westernland_big_thunder_mountain,2026-10-09T01:28:22.035Z,50,OPERATING,e3577b4a-f1d9-4ec5-aacf-b99977ea88c9
tokyo_disneyland,tdl_new_fantasyland_enchanted_tale_of_beauty_and_the_beast,2026-10-09T01:28:22.069Z,90,OPERATING,e76670f0-9f5f-4918-8491-9bf51e73a596
tokyo_disneyland,tdl_toontown_roger_rabbits_car_toon_spin,2026-10-09T01:34:11.676Z,25,OPERATING,73384e33-a86a-4601-996f-61dbffba6ec2
tokyo_disneyland,tdl_fantasyland_alices_tea_party,2026-10-09T01:30:44.177Z,10,OPERATING,cfaa7d1c-111e-49b9-b21b-134eac4000e8
tokyo_disneyland,tdl_critter_country_splash_mountain,2026-10-09T01:34:11.667Z,50,OPERATING,dfe25d8e-e234-4020-a261-30c6825d0680
tokyo_disneyland,tdl_new_fantasyland_enchanted_tale_of_beauty_and_the_beast,2026-10-09T01:34:11.683Z,100,OPERATING,e76670f0-9f5f-4918-8491-9bf51e73a596
tokyo_disneyland,tdl_fantasyland_poohs_hunny_hunt,2026-10-09T01:37:17.689Z,50,OPERATING,a88464b5-2cf5-4ef1-b38f-96e07b233bf2
tokyo_disneyland,tdl_tomorrowland_baymax_happy_ride,2026-10-09T01:37:17.705Z,70,OPERATING,ca00a0e8-f069-4d0a-9d5e-10cb63010956
tokyo_disneyland,tdl_critter_country_splash_mountain,2026-10-09T01:37:17.682Z,50,OPERATING,dfe25d8e-e234-4020-a261-30c6825d0680
tokyo_disneyland,tdl_westernland_big_thunder_mountain,2026-10-09T01:37:17.674Z,50,OPERATING,e3577b4a-f1d9-4ec5-aacf-b99977ea88c9
tokyo_disneyland,tdl_critter_country_beaver_brothers_explorer_canoes,2026-10-09T01:40:23.074Z,10,OPERATING,037a13bf-b06e-4902-aa12-02d758d1718d
tokyo_disneyland,tdl_fantasyland_castle_carrousel,2026-10-09T01:43:15.119Z,15,OPERATING,1fb05b7d-953a-4fa7-b7ed-db2eb62b85bf
tokyo_disneyland,tdl_westernland_shooting_gallery,2026-10-09T01:43:15.109Z,10,OPERATING,4876ec54-92ed-4b0c-8b1b-292bba89c61c
tokyo_disneyland,tdl_fantasyland_poohs_hunny_hunt,2026-10-09T01:41:47.509Z,50,OPERATING,a88464b5-2cf5-4ef1-b38f-96e07b233bf2
tokyo_disneyland,tdl_tomorrowland_baymax_happy_ride,2026-10-09T01:41:47.521Z,80,OPERATING,ca00a0e8-f069-4d0a-9d5e-10cb63010956
tokyo_disneyland,tdl_critter_country_splash_mountain,2026-10-09T01:41:47.502Z,50,OPERATING,dfe25d8e-e234-4020-a261-30c6825d0680
tokyo_disneyland,tdl_westernland_big_thunder_mountain,2026-10-09T01:41:47.494Z,50,OPERATING,e3577b4a-f1d9-4ec5-aacf-b99977ea88c9
tokyo_disneyland,tdl_new_fantasyland_enchanted_tale_of_beauty_and_the_beast,2026-10-09T01:41:47.531Z,100,OPERATING,e76670f0-9f5f-4918-8491-9bf51e73a596
tokyo_disneyland,tdl_fantasyland_its_a_small_world,2026-10-09T01:49:41.830Z,15,OPERATING,0de1b543-46fd-4c3f-81c8-31d0cab9ef63
tokyo_disneyland,tdl_fantasyland_snow_whites_adventures,2026-10-09T01:49:41.822Z,15,OPERATING,a853aadd-2337-435a-b0a3-2c03db96e5e1
tokyo_disneyland,tdl_fantasyland_poohs_hunny_hunt,2026-10-09T01:49:41.838Z,60,OPERATING,a88464b5-2cf5-4ef1-b38f-96e07b233bf2
tokyo_disneyland,tdl_tomorrowland_baymax_happy_ride,2026-10-09T01:49:41.855Z,80,OPERATING,ca00a0e8-f069-4d0a-9d5e-10cb63010956
tokyo_disneyland,tdl_critter_country_splash_mountain,2026-10-09T01:49:41.814Z,70,OPERATING,dfe25d8e-e234-4020-a261-30c6825d0680
tokyo_disneyland,tdl_westernland_big_thunder_mountain,2026-10-09T01:49:41.806Z,50,OPERATING,e3577b4a-f1d9-4ec5-aacf-b99977ea88c9
tokyo_disneyland,tdl_new_fantasyland_enchanted_tale_of_beauty_and_the_beast,2026-10-09T01:49:41.862Z,100,OPERATING,e76670f0-9f5f-4918-8491-9bf51e73a596
tokyo_disneyland,tdl_toontown_goofys_paint_and_play_house,2026-10-09T01:53:11.675Z,10,OPERATING,74f17654-ceb1-4f12-9c19-ce6ed0587f33
tokyo_disneyland,tdl_fantasyland_poohs_hunny_hunt,2026-10-09T01:53:59.980Z,60,OPERATING,a88464b5-2cf5-4ef1-b38f-96e07b233bf2
tokyo_disneyland,tdl_tomorrowland_baymax_happy_ride,2026-10-09T01:53:59.992Z,80,OPERATING,ca00a0e8-f069-4d0a-9d5e-10cb63010956
tokyo_disneyland,tdl_critter_country_splash_mountain,2026-10-09T01:50:48.271Z,70,OPERATING,dfe25d8e-e234-4020-a261-30c6825d0680
tokyo_disneyland,tdl_westernland_big_thunder_mountain,2026-10-09T01:53:59.972Z,50,OPERATING,e3577b4a-f1d9-4ec5-aacf-b99977ea88c9
tokyo_disneyland,tdl_new_fantasyland_enchanted_tale_of_beauty_and_the_beast,2026-10-09T01:53:59.998Z,100,OPERATING,e76670f0-9f5f-4918-8491-9bf51e73a596
tokyo_disneyland,tdl_toontown_gadgets_go_coaster,2026-10-09T01:59:37.196Z,20,OPERATING,52c5e406-67e2-4d37-aee8-987644d87b63
tokyo_disneyland,tdl_toontown_goofys_paint_and_play_house,2026-10-09T01:55:57.528Z,15,OPERATING,74f17654-ceb1-4f12-9c19-ce6ed0587f33
tokyo_disneyland,tdl_westernland_country_bear_theater,2026-10-09T01:59:37.187Z,15,OPERATING,83f11a48-0d22-4429-8e59-43fd611d6795
tokyo_disneyland,tdl_tomorrowland_baymax_happy_ride,2026-10-09T01:56:38.272Z,90,OPERATING,ca00a0e8-f069-4d0a-9d5e-10cb63010956
tokyo_disneyland,tdl_critter_country_splash_mountain,2026-10-09T01:56:38.264Z,80,OPERATING,dfe25d8e-e234-4020-a261-30c6825d0680
tokyo_disneyland,tdl_fantasyland_poohs_hunny_hunt,2026-10-09T02:02:12.757Z,60,OPERATING,a88464b5-2cf5-4ef1-b38f-96e07b233bf2
tokyo_disneyland,tdl_tomorrowland_baymax_happy_ride,2026-10-09T02:02:12.774Z,90,OPERATING,ca00a0e8-f069-4d0a-9d5e-10cb63010956
tokyo_disneyland,tdl_critter_country_splash_mountain,2026-10-09T02:02:42.457Z,70,OPERATING,dfe25d8e-e234-4020-a261-30c6825d0680
tokyo_disneyland,tdl_westernland_big_thunder_mountain,2026-10-09T02:02:12.739Z,50,OPERATING,e3577b4a-f1d9-4ec5-aacf-b99977ea88c9
tokyo_disneyland,tdl_new_fantasyland_enchanted_tale_of_beauty_and_the_beast,2026-10-09T02:02:12.783Z,100,OPERATING,e76670f0-9f5f-4918-8491-9bf51e73a596
tokyo_disneyland,tdl_critter_country_beaver_brothers_explorer_canoes,2026-10-09T02:05:25.077Z,25,OPERATING,037a13bf-b06e-4902-aa12-02d758d1718d
tokyo_disneyland,tdl_tomorrowland_monsters_inc_ride_and_go_seek,2026-10-09T02:08:40.026Z,5,OPERATING,4ed6a812-df04-4aa8-acb9-c6b164dbb706
tokyo_disneyland,tdl_toontown_gadgets_go_coaster,2026-10-09T02:05:25.096Z,25,OPERATING,52c5e406-67e2-4d37-aee8-987644d87b63
tokyo_disneyland,tdl_adventureland_western_river_railroad,2026-10-09T02:05:25.064Z,15,OPERATING,6ee0697f-57ba-4c7b-8216-7c55b21288d4
tokyo_disneyland,tdl_toontown_roger_rabbits_car_toon_spin,2026-10-09T02:05:25.086Z,30,OPERATING,73384e33-a86a-4601-996f-61dbffba6ec2
tokyo_disneyland,tdl_fantasyland_poohs_hunny_hunt,2026-10-09T02:06:23.823Z,60,OPERATING,a88464b5-2cf5-4ef1-b38f-96e07b233bf2
tokyo_disneyland,tdl_tomorrowland_baymax_happy_ride,2026-10-09T02:06:23.839Z,90,OPERATING,ca00a0e8-f069-4d0a-9d5e-10cb63010956
tokyo_disneyland,tdl_westernland_big_thunder_mountain,2026-10-09T02:06:23.815Z,50,OPERATING,e3577b4a-f1d9-4ec5-aacf-b99977ea88c9
tokyo_disneyland,tdl_new_fantasyland_enchanted_tale_of_beauty_and_the_beast,2026-10-09T02:06:23.846Z,100,OPERATING,e76670f0-9f5f-4918-8491-9bf51e73a596
tokyo_disneyland,tdl_tomorrowland_monsters_inc_ride_and_go_seek,2026-10-09T02:14:35.840Z,25,OPERATING,4ed6a812-df04-4aa8-acb9-c6b164dbb706
tokyo_disneyland,tdl_fantasyland_poohs_hunny_hunt,2026-10-09T02:14:35.833Z,60,OPERATING,a88464b5-2cf5-4ef1-b38f-96e07b233bf2
tokyo_disneyland,tdl_tomorrowland_baymax_happy_ride,2026-10-09T02:14:35.848Z,80,OPERATING,ca00a0e8-f069-4d0a-9d5e-10cb63010956
tokyo_disneyland,tdl_critter_country_splash_mountain,2026-10-09T02:14:35.825Z,80,OPERATING,dfe25d8e-e234-4020-a261-30c6825d0680
tokyo_disneyland,tdl_westernland_big_thunder_mountain,2026-10-09T02:14:35.816Z,50,OPERATING,e3577b4a-f1d9-4ec5-aacf-b99977ea88c9
tokyo_disneyland,tdl_new_fantasyland_enchanted_tale_of_beauty_and_the_beast,2026-10-09T02:14:35.855Z,100,OPERATING,e76670f0-9f5f-4918-8491-9bf51e73a596
tokyo_disneyland,tdl_tomorrowland_monsters_inc_ride_and_go_seek,2026-10-09T02:18:34.093Z,30,OPERATING,4ed6a812-df04-4aa8-acb9-c6b164dbb706
tokyo_disneyland,tdl_toontown_goofys_paint_and_play_house,2026-10-09T02:17:48.445Z,10,OPERATING,74f17654-ceb1-4f12-9c19-ce6ed0587f33
tokyo_disneyland,tdl_fantasyland_poohs_hunny_hunt,2026-10-09T02:18:34.088Z,60,OPERATING,a88464b5-2cf5-4ef1-b38f-96e07b233bf2
tokyo_disneyland,tdl_tomorrowland_baymax_happy_ride,2026-10-09T02:18:34.099Z,80,OPERATING,ca00a0e8-f069-4d0a-9d5e-10cb63010956
tokyo_disneyland,tdl_critter_country_splash_mountain,2026-10-09T02:18:34.082Z,80,OPERATING,dfe25d8e-e234-4020-a261-30c6825d0680
tokyo_disneyland,tdl_westernland_big_thunder_mountain,2026-10-09T02:18:34.075Z,50,OPERATING,e3577b4a-f1d9-4ec5-aacf-b99977ea88c9
tokyo_disneyland,tdl_new_fantasyland_enchanted_tale_of_beauty_and_the_beast,2026-10-09T02:18:34.104Z,90,OPERATING,e76670f0-9f5f-4918-8491-9bf51e73a596
tokyo_disneyland,tdl_westernland_shooting_gallery,2026-10-09T02:21:49.176Z,5,OPERATING,4876ec54-92ed-4b0c-8b1b-292bba89c61c
tokyo_disneyland,tdl_tomorrowland_monsters_inc_ride_and_go_seek,2026-10-09T02:24:34.075Z,40,OPERATING,4ed6a812-df04-4aa8-acb9-c6b164dbb706
tokyo_disneyland,tdl_adventureland_pirates_of_the_caribbean,2026-10-09T02:21:49.167Z,15,OPERATING,52eb0fc9-5853-49c8-8c72-1e5e83aae1c1
tokyo_disneyland,tdl_toontown_roger_rabbits_car_toon_spin,2026-10-09T02:27:10.061Z,25,OPERATING,73384e33-a86a-4601-996f-61dbffba6ec2
tokyo_disneyland,tdl_fantasyland_poohs_hunny_hunt,2026-10-09T02:24:58.256Z,60,OPERATING,a88464b5-2cf5-4ef1-b38f-96e07b233bf2
tokyo_disneyland,tdl_tomorrowland_baymax_happy_ride,2026-10-09T02:24:58.264Z,80,OPERATING,ca00a0e8-f069-4d0a-9d5e-10cb63010956
tokyo_disneyland,tdl_critter_country_splash_mountain,2026-10-09T02:27:20.633Z,70,OPERATING,dfe25d8e-e234-4020-a261-30c6825d0680
tokyo_disneyland,tdl_westernland_big_thunder_mountain,2026-10-09T02:24:58.238Z,50,OPERATING,e3577b4a-f1d9-4ec5-aacf-b99977ea88c9
tokyo_disneyland,tdl_new_fantasyland_enchanted_tale_of_beauty_and_the_beast,2026-10-09T02:24:58.272Z,90,OPERATING,e76670f0-9f5f-4918-8491-9bf51e73a596
tokyo_disneyland,tdl_critter_country_beaver_brothers_explorer_canoes,2026-10-09T02:33:34.587Z,20,OPERATING,037a13bf-b06e-4902-aa12-02d758d1718d
tokyo_disneyland,tdl_tomorrowland_monsters_inc_ride_and_go_seek,2026-10-09T02:31:03.019Z,40,OPERATING,4ed6a812-df04-4aa8-acb9-c6b164dbb706
tokyo_disneyland,tdl_adventureland_western_river_railroad,2026-10-09T02:33:34.577Z,20,OPERATING,6ee0697f-57ba-4c7b-8216-7c55b21288d4
tokyo_disneyland,tdl_fantasyland_snow_whites_adventures,2026-10-09T02:33:34.595Z,20,OPERATING,a853aadd-2337-435a-b0a3-2c03db96e5e1
tokyo_disneyland,tdl_fantasyland_poohs_hunny_hunt,2026-10-09T02:31:02.993Z,70,OPERATING,a88464b5-2cf5-4ef1-b38f-96e07b233bf2
tokyo_disneyland,tdl_tomorrowland_baymax_happy_ride,2026-10-09T02:34:01.736Z,70,OPERATING,ca00a0e8-f069-4d0a-9d5e-10cb63010956
tokyo_disneyland,tdl_westernland_big_thunder_mountain,2026-10-09T02:31:02.981Z,40,OPERATING,e3577b4a-f1d9-4ec5-aacf-b99977ea88c9
tokyo_disneyland,tdl_new_fantasyland_enchanted_tale_of_beauty_and_the_beast,2026-10-09T02:31:03.061Z,90,OPERATING,e76670f0-9f5f-4918-8491-9bf51e73a596
tokyo_disneyland,tdl_tomorrowland_monsters_inc_ride_and_go_seek,2026-10-09T02:36:55.874Z,40,OPERATING,4ed6a812-df04-4aa8-acb9-c6b164dbb706
tokyo_disneyland,tdl_fantasyland_poohs_hunny_hunt,2026-10-09T02:36:55.864Z,70,OPERATING,a88464b5-2cf5-4ef1-b38f-96e07b233bf2
tokyo_disneyland,tdl_tomorrowland_baymax_happy_ride,2026-10-09T02:36:55.882Z,70,OPERATING,ca00a0e8-f069-4d0a-9d5e-10cb63010956
tokyo_disneyland,tdl_critter_country_splash_mountain,2026-10-09T02:36:55.847Z,70,OPERATING,dfe25d8e-e234-4020-a261-30c6825d0680
tokyo_disneyland,tdl_adventureland_jungle_cruise,2026-10-09T02:36:55.825Z,20,OPERATING,e0887415-3da2-458c-8b88-0691e6b8ab63
tokyo_disneyland,tdl_westernland_big_thunder_mountain,2026-10-09T02:36:55.836Z,40,OPERATING,e3577b4a-f1d9-4ec5-aacf-b99977ea88c9
tokyo_disneyland,tdl_new_fantasyland_enchanted_tale_of_beauty_and_the_beast,2026-10-09T02:36:55.891Z,90,OPERATING,e76670f0-9f5f-4918-8491-9bf51e73a596
tokyo_disneyland,tdl_critter_country_beaver_brothers_explorer_canoes,2026-10-09T02:43:03.811Z,15,OPERATING,037a13bf-b06e-4902-aa12-02d758d1718d
tokyo_disneyland,tdl_fantasyland_castle_carrousel,2026-10-09T02:40:08.828Z,20,OPERATING,1fb05b7d-953a-4fa7-b7ed-db2eb62b85bf
tokyo_disneyland,tdl_tomorrowland_monsters_inc_ride_and_go_seek,2026-10-09T02:43:59.420Z,40,OPERATING,4ed6a812-df04-4aa8-acb9-c6b164dbb706
tokyo_disneyland,tdl_toontown_goofys_paint_and_play_house,2026-10-09T02:43:59.410Z,5,OPERATING,74f17654-ceb1-4f12-9c19-ce6ed0587f33
tokyo_disneyland,tdl_fantasyland_poohs_hunny_hunt,2026-10-09T02:43:59.399Z,60,OPERATING,a88464b5-2cf5-4ef1-b38f-96e07b233bf2
tokyo_disneyland,tdl_tomorrowland_baymax_happy_ride,2026-10-09T02:43:59.430Z,70,OPERATING,ca00a0e8-f069-4d0a-9d5e-10cb63010956
tokyo_disneyland,tdl_critter_country_splash_mountain,2026-10-09T02:43:59.391Z,70,OPERATING,dfe25d8e-e234-4020-a261-30c6825d0680
tokyo_disneyland,tdl_westernland_big_thunder_mountain,2026-10-09T02:43:59.381Z,40,OPERATING,e3577b4a-f1d9-4ec5-aacf-b99977ea88c9
tokyo_disneyland,tdl_new_fantasyland_enchanted_tale_of_beauty_and_the_beast,2026-10-09T02:43:59.440Z,80,OPERATING,e76670f0-9f5f-4918-8491-9bf51e73a596
tokyo_disneyland,tdl_critter_country_beaver_brothers_explorer_canoes,2026-10-09T02:46:10.963Z,20,OPERATING,037a13bf-b06e-4902-aa12-02d758d1718d
tokyo_disneyland,tdl_tomorrowland_monsters_inc_ride_and_go_seek,2026-10-09T02:49:16.016Z,40,OPERATING,4ed6a812-df04-4aa8-acb9-c6b164dbb706
tokyo_disneyland,tdl_adventureland_western_river_railroad,2026-10-09T02:49:15.966Z,15,OPERATING,6ee0697f-57ba-4c7b-8216-7c55b21288d4
tokyo_disneyland,tdl_toontown_goofys_paint_and_play_house,2026-10-09T02:49:16.007Z,10,OPERATING,74f17654-ceb1-4f12-9c19-ce6ed0587f33
tokyo_disneyland,tdl_fantasyland_poohs_hunny_hunt,2026-10-09T02:49:15.997Z,60,OPERATING,a88464b5-2cf5-4ef1-b38f-96e07b233bf2
tokyo_disneyland,tdl_tomorrowland_baymax_happy_ride,2026-10-09T02:49:16.025Z,70,OPERATING,ca00a0e8-f069-4d0a-9d5e-10cb63010956
tokyo_disneyland,tdl_critter_country_splash_mountain,2026-10-09T02:49:15.987Z,70,OPERATING,dfe25d8e-e234-4020-a261-30c6825d0680
tokyo_disneyland,tdl_westernland_big_thunder_mountain,2026-10-09T02:49:15.976Z,40,OPERATING,e3577b4a-f1d9-4ec5-aacf-b99977ea88c9
tokyo_disneyland,tdl_new_fantasyland_enchanted_tale_of_beauty_and_the_beast,2026-10-09T02:49:16.042Z,70,OPERATING,e76670f0-9f5f-4918-8491-9bf51e73a596
tokyo_disneyland,tdl_fantasyland_its_a_small_world,2026-10-09T02:53:25.689Z,10,OPERATING,0de1b543-46fd-4c3f-81c8-31d0cab9ef63
tokyo_disneyland,tdl_toontown_roger_rabbits_car_toon_spin,2026-10-09T02:52:16.175Z,20,OPERATING,73384e33-a86a-4601-996f-61dbffba6ec2
tokyo_disneyland,tdl_fantasyland_poohs_hunny_hunt,2026-10-09T02:53:25.702Z,50,OPERATING,a88464b5-2cf5-4ef1-b38f-96e07b233bf2
tokyo_disneyland,tdl_new_fantasyland_enchanted_tale_of_beauty_and_the_beast,2026-10-09T02:50:53.077Z,70,OPERATING,e76670f0-9f5f-4918-8491-9bf51e73a596
tokyo_disneyland,tdl_tomorrowland_monsters_inc_ride_and_go_seek,2026-10-09T02:56:59.463Z,40,OPERATING,4ed6a812-df04-4aa8-acb9-c6b164dbb706
tokyo_disneyland,tdl_adventureland_western_river_railroad,2026-10-09T02:58:37.194Z,10,OPERATING,6ee0697f-57ba-4c7b-8216-7c55b21288d4
tokyo_disneyland,tdl_fantasyland_poohs_hunny_hunt,2026-10-09T02:56:59.457Z,50,OPERATING,a88464b5-2cf5-4ef1-b38f-96e07b233bf2
tokyo_disneyland,tdl_tomorrowland_baymax_happy_ride,2026-10-09T02:56:59.470Z,70,OPERATING,ca00a0e8-f069-4d0a-9d5e-10cb63010956
tokyo_disneyland,tdl_critter_country_splash_mountain,2026-10-09T02:56:59.450Z,70,OPERATING,dfe25d8e-e234-4020-a261-30c6825d0680
tokyo_disneyland,tdl_westernland_big_thunder_mountain,2026-10-09T02:56:59.442Z,40,OPERATING,e3577b4a-f1d9-4ec5-aacf-b99977ea88c9
tokyo_disneyland,tdl_tomorrowland_monsters_inc_ride_and_go_seek,2026-10-09T03:01:58.971Z,40,OPERATING,4ed6a812-df04-4aa8-acb9-c6b164dbb706
tokyo_disneyland,tdl_fantasyland_poohs_hunny_hunt,2026-10-09T03:01:58.964Z,50,OPERATING,a88464b5-2cf5-4ef1-b38f-96e07b233bf2
tokyo_disneyland,tdl_tomorrowland_baymax_happy_ride,2026-10-09T03:05:02.635Z,60,OPERATING,ca00a0e8-f069-4d0a-9d5e-10cb63010956
tokyo_disneyland,tdl_critter_country_splash_mountain,2026-10-09T03:05:02.582Z,60,OPERATING,dfe25d8e-e234-4020-a261-30c6825d0680
tokyo_disneyland,tdl_westernland_big_thunder_mountain,2026-10-09T03:01:58.948Z,40,OPERATING,e3577b4a-f1d9-4ec5-aacf-b99977ea88c9
tokyo_disneyland,tdl_new_fantasyland_enchanted_tale_of_beauty_and_the_beast,2026-10-09T03:01:58.988Z,70,OPERATING,e76670f0-9f5f-4918-8491-9bf51e73a596
tokyo_disneyland,tdl_fantasyland_its_a_small_world,2026-10-09T03:08:24.370Z,15,OPERATING,0de1b543-46fd-4c3f-81c8-31d0cab9ef63
tokyo_disneyland,tdl_tomorrowland_monsters_inc_ride_and_go_seek,2026-10-09T03:09:51.819Z,40,OPERATING,4ed6a812-df04-4aa8-acb9-c6b164dbb706
tokyo_disneyland,tdl_adventureland_western_river_railroad,2026-10-09T03:05:54.678Z,15,OPERATING,6ee0697f-57ba-4c7b-8216-7c55b21288d4
tokyo_disneyland,tdl_fantasyland_snow_whites_adventures,2026-10-09T03:08:24.336Z,15,OPERATING,a853aadd-2337-435a-b0a3-2c03db96e5e1
tokyo_disneyland,tdl_fantasyland_poohs_hunny_hunt,2026-10-09T03:09:51.810Z,50,OPERATING,a88464b5-2cf5-4ef1-b38f-96e07b233bf2
tokyo_disneyland,tdl_tomorrowland_baymax_happy_ride,2026-10-09T03:05:54.703Z,60,OPERATING,ca00a0e8-f069-4d0a-9d5e-10cb63010956
tokyo_disneyland,tdl_critter_country_splash_mountain,2026-10-09T03:09:51.801Z,50,OPERATING,dfe25d8e-e234-4020-a261-30c6825d0680
tokyo_disneyland,tdl_westernland_big_thunder_mountain,2026-10-09T03:09:51.789Z,40,OPERATING,e3577b4a-f1d9-4ec5-aacf-b99977ea88c9
tokyo_disneyland,tdl_new_fantasyland_enchanted_tale_of_beauty_and_the_beast,2026-10-09T03:09:51.832Z,70,OPERATING,e76670f0-9f5f-4918-8491-9bf51e73a596
tokyo_disneyland,tdl_fantasyland_its_a_small_world,2026-10-09T03:14:27.325Z,10,OPERATING,0de1b543-46fd-4c3f-81c8-31d0cab9ef63
tokyo_disneyland,tdl_westernland_shooting_gallery,2026-10-09T03:12:32.384Z,10,OPERATING,4876ec54-92ed-4b0c-8b1b-292bba89c61c
tokyo_disneyland,tdl_tomorrowland_monsters_inc_ride_and_go_seek,2026-10-09T03:14:27.350Z,40,OPERATING,4ed6a812-df04-4aa8-acb9-c6b164dbb706
tokyo_disneyland,tdl_toontown_gadgets_go_coaster,2026-10-09T03:12:32.401Z,20,OPERATING,52c5e406-67e2-4d37-aee8-987644d87b63
tokyo_disneyland,tdl_fantasyland_poohs_hunny_hunt,2026-10-09T03:14:27.339Z,40,OPERATING,a88464b5-2cf5-4ef1-b38f-96e07b233bf2
tokyo_disneyland,tdl_tomorrowland_baymax_happy_ride,2026-10-09T03:14:27.359Z,50,OPERATING,ca00a0e8-f069-4d0a-9d5e-10cb63010956
tokyo_disneyland,tdl_critter_country_splash_mountain,2026-10-09T03:11:22.114Z,50,OPERATING,dfe25d8e-e234-4020-a261-30c6825d0680
tokyo_disneyland,tdl_westernland_big_thunder_mountain,2026-10-09T03:14:27.311Z,40,OPERATING,e3577b4a-f1d9-4ec5-aacf-b99977ea88c9
tokyo_disneyland,tdl_new_fantasyland_enchanted_tale_of_beauty_and_the_beast,2026-10-09T03:14:27.368Z,60,OPERATING,e76670f0-9f5f-4918-8491-9bf51e73a596
tokyo_disneyland,tdl_westernland_shooting_gallery,2026-10-09T03:19:18.984Z,15,OPERATING,4876ec54-92ed-4b0c-8b1b-292bba89c61c
tokyo_disneyland,tdl_tomorrowland_monsters_inc_ride_and_go_seek,2026-10-09T03:17:34.254Z,50,OPERATING,4ed6a812-df04-4aa8-acb9-c6b164dbb706
tokyo_disneyland,tdl_tomorrowland_baymax_happy_ride,2026-10-09T03:16:22.832Z,50,OPERATING,ca00a0e8-f069-4d0a-9d5e-10cb63010956
tokyo_disneyland,tdl_critter_country_splash_mountain,2026-10-09T03:17:34.243Z,40,OPERATING,dfe25d8e-e234-4020-a261-30c6825d0680
tokyo_disneyland,tdl_new_fantasyland_enchanted_tale_of_beauty_and_the_beast,2026-10-09T03:16:22.841Z,60,OPERATING,e76670f0-9f5f-4918-8491-9bf51e73a596
tokyo_disneyland,tdl_critter_country_beaver_brothers_explorer_canoes,2026-10-09T03:23:06.347Z,15,OPERATING,037a13bf-b06e-4902-aa12-02d758d1718d
tokyo_disneyland,tdl_fantasyland_castle_carrousel,2026-10-09T03:23:06.356Z,10,OPERATING,1fb05b7d-953a-4fa7-b7ed-db2eb62b85bf
tokyo_disneyland,tdl_tomorrowland_monsters_inc_ride_and_go_seek,2026-10-09T03:23:06.381Z,50,OPERATING,4ed6a812-df04-4aa8-acb9-c6b164dbb706
tokyo_disneyland,tdl_toontown_gadgets_go_coaster,2026-10-09T03:23:06.373Z,15,OPERATING,52c5e406-67e2-4d37-aee8-987644d87b63
tokyo_disneyland,tdl_fantasyland_poohs_hunny_hunt,2026-10-09T03:23:06.365Z,40,OPERATING,a88464b5-2cf5-4ef1-b38f-96e07b233bf2
tokyo_disneyland,tdl_critter_country_splash_mountain,2026-10-09T03:23:06.337Z,40,OPERATING,dfe25d8e-e234-4020-a261-30c6825d0680
tokyo_disneyland,tdl_westernland_big_thunder_mountain,2026-10-09T03:23:06.328Z,40,OPERATING,e3577b4a-f1d9-4ec5-aacf-b99977ea88c9
tokyo_disneyland,tdl_new_fantasyland_enchanted_tale_of_beauty_and_the_beast,2026-10-09T03:23:06.389Z,70,OPERATING,e76670f0-9f5f-4918-8491-9bf51e73a596
tokyo_disneyland,tdl_critter_country_beaver_brothers_explorer_canoes,2026-10-09T03:29:19.786Z,20,OPERATING,037a13bf-b06e-4902-aa12-02d758d1718d
tokyo_disneyland,tdl_tomorrowland_monsters_inc_ride_and_go_seek,2026-10-09T03:26:51.332Z,50,OPERATING,4ed6a812-df04-4aa8-acb9-c6b164dbb706
tokyo_disneyland,tdl_fantasyland_pinocchios_daring_journey,2026-10-09T03:25:43.176Z,5,OPERATING,6922377e-0ff4-481f-9da3-35051938732a
tokyo_disneyland,tdl_adventureland_western_river_railroad,2026-10-09T03:25:43.158Z,10,OPERATING,6ee0697f-57ba-4c7b-8216-7c55b21288d4
tokyo_disneyland,tdl_toontown_goofys_paint_and_play_house,2026-10-09T03:25:43.183Z,5,OPERATING,74f17654-ceb1-4f12-9c19-ce6ed0587f33
tokyo_disneyland,tdl_fantasyland_poohs_hunny_hunt,2026-10-09T03:26:51.316Z,40,OPERATING,a88464b5-2cf5-4ef1-b38f-96e07b233bf2
tokyo_disneyland,tdl_tomorrowland_baymax_happy_ride,2026-10-09T03:26:51.341Z,50,OPERATING,ca00a0e8-f069-4d0a-9d5e-10cb63010956
tokyo_disneyland,tdl_critter_country_splash_mountain,2026-10-09T03:26:51.305Z,50,OPERATING,dfe25d8e-e234-4020-a261-30c6825d0680
tokyo_disneyland,tdl_westernland_big_thunder_mountain,2026-10-09T03:26:51.295Z,40,OPERATING,e3577b4a-f1d9-4ec5-aacf-b99977ea88c9
tokyo_disneyland,tdl_new_fantasyland_enchanted_tale_of_beauty_and_the_beast,2026-10-09T03:26:51.350Z,70,OPERATING,e76670f0-9f5f-4918-8491-9bf51e73a596
tokyo_disneyland,tdl_fantasyland_alices_tea_party,2026-10-09T03:29:56.584Z,5,OPERATING,cfaa7d1c-111e-49b9-b21b-134eac4000e8
tokyo_disneyland,tdl_critter_country_beaver_brothers_explorer_canoes,2026-10-09T03:36:14.038Z,15,OPERATING,037a13bf-b06e-4902-aa12-02d758d1718d
tokyo_disneyland,tdl_westernland_shooting_gallery,2026-10-09T03:38:30.742Z,10,OPERATING,4876ec54-92ed-4b0c-8b1b-292bba89c61c
tokyo_disneyland,tdl_tomorrowland_monsters_inc_ride_and_go_seek,2026-10-09T03:36:14.053Z,50,OPERATING,4ed6a812-df04-4aa8-acb9-c6b164dbb706
tokyo_disneyland,tdl_adventureland_western_river_railroad,2026-10-09T03:38:30.731Z,5,OPERATING,6ee0697f-57ba-4c7b-8216-7c55b21288d4
tokyo_disneyland,tdl_tomorrowland_baymax_happy_ride,2026-10-09T03:36:14.059Z,50,OPERATING,ca00a0e8-f069-4d0a-9d5e-10cb63010956
tokyo_disneyland,tdl_critter_country_splash_mountain,2026-10-09T03:36:16.664Z,60,OPERATING,dfe25d8e-e234-4020-a261-30c6825d0680
tokyo_disneyland,tdl_adventureland_jungle_cruise,2026-10-09T03:36:14.011Z,15,OPERATING,e0887415-3da2-458c-8b88-0691e6b8ab63
tokyo_disneyland,tdl_westernland_big_thunder_mountain,2026-10-09T03:36:14.021Z,40,OPERATING,e3577b4a-f1d9-4ec5-aacf-b99977ea88c9
tokyo_disneyland,tdl_new_fantasyland_enchanted_tale_of_beauty_and_the_beast,2026-10-09T03:36:14.066Z,70,OPERATING,e76670f0-9f5f-4918-8491-9bf51e73a596
tokyo_disneyland,tdl_critter_country_beaver_brothers_explorer_canoes,2026-10-09T03:42:12.926Z,20,OPERATING,037a13bf-b06e-4902-aa12-02d758d1718d
tokyo_disneyland,tdl_tomorrowland_monsters_inc_ride_and_go_seek,2026-10-09T03:42:49.146Z,40,OPERATING,4ed6a812-df04-4aa8-acb9-c6b164dbb706
tokyo_disneyland,tdl_toontown_goofys_paint_and_play_house,2026-10-09T03:42:12.939Z,15,OPERATING,74f17654-ceb1-4f12-9c19-ce6ed0587f33
tokyo_disneyland,tdl_tomorrowland_baymax_happy_ride,2026-10-09T03:45:39.561Z,60,OPERATING,ca00a0e8-f069-4d0a-9d5e-10cb63010956
tokyo_disneyland,tdl_westernland_big_thunder_mountain,2026-10-09T03:42:49.137Z,40,OPERATING,e3577b4a-f1d9-4ec5-aacf-b99977ea88c9
tokyo_disneyland,tdl_fantasyland_peter_pans_flight,2026-10-09T03:44:58.343Z,25,OPERATING,e541ad8f-1457-469a-8f35-457555f475ad
tokyo_disneyland,tdl_new_fantasyland_enchanted_tale_of_beauty_and_the_beast,2026-10-09T03:42:49.158Z,70,OPERATING,e76670f0-9f5f-4918-8491-9bf51e73a596
tokyo_disneyland,tdl_tomorrowland_monsters_inc_ride_and_go_seek,2026-10-09T03:48:44.810Z,40,OPERATING,4ed6a812-df04-4aa8-acb9-c6b164dbb706
tokyo_disneyland,tdl_tomorrowland_baymax_happy_ride,2026-10-09T03:48:44.818Z,60,OPERATING,ca00a0e8-f069-4d0a-9d5e-10cb63010956
tokyo_disneyland,tdl_critter_country_splash_mountain,2026-10-09T03:48:44.792Z,60,OPERATING,dfe25d8e-e234-4020-a261-30c6825d0680
tokyo_disneyland,tdl_westernland_big_thunder_mountain,2026-10-09T03:48:44.782Z,40,OPERATING,e3577b4a-f1d9-4ec5-aacf-b99977ea88c9
tokyo_disneyland,tdl_new_fantasyland_enchanted_tale_of_beauty_and_the_beast,2026-10-09T03:48:44.826Z,70,OPERATING,e76670f0-9f5f-4918-8491-9bf51e73a596
tokyo_disneyland,tdl_adventureland_pirates_of_the_caribbean,2026-10-09T03:51:14.241Z,10,OPERATING,52eb0fc9-5853-49c8-8c72-1e5e83aae1c1
tokyo_disneyland,tdl_toontown_goofys_paint_and_play_house,2026-10-09T03:51:14.251Z,10,OPERATING,74f17654-ceb1-4f12-9c19-ce6ed0587f33
tokyo_disneyland,tdl_critter_country_beaver_brothers_explorer_canoes,2026-10-09T03:54:58.484Z,15,OPERATING,037a13bf-b06e-4902-aa12-02d758d1718d
tokyo_disneyland,tdl_fantasyland_castle_carrousel,2026-10-09T03:54:58.503Z,15,OPERATING,1fb05b7d-953a-4fa7-b7ed-db2eb62b85bf
tokyo_disneyland,tdl_tomorrowland_monsters_inc_ride_and_go_seek,2026-10-09T03:55:23.560Z,40,OPERATING,4ed6a812-df04-4aa8-acb9-c6b164dbb706
tokyo_disneyland,tdl_fantasyland_pinocchios_daring_journey,2026-10-09T03:54:58.494Z,10,OPERATING,6922377e-0ff4-481f-9da3-35051938732a
tokyo_disneyland,tdl_toontown_roger_rabbits_car_toon_spin,2026-10-09T03:54:58.511Z,15,OPERATING,73384e33-a86a-4601-996f-61dbffba6ec2
tokyo_disneyland,tdl_toontown_goofys_paint_and_play_house,2026-10-09T03:58:16.135Z,5,OPERATING,74f17654-ceb1-4f12-9c19-ce6ed0587f33
tokyo_disneyland,tdl_tomorrowland_baymax_happy_ride,2026-10-09T03:55:23.566Z,70,OPERATING,ca00a0e8-f069-4d0a-9d5e-10cb63010956
tokyo_disneyland,tdl_critter_country_splash_mountain,2026-10-09T03:55:23.546Z,60,OPERATING,dfe25d8e-e234-4020-a261-30c6825d0680
tokyo_disneyland,tdl_adventureland_jungle_cruise,2026-10-09T03:58:16.125Z,10,OPERATING,e0887415-3da2-458c-8b88-0691e6b8ab63
tokyo_disneyland,tdl_westernland_big_thunder_mountain,2026-10-09T03:55:23.537Z,30,OPERATING,e3577b4a-f1d9-4ec5-aacf-b99977ea88c9
tokyo_disneyland,tdl_new_fantasyland_enchanted_tale_of_beauty_and_the_beast,2026-10-09T03:55:23.572Z,70,OPERATING,e76670f0-9f5f-4918-8491-9bf51e73a596
tokyo_disneyland,tdl_critter_country_beaver_brothers_explorer_canoes,2026-10-09T04:02:14.737Z,5,OPERATING,037a13bf-b06e-4902-aa12-02d758d1718d
tokyo_disneyland,tdl_tomorrowland_monsters_inc_ride_and_go_seek,2026-10-09T04:03:50.928Z,50,OPERATING,4ed6a812-df04-4aa8-acb9-c6b164dbb706
tokyo_disneyland,tdl_toontown_gadgets_go_coaster,2026-10-09T04:03:50.920Z,10,OPERATING,52c5e406-67e2-4d37-aee8-987644d87b63
tokyo_disneyland,tdl_toontown_roger_rabbits_car_toon_spin,2026-10-09T04:02:14.744Z,10,OPERATING,73384e33-a86a-4601-996f-61dbffba6ec2
tokyo_disneyland,tdl_fantasyland_snow_whites_adventures,2026-10-09T04:03:50.910Z,10,OPERATING,a853aadd-2337-435a-b0a3-2c03db96e5e1
tokyo_disneyland,tdl_tomorrowland_baymax_happy_ride,2026-10-09T04:01:26.903Z,70,OPERATING,ca00a0e8-f069-4d0a-9d5e-10cb63010956
tokyo_disneyland,tdl_critter_country_splash_mountain,2026-10-09T04:02:14.730Z,50,OPERATING,dfe25d8e-e234-4020-a261-30c6825d0680
tokyo_disneyland,tdl_westernland_big_thunder_mountain,2026-10-09T04:01:26.867Z,30,OPERATING,e3577b4a-f1d9-4ec5-aacf-b99977ea88c9
tokyo_disneyland,tdl_new_fantasyland_enchanted_tale_of_beauty_and_the_beast,2026-10-09T04:01:26.911Z,70,OPERATING,e76670f0-9f5f-4918-8491-9bf51e73a596
tokyo_disneyland,tdl_fantasyland_its_a_small_world,2026-10-09T04:07:23.436Z,5,OPERATING,0de1b543-46fd-4c3f-81c8-31d0cab9ef63
tokyo_disneyland,tdl_fantasyland_castle_carrousel,2026-10-09T04:09:45.863Z,5,OPERATING,1fb05b7d-953a-4fa7-b7ed-db2eb62b85bf
tokyo_disneyland,tdl_westernland_shooting_gallery,2026-10-09T04:07:23.420Z,5,OPERATING,4876ec54-92ed-4b0c-8b1b-292bba89c61c
tokyo_disneyland,tdl_tomorrowland_monsters_inc_ride_and_go_seek,2026-10-09T04:08:06.343Z,50,OPERATING,4ed6a812-df04-4aa8-acb9-c6b164dbb706
tokyo_disneyland,tdl_fantasyland_pinocchios_daring_journey,2026-10-09T04:09:45.857Z,5,OPERATING,6922377e-0ff4-481f-9da3-35051938732a
tokyo_disneyland,tdl_toontown_roger_rabbits_car_toon_spin,2026-10-09T04:09:45.870Z,15,OPERATING,73384e33-a86a-4601-996f-61dbffba6ec2
tokyo_disneyland,tdl_tomorrowland_baymax_happy_ride,2026-10-09T04:08:06.349Z,70,OPERATING,ca00a0e8-f069-4d0a-9d5e-10cb63010956
tokyo_disneyland,tdl_critter_country_splash_mountain,2026-10-09T04:09:45.851Z,60,OPERATING,dfe25d8e-e234-4020-a261-30c6825d0680
tokyo_disneyland,tdl_westernland_big_thunder_mountain,2026-10-09T04:09:45.842Z,40,OPERATING,e3577b4a-f1d9-4ec5-aacf-b99977ea88c9
tokyo_disneyland,tdl_new_fantasyland_enchanted_tale_of_beauty_and_the_beast,2026-10-09T04:08:06.355Z,70,OPERATING,e76670f0-9f5f-4918-8491-9bf51e73a596
tokyo_disneyland,tdl_tomorrowland_monsters_inc_ride_and_go_seek,2026-10-09T04:13:10.387Z,50,OPERATING,4ed6a812-df04-4aa8-acb9-c6b164dbb706
tokyo_disneyland,tdl_toontown_gadgets_go_coaster,2026-10-09T04:13:10.379Z,5,OPERATING,52c5e406-67e2-4d37-aee8-987644d87b63
tokyo_disneyland,tdl_tomorrowland_baymax_happy_ride,2026-10-09T04:13:10.396Z,70,OPERATING,ca00a0e8-f069-4d0a-9d5e-10cb63010956
tokyo_disneyland,tdl_critter_country_splash_mountain,2026-10-09T04:13:10.363Z,60,OPERATING,dfe25d8e-e234-4020-a261-30c6825d0680
tokyo_disneyland,tdl_westernland_big_thunder_mountain,2026-10-09T04:13:10.354Z,40,OPERATING,e3577b4a-f1d9-4ec5-aacf-b99977ea88c9
tokyo_disneyland,tdl_new_fantasyland_enchanted_tale_of_beauty_and_the_beast,2026-10-09T04:13:47.495Z,80,OPERATING,e76670f0-9f5f-4918-8491-9bf51e73a596
tokyo_disneyland,tdl_fantasyland_castle_carrousel,2026-10-09T04:21:19.348Z,10,OPERATING,1fb05b7d-953a-4fa7-b7ed-db2eb62b85bf
tokyo_disneyland,tdl_westernland_shooting_gallery,2026-10-09T04:23:20.853Z,10,OPERATING,4876ec54-92ed-4b0c-8b1b-292bba89c61c
tokyo_disneyland,tdl_tomorrowland_monsters_inc_ride_and_go_seek,2026-10-09T04:23:20.977Z,50,OPERATING,4ed6a812-df04-4aa8-acb9-c6b164dbb706
tokyo_disneyland,tdl_adventureland_western_river_railroad,2026-10-09T04:23:20.827Z,10,OPERATING,6ee0697f-57ba-4c7b-8216-7c55b21288d4
tokyo_disneyland,tdl_fantasyland_snow_whites_adventures,2026-10-09T04:21:19.339Z,15,OPERATING,a853aadd-2337-435a-b0a3-2c03db96e5e1
tokyo_disneyland,tdl_tomorrowland_baymax_happy_ride,2026-10-09T04:23:20.993Z,70,OPERATING,ca00a0e8-f069-4d0a-9d5e-10cb63010956
tokyo_disneyland,tdl_critter_country_splash_mountain,2026-10-09T04:23:20.906Z,70,OPERATING,dfe25d8e-e234-4020-a261-30c6825d0680
tokyo_disneyland,tdl_westernland_big_thunder_mountain,2026-10-09T04:23:20.879Z,50,OPERATING,e3577b4a-f1d9-4ec5-aacf-b99977ea88c9
tokyo_disneyland,tdl_fantasyland_peter_pans_flight,2026-10-09T04:23:20.926Z,30,OPERATING,e541ad8f-1457-469a-8f35-457555f475ad
tokyo_disneyland,tdl_new_fantasyland_enchanted_tale_of_beauty_and_the_beast,2026-10-09T04:22:31.100Z,90,OPERATING,e76670f0-9f5f-4918-8491-9bf51e73a596
tokyo_disneyland,tdl_critter_country_beaver_brothers_explorer_canoes,2026-10-09T04:28:19.511Z,10,OPERATING,037a13bf-b06e-4902-aa12-02d758d1718d
tokyo_disneyland,tdl_westernland_shooting_gallery,2026-10-09T04:25:53.562Z,15,OPERATING,4876ec54-92ed-4b0c-8b1b-292bba89c61c
tokyo_disneyland,tdl_tomorrowland_monsters_inc_ride_and_go_seek,2026-10-09T04:28:54.472Z,40,OPERATING,4ed6a812-df04-4aa8-acb9-c6b164dbb706
tokyo_disneyland,tdl_critter_country_splash_mountain,2026-10-09T04:25:53.584Z,70,OPERATING,dfe25d8e-e234-4020-a261-30c6825d0680
tokyo_disneyland,tdl_adventureland_jungle_cruise,2026-10-09T04:25:53.552Z,15,OPERATING,e0887415-3da2-458c-8b88-0691e6b8ab63
tokyo_disneyland,tdl_westernland_big_thunder_mountain,2026-10-09T04:25:53.576Z,50,OPERATING,e3577b4a-f1d9-4ec5-aacf-b99977ea88c9
tokyo_disneyland,tdl_critter_country_beaver_brothers_explorer_canoes,2026-10-09T04:32:24.858Z,15,OPERATING,037a13bf-b06e-4902-aa12-02d758d1718d
tokyo_disneyland,tdl_adventureland_western_river_railroad,2026-10-09T04:30:48.806Z,15,OPERATING,6ee0697f-57ba-4c7b-8216-7c55b21288d4
tokyo_disneyland,tdl_toontown_roger_rabbits_car_toon_spin,2026-10-09T04:32:24.888Z,20,OPERATING,73384e33-a86a-4601-996f-61dbffba6ec2
tokyo_disneyland,tdl_fantasyland_snow_whites_adventures,2026-10-09T04:30:48.821Z,20,OPERATING,a853aadd-2337-435a-b0a3-2c03db96e5e1
tokyo_disneyland,tdl_tomorrowland_baymax_happy_ride,2026-10-09T04:32:24.897Z,70,OPERATING,ca00a0e8-f069-4d0a-9d5e-10cb63010956
tokyo_disneyland,tdl_new_fantasyland_enchanted_tale_of_beauty_and_the_beast,2026-10-09T04:32:24.905Z,90,OPERATING,e76670f0-9f5f-4918-8491-9bf51e73a596
tokyo_disneyland,tdl_tomorrowland_monsters_inc_ride_and_go_seek,2026-10-09T04:34:37.733Z,40,OPERATING,4ed6a812-df04-4aa8-acb9-c6b164dbb706
tokyo_disneyland,tdl_adventureland_pirates_of_the_caribbean,2026-10-09T04:35:10.509Z,20,OPERATING,52eb0fc9-5853-49c8-8c72-1e5e83aae1c1
tokyo_disneyland,tdl_fantasyland_snow_whites_adventures,2026-10-09T04:37:05.351Z,15,OPERATING,a853aadd-2337-435a-b0a3-2c03db96e5e1
tokyo_disneyland,tdl_tomorrowland_baymax_happy_ride,2026-10-09T04:34:37.743Z,70,OPERATING,ca00a0e8-f069-4d0a-9d5e-10cb63010956
tokyo_disneyland,tdl_world_bazaar_omnibus,2026-10-09T04:37:05.340Z,5,OPERATING,cf1e721e-ba51-4e48-a2bc-b07883091e88
tokyo_disneyland,tdl_critter_country_splash_mountain,2026-10-09T04:34:37.706Z,70,OPERATING,dfe25d8e-e234-4020-a261-30c6825d0680
tokyo_disneyland,tdl_westernland_big_thunder_mountain,2026-10-09T04:35:10.519Z,40,OPERATING,e3577b4a-f1d9-4ec5-aacf-b99977ea88c9
tokyo_disneyland,tdl_fantasyland_peter_pans_flight,2026-10-09T04:34:37.715Z,40,OPERATING,e541ad8f-1457-469a-8f35-457555f475ad
tokyo_disneyland,tdl_new_fantasyland_enchanted_tale_of_beauty_and_the_beast,2026-10-09T04:38:12.229Z,100,OPERATING,e76670f0-9f5f-4918-8491-9bf51e73a596
tokyo_disneyland,tdl_fantasyland_its_a_small_world,2026-10-09T04:40:47.993Z,10,OPERATING,0de1b543-46fd-4c3f-81c8-31d0cab9ef63
tokyo_disneyland,tdl_fantasyland_castle_carrousel,2026-10-09T04:44:14.620Z,15,OPERATING,1fb05b7d-953a-4fa7-b7ed-db2eb62b85bf
tokyo_disneyland,tdl_tomorrowland_monsters_inc_ride_and_go_seek,2026-10-09T04:44:14.633Z,50,OPERATING,4ed6a812-df04-4aa8-acb9-c6b164dbb706
tokyo_disneyland,tdl_toontown_gadgets_go_coaster,2026-10-09T04:41:17.753Z,20,OPERATING,52c5e406-67e2-4d37-aee8-987644d87b63
tokyo_disneyland,tdl_fantasyland_pinocchios_daring_journey,2026-10-09T04:44:14.613Z,15,OPERATING,6922377e-0ff4-481f-9da3-35051938732a
tokyo_disneyland,tdl_toontown_roger_rabbits_car_toon_spin,2026-10-09T04:41:17.743Z,30,OPERATING,73384e33-a86a-4601-996f-61dbffba6ec2
tokyo_disneyland,tdl_toontown_goofys_paint_and_play_house,2026-10-09T04:41:17.762Z,10,OPERATING,74f17654-ceb1-4f12-9c19-ce6ed0587f33
tokyo_disneyland,tdl_tomorrowland_baymax_happy_ride,2026-10-09T04:44:14.639Z,70,OPERATING,ca00a0e8-f069-4d0a-9d5e-10cb63010956
tokyo_disneyland,tdl_critter_country_splash_mountain,2026-10-09T04:44:14.603Z,70,OPERATING,dfe25d8e-e234-4020-a261-30c6825d0680
tokyo_disneyland,tdl_adventureland_jungle_cruise,2026-10-09T04:41:17.725Z,25,OPERATING,e0887415-3da2-458c-8b88-0691e6b8ab63
tokyo_disneyland,tdl_fantasyland_peter_pans_flight,2026-10-09T04:41:17.734Z,30,OPERATING,e541ad8f-1457-469a-8f35-457555f475ad
tokyo_disneyland,tdl_new_fantasyland_enchanted_tale_of_beauty_and_the_beast,2026-10-09T04:44:14.646Z,120,OPERATING,e76670f0-9f5f-4918-8491-9bf51e73a596
tokyo_disneyland,tdl_critter_country_beaver_brothers_explorer_canoes,2026-10-09T04:47:39.274Z,30,OPERATING,037a13bf-b06e-4902-aa12-02d758d1718d
tokyo_disneyland,tdl_fantasyland_its_a_small_world,2026-10-09T04:47:39.280Z,15,OPERATING,0de1b543-46fd-4c3f-81c8-31d0cab9ef63
tokyo_disneyland,tdl_fantasyland_mickeys_philharmagic,2026-10-09T04:49:07.938Z,10,OPERATING,392ca2e8-afe0-4103-b296-c45bd373d036
tokyo_disneyland,tdl_tomorrowland_monsters_inc_ride_and_go_seek,2026-10-09T04:48:30.051Z,50,OPERATING,4ed6a812-df04-4aa8-acb9-c6b164dbb706
tokyo_disneyland,tdl_adventureland_pirates_of_the_caribbean,2026-10-09T04:49:07.919Z,15,OPERATING,52eb0fc9-5853-49c8-8c72-1e5e83aae1c1
tokyo_disneyland,tdl_toontown_roger_rabbits_car_toon_spin,2026-10-09T04:49:07.945Z,25,OPERATING,73384e33-a86a-4601-996f-61dbffba6ec2
tokyo_disneyland,tdl_fantasyland_snow_whites_adventures,2026-10-09T04:49:07.930Z,20,OPERATING,a853aadd-2337-435a-b0a3-2c03db96e5e1
tokyo_disneyland,tdl_tomorrowland_baymax_happy_ride,2026-10-09T04:48:30.058Z,70,OPERATING,ca00a0e8-f069-4d0a-9d5e-10cb63010956
tokyo_disneyland,tdl_critter_country_splash_mountain,2026-10-09T04:48:30.037Z,80,OPERATING,dfe25d8e-e234-4020-a261-30c6825d0680
tokyo_disneyland,tdl_westernland_big_thunder_mountain,2026-10-09T04:48:30.028Z,40,OPERATING,e3577b4a-f1d9-4ec5-aacf-b99977ea88c9
tokyo_disneyland,tdl_new_fantasyland_enchanted_tale_of_beauty_and_the_beast,2026-10-09T04:48:30.064Z,120,OPERATING,e76670f0-9f5f-4918-8491-9bf51e73a596
tokyo_disneyland,tdl_westernland_shooting_gallery,2026-10-09T04:52:16.702Z,10,OPERATING,4876ec54-92ed-4b0c-8b1b-292bba89c61c
tokyo_disneyland,tdl_adventureland_western_river_railroad,2026-10-09T04:52:16.688Z,20,OPERATING,6ee0697f-57ba-4c7b-8216-7c55b21288d4
tokyo_disneyland,tdl_critter_country_beaver_brothers_explorer_canoes,2026-10-09T04:59:27.312Z,35,OPERATING,037a13bf-b06e-4902-aa12-02d758d1718d
tokyo_disneyland,tdl_tomorrowland_monsters_inc_ride_and_go_seek,2026-10-09T04:56:25.785Z,50,OPERATING,4ed6a812-df04-4aa8-acb9-c6b164dbb706
tokyo_disneyland,tdl_tomorrowland_baymax_happy_ride,2026-10-09T04:56:25.793Z,70,OPERATING,ca00a0e8-f069-4d0a-9d5e-10cb63010956
tokyo_disneyland,tdl_critter_country_splash_mountain,2026-10-09T04:56:25.770Z,80,OPERATING,dfe25d8e-e234-4020-a261-30c6825d0680
tokyo_disneyland,tdl_westernland_big_thunder_mountain,2026-10-09T04:56:25.762Z,40,OPERATING,e3577b4a-f1d9-4ec5-aacf-b99977ea88c9
tokyo_disneyland,tdl_new_fantasyland_enchanted_tale_of_beauty_and_the_beast,2026-10-09T04:59:27.328Z,100,OPERATING,e76670f0-9f5f-4918-8491-9bf51e73a596
tokyo_disneyland,tdl_fantasyland_castle_carrousel,2026-10-09T05:02:11.090Z,20,OPERATING,1fb05b7d-953a-4fa7-b7ed-db2eb62b85bf
tokyo_disneyland,tdl_tomorrowland_monsters_inc_ride_and_go_seek,2026-10-09T05:02:57.133Z,60,OPERATING,4ed6a812-df04-4aa8-acb9-c6b164dbb706
tokyo_disneyland,tdl_adventureland_western_river_railroad,2026-10-09T05:02:11.062Z,15,OPERATING,6ee0697f-57ba-4c7b-8216-7c55b21288d4
tokyo_disneyland,tdl_tomorrowland_baymax_happy_ride,2026-10-09T05:04:57.077Z,60,OPERATING,ca00a0e8-f069-4d0a-9d5e-10cb63010956
tokyo_disneyland,tdl_critter_country_splash_mountain,2026-10-09T05:02:11.081Z,80,OPERATING,dfe25d8e-e234-4020-a261-30c6825d0680
tokyo_disneyland,tdl_westernland_big_thunder_mountain,2026-10-09T05:02:11.074Z,40,OPERATING,e3577b4a-f1d9-4ec5-aacf-b99977ea88c9
tokyo_disneyland,tdl_new_fantasyland_enchanted_tale_of_beauty_and_the_beast,2026-10-09T05:02:11.124Z,100,OPERATING,e76670f0-9f5f-4918-8491-9bf51e73a596
tokyo_disneyland,tdl_critter_country_beaver_brothers_explorer_canoes,2026-10-09T05:09:09.503Z,40,OPERATING,037a13bf-b06e-4902-aa12-02d758d1718d
tokyo_disneyland,tdl_toontown_goofys_paint_and_play_house,2026-10-09T05:08:22.262Z,5,OPERATING,74f17654-ceb1-4f12-9c19-ce6ed0587f33
tokyo_disneyland,tdl_tomorrowland_baymax_happy_ride,2026-10-09T05:05:50.145Z,60,OPERATING,ca00a0e8-f069-4d0a-9d5e-10cb63010956
tokyo_disneyland,tdl_fantasyland_alices_tea_party,2026-10-09T05:05:50.136Z,10,OPERATING,cfaa7d1c-111e-49b9-b21b-134eac4000e8
tokyo_disneyland,tdl_critter_country_splash_mountain,2026-10-09T05:09:09.493Z,80,OPERATING,dfe25d8e-e234-4020-a261-30c6825d0680
tokyo_disneyland,tdl_westernland_big_thunder_mountain,2026-10-09T05:09:09.481Z,40,OPERATING,e3577b4a-f1d9-4ec5-aacf-b99977ea88c9
tokyo_disneyland,tdl_new_fantasyland_enchanted_tale_of_beauty_and_the_beast,2026-10-09T05:09:09.526Z,100,OPERATING,e76670f0-9f5f-4918-8491-9bf51e73a596
tokyo_disneyland,tdl_fantasyland_castle_carrousel,2026-10-09T05:13:57.479Z,15,OPERATING,1fb05b7d-953a-4fa7-b7ed-db2eb62b85bf
tokyo_disneyland,tdl_tomorrowland_monsters_inc_ride_and_go_seek,2026-10-09T05:13:57.506Z,60,OPERATING,4ed6a812-df04-4aa8-acb9-c6b164dbb706
tokyo_disneyland,tdl_toontown_roger_rabbits_car_toon_spin,2026-10-09T05:13:57.497Z,30,OPERATING,73384e33-a86a-4601-996f-61dbffba6ec2
tokyo_disneyland,tdl_toontown_goofys_paint_and_play_house,2026-10-09T05:12:38.431Z,10,OPERATING,74f17654-ceb1-4f12-9c19-ce6ed0587f33
tokyo_disneyland,tdl_tomorrowland_baymax_happy_ride,2026-10-09T05:13:57.514Z,60,OPERATING,ca00a0e8-f069-4d0a-9d5e-10cb63010956
tokyo_disneyland,tdl_critter_country_splash_mountain,2026-10-09T05:13:57.471Z,70,OPERATING,dfe25d8e-e234-4020-a261-30c6825d0680
tokyo_disneyland,tdl_westernland_big_thunder_mountain,2026-10-09T05:13:57.462Z,40,OPERATING,e3577b4a-f1d9-4ec5-aacf-b99977ea88c9
tokyo_disneyland,tdl_new_fantasyland_enchanted_tale_of_beauty_and_the_beast,2026-10-09T05:13:57.527Z,90,OPERATING,e76670f0-9f5f-4918-8491-9bf51e73a596
tokyo_disneyland,tdl_critter_country_beaver_brothers_explorer_canoes,2026-10-09T05:18:29.988Z,45,OPERATING,037a13bf-b06e-4902-aa12-02d758d1718d
tokyo_disneyland,tdl_fantasyland_its_a_small_world,2026-10-09T05:18:29.996Z,10,OPERATING,0de1b543-46fd-4c3f-81c8-31d0cab9ef63
tokyo_disneyland,tdl_critter_country_splash_mountain,2026-10-09T05:15:35.385Z,70,OPERATING,dfe25d8e-e234-4020-a261-30c6825d0680
tokyo_disneyland,tdl_critter_country_beaver_brothers_explorer_canoes,2026-10-09T05:21:38.867Z,40,OPERATING,037a13bf-b06e-4902-aa12-02d758d1718d
tokyo_disneyland,tdl_westernland_shooting_gallery,2026-10-09T05:19:58.028Z,15,OPERATING,4876ec54-92ed-4b0c-8b1b-292bba89c61c
tokyo_disneyland,tdl_tomorrowland_monsters_inc_ride_and_go_seek,2026-10-09T05:21:38.886Z,60,OPERATING,4ed6a812-df04-4aa8-acb9-c6b164dbb706
tokyo_disneyland,tdl_adventureland_pirates_of_the_caribbean,2026-10-09T05:19:58.017Z,20,OPERATING,52eb0fc9-5853-49c8-8c72-1e5e83aae1c1
tokyo_disneyland,tdl_adventureland_western_river_railroad,2026-10-09T05:22:28.341Z,20,OPERATING,6ee0697f-57ba-4c7b-8216-7c55b21288d4
tokyo_disneyland,tdl_tomorrowland_baymax_happy_ride,2026-10-09T05:21:38.893Z,60,OPERATING,ca00a0e8-f069-4d0a-9d5e-10cb63010956
tokyo_disneyland,tdl_westernland_big_thunder_mountain,2026-10-09T05:21:38.859Z,40,OPERATING,e3577b4a-f1d9-4ec5-aacf-b99977ea88c9
tokyo_disneyland,tdl_new_fantasyland_enchanted_tale_of_beauty_and_the_beast,2026-10-09T05:21:38.900Z,90,OPERATING,e76670f0-9f5f-4918-8491-9bf51e73a596
tokyo_disneyland,tdl_critter_country_beaver_brothers_explorer_canoes,2026-10-09T05:24:42.176Z,25,OPERATING,037a13bf-b06e-4902-aa12-02d758d1718d
tokyo_disneyland,tdl_tomorrowland_monsters_inc_ride_and_go_seek,2026-10-09T05:30:36.686Z,50,OPERATING,4ed6a812-df04-4aa8-acb9-c6b164dbb706
tokyo_disneyland,tdl_toontown_gadgets_go_coaster,2026-10-09T05:27:35.715Z,25,OPERATING,52c5e406-67e2-4d37-aee8-987644d87b63
tokyo_disneyland,tdl_adventureland_pirates_of_the_caribbean,2026-10-09T05:30:36.674Z,15,OPERATING,52eb0fc9-5853-49c8-8c72-1e5e83aae1c1
tokyo_disneyland,tdl_tomorrowland_baymax_happy_ride,2026-10-09T05:30:36.697Z,70,OPERATING,ca00a0e8-f069-4d0a-9d5e-10cb63010956
tokyo_disneyland,tdl_critter_country_splash_mountain,2026-10-09T05:25:58.825Z,70,OPERATING,dfe25d8e-e234-4020-a261-30c6825d0680
tokyo_disneyland,tdl_westernland_big_thunder_mountain,2026-10-09T05:25:58.814Z,40,OPERATING,e3577b4a-f1d9-4ec5-aacf-b99977ea88c9
tokyo_disneyland,tdl_new_fantasyland_enchanted_tale_of_beauty_and_the_beast,2026-10-09T05:25:58.862Z,90,OPERATING,e76670f0-9f5f-4918-8491-9bf51e73a596
tokyo_disneyland,tdl_critter_country_beaver_brothers_explorer_canoes,2026-10-09T05:33:36.945Z,15,OPERATING,037a13bf-b06e-4902-aa12-02d758d1718d
tokyo_disneyland,tdl_tomorrowland_monsters_inc_ride_and_go_seek,2026-10-09T05:33:36.960Z,50,OPERATING,4ed6a812-df04-4aa8-acb9-c6b164dbb706
tokyo_disneyland,tdl_tomorrowland_star_tours,2026-10-09T05:32:49.154Z,10,OPERATING,512fd34c-2f0a-4e0a-bcc1-ef4d15c5f803
tokyo_disneyland,tdl_tomorrowland_baymax_happy_ride,2026-10-09T05:33:36.969Z,80,OPERATING,ca00a0e8-f069-4d0a-9d5e-10cb63010956
tokyo_disneyland,tdl_critter_country_splash_mountain,2026-10-09T05:33:36.937Z,70,OPERATING,dfe25d8e-e234-4020-a261-30c6825d0680
tokyo_disneyland,tdl_westernland_big_thunder_mountain,2026-10-09T05:33:36.928Z,40,OPERATING,e3577b4a-f1d9-4ec5-aacf-b99977ea88c9
tokyo_disneyland,tdl_new_fantasyland_enchanted_tale_of_beauty_and_the_beast,2026-10-09T05:33:36.977Z,90,OPERATING,e76670f0-9f5f-4918-8491-9bf51e73a596
tokyo_disneyland,tdl_fantasyland_its_a_small_world,2026-10-09T05:39:42.234Z,15,OPERATING,0de1b543-46fd-4c3f-81c8-31d0cab9ef63
tokyo_disneyland,tdl_fantasyland_castle_carrousel,2026-10-09T05:39:42.220Z,15,OPERATING,1fb05b7d-953a-4fa7-b7ed-db2eb62b85bf
tokyo_disneyland,tdl_tomorrowland_monsters_inc_ride_and_go_seek,2026-10-09T05:38:26.697Z,50,OPERATING,4ed6a812-df04-4aa8-acb9-c6b164dbb706
tokyo_disneyland,tdl_tomorrowland_star_tours,2026-10-09T05:39:42.243Z,5,OPERATING,512fd34c-2f0a-4e0a-bcc1-ef4d15c5f803
tokyo_disneyland,tdl_adventureland_western_river_railroad,2026-10-09T05:38:26.659Z,15,OPERATING,6ee0697f-57ba-4c7b-8216-7c55b21288d4
tokyo_disneyland,tdl_tomorrowland_baymax_happy_ride,2026-10-09T05:34:53.461Z,80,OPERATING,ca00a0e8-f069-4d0a-9d5e-10cb63010956
tokyo_disneyland,tdl_critter_country_splash_mountain,2026-10-09T05:38:26.680Z,70,OPERATING,dfe25d8e-e234-4020-a261-30c6825d0680
tokyo_disneyland,tdl_westernland_big_thunder_mountain,2026-10-09T05:38:26.668Z,40,OPERATING,e3577b4a-f1d9-4ec5-aacf-b99977ea88c9
tokyo_disneyland,tdl_new_fantasyland_enchanted_tale_of_beauty_and_the_beast,2026-10-09T05:38:26.705Z,90,OPERATING,e76670f0-9f5f-4918-8491-9bf51e73a596
tokyo_disneyland,tdl_toontown_goofys_paint_and_play_house,2026-10-09T05:44:25.821Z,5,OPERATING,74f17654-ceb1-4f12-9c19-ce6ed0587f33
tokyo_disneyland,tdl_new_fantasyland_enchanted_tale_of_beauty_and_the_beast,2026-10-09T05:44:25.831Z,80,OPERATING,e76670f0-9f5f-4918-8491-9bf51e73a596
tokyo_disneyland,tdl_tomorrowland_monsters_inc_ride_and_go_seek,2026-10-09T05:48:58.021Z,60,OPERATING,4ed6a812-df04-4aa8-acb9-c6b164dbb706
tokyo_disneyland,tdl_tomorrowland_baymax_happy_ride,2026-10-09T05:45:51.945Z,80,OPERATING,ca00a0e8-f069-4d0a-9d5e-10cb63010956
tokyo_disneyland,tdl_critter_country_splash_mountain,2026-10-09T05:47:56.372Z,60,OPERATING,dfe25d8e-e234-4020-a261-30c6825d0680
tokyo_disneyland,tdl_westernland_big_thunder_mountain,2026-10-09T05:45:51.779Z,40,OPERATING,e3577b4a-f1d9-4ec5-aacf-b99977ea88c9
tokyo_disneyland,tdl_new_fantasyland_enchanted_tale_of_beauty_and_the_beast,2026-10-09T05:45:51.964Z,80,OPERATING,e76670f0-9f5f-4918-8491-9bf51e73a596
tokyo_disneyland,tdl_tomorrowland_monsters_inc_ride_and_go_seek,2026-10-09T05:50:38.356Z,60,OPERATING,4ed6a812-df04-4aa8-acb9-c6b164dbb706
tokyo_disneyland,tdl_toontown_gadgets_go_coaster,2026-10-09T05:50:38.350Z,20,OPERATING,52c5e406-67e2-4d37-aee8-987644d87b63
tokyo_disneyland,tdl_fantasyland_snow_whites_adventures,2026-10-09T05:50:38.332Z,10,OPERATING,a853aadd-2337-435a-b0a3-2c03db96e5e1
tokyo_disneyland,tdl_fantasyland_poohs_hunny_hunt,2026-10-09T05:52:58.837Z,50,OPERATING,a88464b5-2cf5-4ef1-b38f-96e07b233bf2
tokyo_disneyland,tdl_tomorrowland_baymax_happy_ride,2026-10-09T05:50:38.363Z,80,OPERATING,ca00a0e8-f069-4d0a-9d5e-10cb63010956
tokyo_disneyland,tdl_westernland_big_thunder_mountain,2026-10-09T05:50:38.320Z,40,OPERATING,e3577b4a-f1d9-4ec5-aacf-b99977ea88c9
tokyo_disneyland,tdl_new_fantasyland_enchanted_tale_of_beauty_and_the_beast,2026-10-09T05:50:38.369Z,80,OPERATING,e76670f0-9f5f-4918-8491-9bf51e73a596
tokyo_disneyland,tdl_tomorrowland_monsters_inc_ride_and_go_seek,2026-10-09T05:58:04.181Z,70,OPERATING,4ed6a812-df04-4aa8-acb9-c6b164dbb706
tokyo_disneyland,tdl_adventureland_western_river_railroad,2026-10-09T05:56:25.789Z,20,OPERATING,6ee0697f-57ba-4c7b-8216-7c55b21288d4
tokyo_disneyland,tdl_toontown_roger_rabbits_car_toon_spin,2026-10-09T05:55:03.731Z,25,OPERATING,73384e33-a86a-4601-996f-61dbffba6ec2
tokyo_disneyland,tdl_toontown_goofys_paint_and_play_house,2026-10-09T05:58:04.173Z,10,OPERATING,74f17654-ceb1-4f12-9c19-ce6ed0587f33
tokyo_disneyland,tdl_fantasyland_snow_whites_adventures,2026-10-09T05:56:25.800Z,15,OPERATING,a853aadd-2337-435a-b0a3-2c03db96e5e1
tokyo_disneyland,tdl_fantasyland_poohs_hunny_hunt,2026-10-09T05:58:04.162Z,50,OPERATING,a88464b5-2cf5-4ef1-b38f-96e07b233bf2
tokyo_disneyland,tdl_tomorrowland_baymax_happy_ride,2026-10-09T05:58:04.191Z,80,OPERATING,ca00a0e8-f069-4d0a-9d5e-10cb63010956
tokyo_disneyland,tdl_critter_country_splash_mountain,2026-10-09T05:58:04.154Z,60,OPERATING,dfe25d8e-e234-4020-a261-30c6825d0680
tokyo_disneyland,tdl_westernland_big_thunder_mountain,2026-10-09T05:58:04.143Z,40,OPERATING,e3577b4a-f1d9-4ec5-aacf-b99977ea88c9
tokyo_disneyland,tdl_new_fantasyland_enchanted_tale_of_beauty_and_the_beast,2026-10-09T05:58:04.200Z,80,OPERATING,e76670f0-9f5f-4918-8491-9bf51e73a596
tokyo_disneyland,tdl_critter_country_beaver_brothers_explorer_canoes,2026-10-09T06:04:13.603Z,25,OPERATING,037a13bf-b06e-4902-aa12-02d758d1718d
tokyo_disneyland,tdl_fantasyland_castle_carrousel,2026-10-09T06:04:13.609Z,10,OPERATING,1fb05b7d-953a-4fa7-b7ed-db2eb62b85bf
tokyo_disneyland,tdl_tomorrowland_monsters_inc_ride_and_go_seek,2026-10-09T06:03:08.107Z,70,OPERATING,4ed6a812-df04-4aa8-acb9-c6b164dbb706
tokyo_disneyland,tdl_fantasyland_poohs_hunny_hunt,2026-10-09T06:03:08.101Z,40,OPERATING,a88464b5-2cf5-4ef1-b38f-96e07b233bf2
tokyo_disneyland,tdl_tomorrowland_baymax_happy_ride,2026-10-09T06:04:13.616Z,70,OPERATING,ca00a0e8-f069-4d0a-9d5e-10cb63010956
tokyo_disneyland,tdl_critter_country_splash_mountain,2026-10-09T06:03:08.093Z,60,OPERATING,dfe25d8e-e234-4020-a261-30c6825d0680
tokyo_disneyland,tdl_westernland_big_thunder_mountain,2026-10-09T06:04:13.595Z,50,OPERATING,e3577b4a-f1d9-4ec5-aacf-b99977ea88c9
tokyo_disneyland,tdl_new_fantasyland_enchanted_tale_of_beauty_and_the_beast,2026-10-09T06:03:08.120Z,80,OPERATING,e76670f0-9f5f-4918-8491-9bf51e73a596
tokyo_disneyland,tdl_fantasyland_castle_carrousel,2026-10-09T06:08:56.710Z,15,OPERATING,1fb05b7d-953a-4fa7-b7ed-db2eb62b85bf
tokyo_disneyland,tdl_fantasyland_poohs_hunny_hunt,2026-10-09T06:08:56.722Z,50,OPERATING,a88464b5-2cf5-4ef1-b38f-96e07b233bf2
tokyo_disneyland,tdl_tomorrowland_baymax_happy_ride,2026-10-09T06:05:52.669Z,70,OPERATING,ca00a0e8-f069-4d0a-9d5e-10cb63010956
tokyo_disneyland,tdl_westernland_big_thunder_mountain,2026-10-09T06:05:52.659Z,50,OPERATING,e3577b4a-f1d9-4ec5-aacf-b99977ea88c9
tokyo_disneyland,tdl_fantasyland_its_a_small_world,2026-10-09T06:11:17.740Z,10,OPERATING,0de1b543-46fd-4c3f-81c8-31d0cab9ef63
tokyo_disneyland,tdl_tomorrowland_monsters_inc_ride_and_go_seek,2026-10-09T06:11:17.755Z,50,OPERATING,4ed6a812-df04-4aa8-acb9-c6b164dbb706
tokyo_disneyland,tdl_fantasyland_snow_whites_adventures,2026-10-09T06:10:04.370Z,20,OPERATING,a853aadd-2337-435a-b0a3-2c03db96e5e1
tokyo_disneyland,tdl_fantasyland_poohs_hunny_hunt,2026-10-09T06:13:00.934Z,70,OPERATING,a88464b5-2cf5-4ef1-b38f-96e07b233bf2
tokyo_disneyland,tdl_tomorrowland_baymax_happy_ride,2026-10-09T06:10:04.397Z,70,OPERATING,ca00a0e8-f069-4d0a-9d5e-10cb63010956
tokyo_disneyland,tdl_critter_country_splash_mountain,2026-10-09T06:10:04.363Z,60,OPERATING,dfe25d8e-e234-4020-a261-30c6825d0680
tokyo_disneyland,tdl_westernland_big_thunder_mountain,2026-10-09T06:13:00.923Z,40,OPERATING,e3577b4a-f1d9-4ec5-aacf-b99977ea88c9
tokyo_disneyland,tdl_new_fantasyland_enchanted_tale_of_beauty_and_the_beast,2026-10-09T06:10:04.403Z,80,OPERATING,e76670f0-9f5f-4918-8491-9bf51e73a596
tokyo_disneyland,tdl_tomorrowland_monsters_inc_ride_and_go_seek,2026-10-09T06:20:34.464Z,50,OPERATING,4ed6a812-df04-4aa8-acb9-c6b164dbb706
tokyo_disneyland,tdl_fantasyland_poohs_hunny_hunt,2026-10-09T06:20:34.449Z,82,OPERATING,a88464b5-2cf5-4ef1-b38f-96e07b233bf2
tokyo_disneyland,tdl_tomorrowland_baymax_happy_ride,2026-10-09T06:20:34.476Z,60,OPERATING,ca00a0e8-f069-4d0a-9d5e-10cb63010956
tokyo_disneyland,tdl_fantasyland_alices_tea_party,2026-10-09T06:20:34.438Z,5,OPERATING,cfaa7d1c-111e-49b9-b21b-134eac4000e8
tokyo_disneyland,tdl_critter_country_splash_mountain,2026-10-09T06:16:03.035Z,70,OPERATING,dfe25d8e-e234-4020-a261-30c6825d0680
tokyo_disneyland,tdl_westernland_big_thunder_mountain,2026-10-09T06:20:34.426Z,40,OPERATING,e3577b4a-f1d9-4ec5-aacf-b99977ea88c9
tokyo_disneyland,tdl_fantasyland_peter_pans_flight,2026-10-09T06:16:03.049Z,40,OPERATING,e541ad8f-1457-469a-8f35-457555f475ad
tokyo_disneyland,tdl_new_fantasyland_enchanted_tale_of_beauty_and_the_beast,2026-10-09T06:16:03.063Z,70,OPERATING,e76670f0-9f5f-4918-8491-9bf51e73a596
tokyo_disneyland,tdl_westernland_shooting_gallery,2026-10-09T06:23:38.399Z,10,OPERATING,4876ec54-92ed-4b0c-8b1b-292bba89c61c
tokyo_disneyland,tdl_adventureland_western_river_railroad,2026-10-09T06:23:38.388Z,15,OPERATING,6ee0697f-57ba-4c7b-8216-7c55b21288d4
tokyo_disneyland,tdl_toontown_roger_rabbits_car_toon_spin,2026-10-09T06:25:20.424Z,30,OPERATING,73384e33-a86a-4601-996f-61dbffba6ec2
tokyo_disneyland,tdl_adventureland_jungle_cruise,2026-10-09T06:25:20.416Z,30,OPERATING,e0887415-3da2-458c-8b88-0691e6b8ab63
tokyo_disneyland,tdl_tomorrowland_monsters_inc_ride_and_go_seek,2026-10-09T06:29:16.304Z,50,OPERATING,4ed6a812-df04-4aa8-acb9-c6b164dbb706
tokyo_disneyland,tdl_fantasyland_poohs_hunny_hunt,2026-10-09T06:29:16.295Z,70,OPERATING,a88464b5-2cf5-4ef1-b38f-96e07b233bf2
tokyo_disneyland,tdl_tomorrowland_baymax_happy_ride,2026-10-09T06:29:16.312Z,50,OPERATING,ca00a0e8-f069-4d0a-9d5e-10cb63010956
tokyo_disneyland,tdl_critter_country_splash_mountain,2026-10-09T06:29:16.286Z,60,OPERATING,dfe25d8e-e234-4020-a261-30c6825d0680
tokyo_disneyland,tdl_westernland_big_thunder_mountain,2026-10-09T06:29:16.276Z,40,OPERATING,e3577b4a-f1d9-4ec5-aacf-b99977ea88c9
tokyo_disneyland,tdl_new_fantasyland_enchanted_tale_of_beauty_and_the_beast,2026-10-09T06:29:16.318Z,70,OPERATING,e76670f0-9f5f-4918-8491-9bf51e73a596
tokyo_disneyland,tdl_tomorrowland_monsters_inc_ride_and_go_seek,2026-10-09T06:34:25.369Z,40,OPERATING,4ed6a812-df04-4aa8-acb9-c6b164dbb706
tokyo_disneyland,tdl_toontown_roger_rabbits_car_toon_spin,2026-10-09T06:31:18.742Z,25,OPERATING,73384e33-a86a-4601-996f-61dbffba6ec2
tokyo_disneyland,tdl_fantasyland_poohs_hunny_hunt,2026-10-09T06:31:18.733Z,70,OPERATING,a88464b5-2cf5-4ef1-b38f-96e07b233bf2
tokyo_disneyland,tdl_tomorrowland_baymax_happy_ride,2026-10-09T06:31:55.587Z,40,OPERATING,ca00a0e8-f069-4d0a-9d5e-10cb63010956
tokyo_disneyland,tdl_critter_country_splash_mountain,2026-10-09T06:31:18.713Z,60,OPERATING,dfe25d8e-e234-4020-a261-30c6825d0680
tokyo_disneyland,tdl_westernland_big_thunder_mountain,2026-10-09T06:34:25.343Z,30,OPERATING,e3577b4a-f1d9-4ec5-aacf-b99977ea88c9
tokyo_disneyland,tdl_fantasyland_peter_pans_flight,2026-10-09T06:34:25.361Z,25,OPERATING,e541ad8f-1457-469a-8f35-457555f475ad
tokyo_disneyland,tdl_new_fantasyland_enchanted_tale_of_beauty_and_the_beast,2026-10-09T06:31:55.597Z,60,OPERATING,e76670f0-9f5f-4918-8491-9bf51e73a596
tokyo_disneyland,tdl_westernland_shooting_gallery,2026-10-09T06:35:43.374Z,15,OPERATING,4876ec54-92ed-4b0c-8b1b-292bba89c61c
tokyo_disneyland,tdl_tomorrowland_monsters_inc_ride_and_go_seek,2026-10-09T06:35:43.406Z,40,OPERATING,4ed6a812-df04-4aa8-acb9-c6b164dbb706
tokyo_disneyland,tdl_fantasyland_pinocchios_daring_journey,2026-10-09T06:37:19.178Z,10,OPERATING,6922377e-0ff4-481f-9da3-35051938732a
tokyo_disneyland,tdl_fantasyland_poohs_hunny_hunt,2026-10-09T06:37:19.188Z,60,OPERATING,a88464b5-2cf5-4ef1-b38f-96e07b233bf2
tokyo_disneyland,tdl_tomorrowland_baymax_happy_ride,2026-10-09T06:37:43.630Z,50,OPERATING,ca00a0e8-f069-4d0a-9d5e-10cb63010956
tokyo_disneyland,tdl_westernland_big_thunder_mountain,2026-10-09T06:35:43.385Z,30,OPERATING,e3577b4a-f1d9-4ec5-aacf-b99977ea88c9
tokyo_disneyland,tdl_tomorrowland_monsters_inc_ride_and_go_seek,2026-10-09T06:43:31.222Z,50,OPERATING,4ed6a812-df04-4aa8-acb9-c6b164dbb706
tokyo_disneyland,tdl_adventureland_pirates_of_the_caribbean,2026-10-09T06:43:31.193Z,10,OPERATING,52eb0fc9-5853-49c8-8c72-1e5e83aae1c1
tokyo_disneyland,tdl_fantasyland_poohs_hunny_hunt,2026-10-09T06:43:31.216Z,60,OPERATING,a88464b5-2cf5-4ef1-b38f-96e07b233bf2
tokyo_disneyland,tdl_tomorrowland_baymax_happy_ride,2026-10-09T06:43:31.229Z,50,OPERATING,ca00a0e8-f069-4d0a-9d5e-10cb63010956
tokyo_disneyland,tdl_critter_country_splash_mountain,2026-10-09T06:43:31.209Z,60,OPERATING,dfe25d8e-e234-4020-a261-30c6825d0680
tokyo_disneyland,tdl_adventureland_jungle_cruise,2026-10-09T06:40:21.536Z,25,OPERATING,e0887415-3da2-458c-8b88-0691e6b8ab63
tokyo_disneyland,tdl_westernland_big_thunder_mountain,2026-10-09T06:43:31.202Z,30,OPERATING,e3577b4a-f1d9-4ec5-aacf-b99977ea88c9
tokyo_disneyland,tdl_new_fantasyland_enchanted_tale_of_beauty_and_the_beast,2026-10-09T06:43:31.237Z,60,OPERATING,e76670f0-9f5f-4918-8491-9bf51e73a596
tokyo_disneyland,tdl_fantasyland_snow_whites_adventures,2026-10-09T06:50:02.844Z,15,OPERATING,a853aadd-2337-435a-b0a3-2c03db96e5e1
tokyo_disneyland,tdl_tomorrowland_baymax_happy_ride,2026-10-09T06:50:31.364Z,40,OPERATING,ca00a0e8-f069-4d0a-9d5e-10cb63010956
tokyo_disneyland,tdl_tomorrowland_monsters_inc_ride_and_go_seek,2026-10-09T06:54:09.434Z,50,OPERATING,4ed6a812-df04-4aa8-acb9-c6b164dbb706
tokyo_disneyland,tdl_fantasyland_poohs_hunny_hunt,2026-10-09T06:54:09.427Z,60,OPERATING,a88464b5-2cf5-4ef1-b38f-96e07b233bf2
tokyo_disneyland,tdl_tomorrowland_baymax_happy_ride,2026-10-09T06:54:09.441Z,40,OPERATING,ca00a0e8-f069-4d0a-9d5e-10cb63010956
tokyo_disneyland,tdl_critter_country_splash_mountain,2026-10-09T06:54:09.420Z,60,OPERATING,dfe25d8e-e234-4020-a261-30c6825d0680
tokyo_disneyland,tdl_westernland_big_thunder_mountain,2026-10-09T06:54:09.412Z,30,OPERATING,e3577b4a-f1d9-4ec5-aacf-b99977ea88c9
tokyo_disneyland,tdl_fantasyland_peter_pans_flight,2026-10-09T06:53:11.934Z,20,OPERATING,e541ad8f-1457-469a-8f35-457555f475ad
tokyo_disneyland,tdl_new_fantasyland_enchanted_tale_of_beauty_and_the_beast,2026-10-09T06:54:09.449Z,60,OPERATING,e76670f0-9f5f-4918-8491-9bf51e73a596
tokyo_disneyland,tdl_tomorrowland_monsters_inc_ride_and_go_seek,2026-10-09T06:55:59.060Z,40,OPERATING,4ed6a812-df04-4aa8-acb9-c6b164dbb706
tokyo_disneyland,tdl_toontown_gadgets_go_coaster,2026-10-09T06:55:49.121Z,10,OPERATING,52c5e406-67e2-4d37-aee8-987644d87b63
tokyo_disneyland,tdl_adventureland_pirates_of_the_caribbean,2026-10-09T06:55:49.077Z,5,OPERATING,52eb0fc9-5853-49c8-8c72-1e5e83aae1c1
tokyo_disneyland,tdl_adventureland_western_river_railroad,2026-10-09T06:58:45.330Z,5,OPERATING,6ee0697f-57ba-4c7b-8216-7c55b21288d4
tokyo_disneyland,tdl_fantasyland_poohs_hunny_hunt,2026-10-09T06:55:49.111Z,60,OPERATING,a88464b5-2cf5-4ef1-b38f-96e07b233bf2
tokyo_disneyland,tdl_tomorrowland_baymax_happy_ride,2026-10-09T06:55:49.141Z,40,OPERATING,ca00a0e8-f069-4d0a-9d5e-10cb63010956
tokyo_disneyland,tdl_critter_country_splash_mountain,2026-10-09T06:55:49.101Z,60,OPERATING,dfe25d8e-e234-4020-a261-30c6825d0680
tokyo_disneyland,tdl_westernland_big_thunder_mountain,2026-10-09T06:55:49.090Z,30,OPERATING,e3577b4a-f1d9-4ec5-aacf-b99977ea88c9
tokyo_disneyland,tdl_new_fantasyland_enchanted_tale_of_beauty_and_the_beast,2026-10-09T06:55:49.151Z,60,OPERATING,e76670f0-9f5f-4918-8491-9bf51e73a596
tokyo_disneyland,tdl_fantasyland_its_a_small_world,2026-10-09T07:03:47.511Z,5,OPERATING,0de1b543-46fd-4c3f-81c8-31d0cab9ef63
tokyo_disneyland,tdl_tomorrowland_baymax_happy_ride,2026-10-09T07:03:47.527Z,50,OPERATING,ca00a0e8-f069-4d0a-9d5e-10cb63010956
tokyo_disneyland,tdl_critter_country_splash_mountain,2026-10-09T07:03:47.493Z,40,OPERATING,dfe25d8e-e234-4020-a261-30c6825d0680
tokyo_disneyland,tdl_adventureland_jungle_cruise,2026-10-09T07:03:47.469Z,20,OPERATING,e0887415-3da2-458c-8b88-0691e6b8ab63
tokyo_disneyland,tdl_new_fantasyland_enchanted_tale_of_beauty_and_the_beast,2026-10-09T07:04:47.710Z,70,OPERATING,e76670f0-9f5f-4918-8491-9bf51e73a596
tokyo_disneyland,tdl_tomorrowland_monsters_inc_ride_and_go_seek,2026-10-09T07:07:54.514Z,40,OPERATING,4ed6a812-df04-4aa8-acb9-c6b164dbb706
tokyo_disneyland,tdl_fantasyland_pinocchios_daring_journey,2026-10-09T07:06:03.064Z,5,OPERATING,6922377e-0ff4-481f-9da3-35051938732a
tokyo_disneyland,tdl_toontown_goofys_paint_and_play_house,2026-10-09T07:09:26.918Z,5,OPERATING,74f17654-ceb1-4f12-9c19-ce6ed0587f33
tokyo_disneyland,tdl_fantasyland_poohs_hunny_hunt,2026-10-09T07:07:54.505Z,50,OPERATING,a88464b5-2cf5-4ef1-b38f-96e07b233bf2
tokyo_disneyland,tdl_tomorrowland_baymax_happy_ride,2026-10-09T07:07:54.526Z,50,OPERATING,ca00a0e8-f069-4d0a-9d5e-10cb63010956
tokyo_disneyland,tdl_critter_country_splash_mountain,2026-10-09T07:07:54.495Z,40,OPERATING,dfe25d8e-e234-4020-a261-30c6825d0680
tokyo_disneyland,tdl_westernland_big_thunder_mountain,2026-10-09T07:07:54.470Z,30,OPERATING,e3577b4a-f1d9-4ec5-aacf-b99977ea88c9
tokyo_disneyland,tdl_new_fantasyland_enchanted_tale_of_beauty_and_the_beast,2026-10-09T07:07:54.546Z,70,OPERATING,e76670f0-9f5f-4918-8491-9bf51e73a596
tokyo_disneyland,tdl_toontown_roger_rabbits_car_toon_spin,2026-10-09T07:13:49.616Z,20,OPERATING,73384e33-a86a-4601-996f-61dbffba6ec2
tokyo_disneyland,tdl_fantasyland_snow_whites_adventures,2026-10-09T07:10:48.462Z,10,OPERATING,a853aadd-2337-435a-b0a3-2c03db96e5e1
tokyo_disneyland,tdl_westernland_big_thunder_mountain,2026-10-09T07:12:19.252Z,25,OPERATING,e3577b4a-f1d9-4ec5-aacf-b99977ea88c9
tokyo_disneyland,tdl_new_fantasyland_enchanted_tale_of_beauty_and_the_beast,2026-10-09T07:13:49.625Z,80,OPERATING,e76670f0-9f5f-4918-8491-9bf51e73a596
tokyo_disneyland,tdl_westernland_shooting_gallery,2026-10-09T07:16:02.861Z,5,OPERATING,4876ec54-92ed-4b0c-8b1b-292bba89c61c
tokyo_disneyland,tdl_tomorrowland_monsters_inc_ride_and_go_seek,2026-10-09T07:19:05.621Z,40,OPERATING,4ed6a812-df04-4aa8-acb9-c6b164dbb706
tokyo_disneyland,tdl_fantasyland_poohs_hunny_hunt,2026-10-09T07:19:05.612Z,40,OPERATING,a88464b5-2cf5-4ef1-b38f-96e07b233bf2
tokyo_disneyland,tdl_tomorrowland_baymax_happy_ride,2026-10-09T07:19:05.630Z,40,OPERATING,ca00a0e8-f069-4d0a-9d5e-10cb63010956
tokyo_disneyland,tdl_critter_country_splash_mountain,2026-10-09T07:19:05.594Z,40,OPERATING,dfe25d8e-e234-4020-a261-30c6825d0680
tokyo_disneyland,tdl_adventureland_jungle_cruise,2026-10-09T07:16:02.823Z,15,OPERATING,e0887415-3da2-458c-8b88-0691e6b8ab63
tokyo_disneyland,tdl_new_fantasyland_enchanted_tale_of_beauty_and_the_beast,2026-10-09T07:19:05.639Z,100,OPERATING,e76670f0-9f5f-4918-8491-9bf51e73a596
tokyo_disneyland,tdl_tomorrowland_monsters_inc_ride_and_go_seek,2026-10-09T07:20:08.508Z,40,OPERATING,4ed6a812-df04-4aa8-acb9-c6b164dbb706
tokyo_disneyland,tdl_fantasyland_snow_whites_adventures,2026-10-09T07:22:53.437Z,5,OPERATING,a853aadd-2337-435a-b0a3-2c03db96e5e1
tokyo_disneyland,tdl_fantasyland_poohs_hunny_hunt,2026-10-09T07:23:00.466Z,30,OPERATING,a88464b5-2cf5-4ef1-b38f-96e07b233bf2
tokyo_disneyland,tdl_tomorrowland_baymax_happy_ride,2026-10-09T07:20:08.518Z,40,OPERATING,ca00a0e8-f069-4d0a-9d5e-10cb63010956
tokyo_disneyland,tdl_critter_country_splash_mountain,2026-10-09T07:20:08.493Z,40,OPERATING,dfe25d8e-e234-4020-a261-30c6825d0680
tokyo_disneyland,tdl_westernland_big_thunder_mountain,2026-10-09T07:20:08.480Z,25,OPERATING,e3577b4a-f1d9-4ec5-aacf-b99977ea88c9
tokyo_disneyland,tdl_new_fantasyland_enchanted_tale_of_beauty_and_the_beast,2026-10-09T07:23:00.480Z,120,OPERATING,e76670f0-9f5f-4918-8491-9bf51e73a596
tokyo_disneyland,tdl_tomorrowland_monsters_inc_ride_and_go_seek,2026-10-09T07:29:18.543Z,40,OPERATING,4ed6a812-df04-4aa8-acb9-c6b164dbb706
tokyo_disneyland,tdl_fantasyland_snow_whites_adventures,2026-10-09T07:28:54.048Z,10,OPERATING,a853aadd-2337-435a-b0a3-2c03db96e5e1
tokyo_disneyland,tdl_fantasyland_poohs_hunny_hunt,2026-10-09T07:29:18.537Z,40,OPERATING,a88464b5-2cf5-4ef1-b38f-96e07b233bf2
tokyo_disneyland,tdl_tomorrowland_baymax_happy_ride,2026-10-09T07:29:18.550Z,40,OPERATING,ca00a0e8-f069-4d0a-9d5e-10cb63010956
tokyo_disneyland,tdl_critter_country_splash_mountain,2026-10-09T07:29:18.530Z,40,OPERATING,dfe25d8e-e234-4020-a261-30c6825d0680
tokyo_disneyland,tdl_westernland_big_thunder_mountain,2026-10-09T07:29:18.521Z,25,OPERATING,e3577b4a-f1d9-4ec5-aacf-b99977ea88c9
tokyo_disneyland,tdl_new_fantasyland_enchanted_tale_of_beauty_and_the_beast,2026-10-09T07:29:18.557Z,120,OPERATING,e76670f0-9f5f-4918-8491-9bf51e73a596
tokyo_disneyland,tdl_tomorrowland_monsters_inc_ride_and_go_seek,2026-10-09T07:31:56.489Z,40,OPERATING,4ed6a812-df04-4aa8-acb9-c6b164dbb706
tokyo_disneyland,tdl_fantasyland_poohs_hunny_hunt,2026-10-09T07:35:07.128Z,60,OPERATING,a88464b5-2cf5-4ef1-b38f-96e07b233bf2
tokyo_disneyland,tdl_tomorrowland_baymax_happy_ride,2026-10-09T07:31:56.494Z,40,OPERATING,ca00a0e8-f069-4d0a-9d5e-10cb63010956
tokyo_disneyland,tdl_critter_country_splash_mountain,2026-10-09T07:31:56.477Z,40,OPERATING,dfe25d8e-e234-4020-a261-30c6825d0680
tokyo_disneyland,tdl_adventureland_jungle_cruise,2026-10-09T07:31:56.463Z,10,OPERATING,e0887415-3da2-458c-8b88-0691e6b8ab63
tokyo_disneyland,tdl_westernland_big_thunder_mountain,2026-10-09T07:31:56.471Z,25,OPERATING,e3577b4a-f1d9-4ec5-aacf-b99977ea88c9
tokyo_disneyland,tdl_new_fantasyland_enchanted_tale_of_beauty_and_the_beast,2026-10-09T07:31:56.500Z,120,OPERATING,e76670f0-9f5f-4918-8491-9bf51e73a596
tokyo_disneyland,tdl_fantasyland_snow_whites_adventures,2026-10-09T07:38:17.748Z,15,OPERATING,a853aadd-2337-435a-b0a3-2c03db96e5e1
tokyo_disneyland,tdl_fantasyland_poohs_hunny_hunt,2026-10-09T07:36:20.020Z,60,OPERATING,a88464b5-2cf5-4ef1-b38f-96e07b233bf2
tokyo_disneyland,tdl_tomorrowland_baymax_happy_ride,2026-10-09T07:38:47.676Z,50,OPERATING,ca00a0e8-f069-4d0a-9d5e-10cb63010956
tokyo_disneyland,tdl_critter_country_splash_mountain,2026-10-09T07:38:47.668Z,50,OPERATING,dfe25d8e-e234-4020-a261-30c6825d0680
tokyo_disneyland,tdl_westernland_big_thunder_mountain,2026-10-09T07:38:47.660Z,30,OPERATING,e3577b4a-f1d9-4ec5-aacf-b99977ea88c9
tokyo_disneyland,tdl_fantasyland_peter_pans_flight,2026-10-09T07:38:17.741Z,25,OPERATING,e541ad8f-1457-469a-8f35-457555f475ad
tokyo_disneyland,tdl_westernland_shooting_gallery,2026-10-09T07:44:28.453Z,10,OPERATING,4876ec54-92ed-4b0c-8b1b-292bba89c61c
tokyo_disneyland,tdl_tomorrowland_monsters_inc_ride_and_go_seek,2026-10-09T07:44:28.484Z,30,OPERATING,4ed6a812-df04-4aa8-acb9-c6b164dbb706
tokyo_disneyland,tdl_adventureland_western_river_railroad,2026-10-09T07:41:20.611Z,10,OPERATING,6ee0697f-57ba-4c7b-8216-7c55b21288d4
tokyo_disneyland,tdl_toontown_roger_rabbits_car_toon_spin,2026-10-09T07:41:20.653Z,15,OPERATING,73384e33-a86a-4601-996f-61dbffba6ec2
tokyo_disneyland,tdl_fantasyland_poohs_hunny_hunt,2026-10-09T07:44:28.477Z,70,OPERATING,a88464b5-2cf5-4ef1-b38f-96e07b233bf2
tokyo_disneyland,tdl_tomorrowland_baymax_happy_ride,2026-10-09T07:45:31.476Z,60,OPERATING,ca00a0e8-f069-4d0a-9d5e-10cb63010956
tokyo_disneyland,tdl_critter_country_splash_mountain,2026-10-09T07:44:28.470Z,60,OPERATING,dfe25d8e-e234-4020-a261-30c6825d0680
tokyo_disneyland,tdl_adventureland_jungle_cruise,2026-10-09T07:41:20.598Z,20,OPERATING,e0887415-3da2-458c-8b88-0691e6b8ab63
tokyo_disneyland,tdl_westernland_big_thunder_mountain,2026-10-09T07:44:28.463Z,40,OPERATING,e3577b4a-f1d9-4ec5-aacf-b99977ea88c9
tokyo_disneyland,tdl_fantasyland_peter_pans_flight,2026-10-09T07:41:20.637Z,30,OPERATING,e541ad8f-1457-469a-8f35-457555f475ad
tokyo_disneyland,tdl_new_fantasyland_enchanted_tale_of_beauty_and_the_beast,2026-10-09T07:44:28.499Z,120,OPERATING,e76670f0-9f5f-4918-8491-9bf51e73a596
tokyo_disneyland,tdl_tomorrowland_baymax_happy_ride,2026-10-09T07:49:36.715Z,70,OPERATING,ca00a0e8-f069-4d0a-9d5e-10cb63010956
tokyo_disneyland,tdl_tomorrowland_monsters_inc_ride_and_go_seek,2026-10-09T07:52:33.053Z,40,OPERATING,4ed6a812-df04-4aa8-acb9-c6b164dbb706
tokyo_disneyland,tdl_fantasyland_snow_whites_adventures,2026-10-09T07:53:57.371Z,20,OPERATING,a853aadd-2337-435a-b0a3-2c03db96e5e1
tokyo_disneyland,tdl_fantasyland_poohs_hunny_hunt,2026-10-09T07:53:57.389Z,82,OPERATING,a88464b5-2cf5-4ef1-b38f-96e07b233bf2
tokyo_disneyland,tdl_fantasyland_peter_pans_flight,2026-10-09T07:50:50.134Z,40,OPERATING,e541ad8f-1457-469a-8f35-457555f475ad
tokyo_disneyland,tdl_tomorrowland_monsters_inc_ride_and_go_seek,2026-10-09T08:00:17.242Z,60,OPERATING,4ed6a812-df04-4aa8-acb9-c6b164dbb706
tokyo_disneyland,tdl_adventureland_pirates_of_the_caribbean,2026-10-09T07:56:12.018Z,15,OPERATING,52eb0fc9-5853-49c8-8c72-1e5e83aae1c1
tokyo_disneyland,tdl_fantasyland_snow_whites_adventures,2026-10-09T08:00:17.232Z,20,OPERATING,a853aadd-2337-435a-b0a3-2c03db96e5e1
tokyo_disneyland,tdl_fantasyland_poohs_hunny_hunt,2026-10-09T07:57:01.041Z,90,OPERATING,a88464b5-2cf5-4ef1-b38f-96e07b233bf2
tokyo_disneyland,tdl_tomorrowland_baymax_happy_ride,2026-10-09T07:57:01.058Z,70,OPERATING,ca00a0e8-f069-4d0a-9d5e-10cb63010956
tokyo_disneyland,tdl_critter_country_splash_mountain,2026-10-09T08:00:17.219Z,70,OPERATING,dfe25d8e-e234-4020-a261-30c6825d0680
tokyo_disneyland,tdl_adventureland_jungle_cruise,2026-10-09T07:58:57.740Z,25,OPERATING,e0887415-3da2-458c-8b88-0691e6b8ab63
tokyo_disneyland,tdl_westernland_big_thunder_mountain,2026-10-09T07:57:01.023Z,40,OPERATING,e3577b4a-f1d9-4ec5-aacf-b99977ea88c9
tokyo_disneyland,tdl_new_fantasyland_enchanted_tale_of_beauty_and_the_beast,2026-10-09T07:57:01.066Z,120,OPERATING,e76670f0-9f5f-4918-8491-9bf51e73a596
tokyo_disneyland,tdl_westernland_shooting_gallery,2026-10-09T08:02:58.796Z,15,OPERATING,4876ec54-92ed-4b0c-8b1b-292bba89c61c
tokyo_disneyland,tdl_tomorrowland_monsters_inc_ride_and_go_seek,2026-10-09T08:02:58.815Z,60,OPERATING,4ed6a812-df04-4aa8-acb9-c6b164dbb706
tokyo_disneyland,tdl_adventureland_western_river_railroad,2026-10-09T08:02:58.788Z,15,OPERATING,6ee0697f-57ba-4c7b-8216-7c55b21288d4
tokyo_disneyland,tdl_toontown_roger_rabbits_car_toon_spin,2026-10-09T08:03:24.050Z,20,OPERATING,73384e33-a86a-4601-996f-61dbffba6ec2
tokyo_disneyland,tdl_tomorrowland_baymax_happy_ride,2026-10-09T08:03:24.061Z,80,OPERATING,ca00a0e8-f069-4d0a-9d5e-10cb63010956
tokyo_disneyland,tdl_adventureland_jungle_cruise,2026-10-09T08:02:58.772Z,20,OPERATING,e0887415-3da2-458c-8b88-0691e6b8ab63
tokyo_disneyland,tdl_tomorrowland_monsters_inc_ride_and_go_seek,2026-10-09T08:09:40.730Z,50,OPERATING,4ed6a812-df04-4aa8-acb9-c6b164dbb706
tokyo_disneyland,tdl_toontown_gadgets_go_coaster,2026-10-09T08:09:31.754Z,15,OPERATING,52c5e406-67e2-4d37-aee8-987644d87b63
tokyo_disneyland,tdl_fantasyland_pinocchios_daring_journey,2026-10-09T08:09:31.700Z,10,OPERATING,6922377e-0ff4-481f-9da3-35051938732a
tokyo_disneyland,tdl_toontown_roger_rabbits_car_toon_spin,2026-10-09T08:09:31.734Z,35,OPERATING,73384e33-a86a-4601-996f-61dbffba6ec2
tokyo_disneyland,tdl_fantasyland_poohs_hunny_hunt,2026-10-09T08:09:40.722Z,90,OPERATING,a88464b5-2cf5-4ef1-b38f-96e07b233bf2
tokyo_disneyland,tdl_tomorrowland_baymax_happy_ride,2026-10-09T08:09:40.739Z,80,OPERATING,ca00a0e8-f069-4d0a-9d5e-10cb63010956
tokyo_disneyland,tdl_critter_country_splash_mountain,2026-10-09T08:09:40.704Z,70,OPERATING,dfe25d8e-e234-4020-a261-30c6825d0680
tokyo_disneyland,tdl_westernland_big_thunder_mountain,2026-10-09T08:09:40.694Z,30,OPERATING,e3577b4a-f1d9-4ec5-aacf-b99977ea88c9
tokyo_disneyland,tdl_fantasyland_peter_pans_flight,2026-10-09T08:09:31.687Z,25,OPERATING,e541ad8f-1457-469a-8f35-457555f475ad
tokyo_disneyland,tdl_new_fantasyland_enchanted_tale_of_beauty_and_the_beast,2026-10-09T08:09:40.747Z,120,OPERATING,e76670f0-9f5f-4918-8491-9bf51e73a596
tokyo_disneyland,tdl_fantasyland_its_a_small_world,2026-10-09T08:12:18.787Z,10,OPERATING,0de1b543-46fd-4c3f-81c8-31d0cab9ef63
tokyo_disneyland,tdl_westernland_shooting_gallery,2026-10-09T08:12:18.770Z,10,OPERATING,4876ec54-92ed-4b0c-8b1b-292bba89c61c
tokyo_disneyland,tdl_tomorrowland_monsters_inc_ride_and_go_seek,2026-10-09T08:12:18.799Z,50,OPERATING,4ed6a812-df04-4aa8-acb9-c6b164dbb706
tokyo_disneyland,tdl_toontown_gadgets_go_coaster,2026-10-09T08:12:18.793Z,20,OPERATING,52c5e406-67e2-4d37-aee8-987644d87b63
tokyo_disneyland,tdl_westernland_big_thunder_mountain,2026-10-09T08:12:18.780Z,30,OPERATING,e3577b4a-f1d9-4ec5-aacf-b99977ea88c9
tokyo_disneyland,tdl_new_fantasyland_enchanted_tale_of_beauty_and_the_beast,2026-10-09T08:12:49.440Z,100,OPERATING,e76670f0-9f5f-4918-8491-9bf51e73a596
tokyo_disneyland,tdl_toontown_goofys_paint_and_play_house,2026-10-09T08:16:01.150Z,10,OPERATING,74f17654-ceb1-4f12-9c19-ce6ed0587f33
tokyo_disneyland,tdl_fantasyland_snow_whites_adventures,2026-10-09T08:16:01.123Z,15,OPERATING,a853aadd-2337-435a-b0a3-2c03db96e5e1
tokyo_disneyland,tdl_fantasyland_alices_tea_party,2026-10-09T08:16:01.142Z,10,OPERATING,cfaa7d1c-111e-49b9-b21b-134eac4000e8
tokyo_disneyland,tdl_fantasyland_peter_pans_flight,2026-10-09T08:16:01.113Z,30,OPERATING,e541ad8f-1457-469a-8f35-457555f475ad
tokyo_disneyland,tdl_tomorrowland_monsters_inc_ride_and_go_seek,2026-10-09T08:25:21.922Z,50,OPERATING,4ed6a812-df04-4aa8-acb9-c6b164dbb706
tokyo_disneyland,tdl_adventureland_western_river_railroad,2026-10-09T08:25:21.896Z,20,OPERATING,6ee0697f-57ba-4c7b-8216-7c55b21288d4
tokyo_disneyland,tdl_toontown_roger_rabbits_car_toon_spin,2026-10-09T08:20:22.984Z,30,OPERATING,73384e33-a86a-4601-996f-61dbffba6ec2
tokyo_disneyland,tdl_toontown_goofys_paint_and_play_house,2026-10-09T08:20:22.994Z,15,OPERATING,74f17654-ceb1-4f12-9c19-ce6ed0587f33
tokyo_disneyland,tdl_fantasyland_snow_whites_adventures,2026-10-09T08:22:20.114Z,20,OPERATING,a853aadd-2337-435a-b0a3-2c03db96e5e1
tokyo_disneyland,tdl_fantasyland_poohs_hunny_hunt,2026-10-09T08:25:35.139Z,70,OPERATING,a88464b5-2cf5-4ef1-b38f-96e07b233bf2
tokyo_disneyland,tdl_tomorrowland_baymax_happy_ride,2026-10-09T08:25:21.929Z,80,OPERATING,ca00a0e8-f069-4d0a-9d5e-10cb63010956
tokyo_disneyland,tdl_critter_country_splash_mountain,2026-10-09T08:25:21.910Z,70,OPERATING,dfe25d8e-e234-4020-a261-30c6825d0680
tokyo_disneyland,tdl_adventureland_jungle_cruise,2026-10-09T08:25:35.129Z,25,OPERATING,e0887415-3da2-458c-8b88-0691e6b8ab63
tokyo_disneyland,tdl_westernland_big_thunder_mountain,2026-10-09T08:25:21.903Z,40,OPERATING,e3577b4a-f1d9-4ec5-aacf-b99977ea88c9
tokyo_disneyland,tdl_new_fantasyland_enchanted_tale_of_beauty_and_the_beast,2026-10-09T08:25:35.148Z,90,OPERATING,e76670f0-9f5f-4918-8491-9bf51e73a596
tokyo_disneyland,tdl_tomorrowland_star_tours,2026-10-09T08:28:08.919Z,10,OPERATING,512fd34c-2f0a-4e0a-bcc1-ef4d15c5f803
tokyo_disneyland,tdl_toontown_gadgets_go_coaster,2026-10-09T08:28:08.912Z,25,OPERATING,52c5e406-67e2-4d37-aee8-987644d87b63
tokyo_disneyland,tdl_fantasyland_poohs_hunny_hunt,2026-10-09T08:28:43.141Z,60,OPERATING,a88464b5-2cf5-4ef1-b38f-96e07b233bf2
tokyo_disneyland,tdl_new_fantasyland_enchanted_tale_of_beauty_and_the_beast,2026-10-09T08:26:10.404Z,90,OPERATING,e76670f0-9f5f-4918-8491-9bf51e73a596
tokyo_disneyland,tdl_fantasyland_its_a_small_world,2026-10-09T08:31:36.427Z,15,OPERATING,0de1b543-46fd-4c3f-81c8-31d0cab9ef63
tokyo_disneyland,tdl_fantasyland_castle_carrousel,2026-10-09T08:31:36.419Z,20,OPERATING,1fb05b7d-953a-4fa7-b7ed-db2eb62b85bf
tokyo_disneyland,tdl_tomorrowland_monsters_inc_ride_and_go_seek,2026-10-09T08:31:52.165Z,50,OPERATING,4ed6a812-df04-4aa8-acb9-c6b164dbb706
tokyo_disneyland,tdl_toontown_roger_rabbits_car_toon_spin,2026-10-09T08:31:36.436Z,25,OPERATING,73384e33-a86a-4601-996f-61dbffba6ec2
tokyo_disneyland,tdl_toontown_goofys_paint_and_play_house,2026-10-09T08:31:36.445Z,5,OPERATING,74f17654-ceb1-4f12-9c19-ce6ed0587f33
tokyo_disneyland,tdl_tomorrowland_baymax_happy_ride,2026-10-09T08:31:52.173Z,80,OPERATING,ca00a0e8-f069-4d0a-9d5e-10cb63010956
tokyo_disneyland,tdl_critter_country_splash_mountain,2026-10-09T08:31:52.157Z,60,OPERATING,dfe25d8e-e234-4020-a261-30c6825d0680
tokyo_disneyland,tdl_westernland_big_thunder_mountain,2026-10-09T08:31:52.145Z,40,OPERATING,e3577b4a-f1d9-4ec5-aacf-b99977ea88c9
tokyo_disneyland,tdl_new_fantasyland_enchanted_tale_of_beauty_and_the_beast,2026-10-09T08:31:52.182Z,90,OPERATING,e76670f0-9f5f-4918-8491-9bf51e73a596
tokyo_disneyland,tdl_tomorrowland_monsters_inc_ride_and_go_seek,2026-10-09T08:38:20.514Z,40,OPERATING,4ed6a812-df04-4aa8-acb9-c6b164dbb706
tokyo_disneyland,tdl_toontown_gadgets_go_coaster,2026-10-09T08:37:59.388Z,30,OPERATING,52c5e406-67e2-4d37-aee8-987644d87b63
tokyo_disneyland,tdl_fantasyland_snow_whites_adventures,2026-10-09T08:37:59.364Z,15,OPERATING,a853aadd-2337-435a-b0a3-2c03db96e5e1
tokyo_disneyland,tdl_fantasyland_poohs_hunny_hunt,2026-10-09T08:38:20.503Z,50,OPERATING,a88464b5-2cf5-4ef1-b38f-96e07b233bf2
tokyo_disneyland,tdl_tomorrowland_baymax_happy_ride,2026-10-09T08:37:59.405Z,80,OPERATING,ca00a0e8-f069-4d0a-9d5e-10cb63010956
tokyo_disneyland,tdl_critter_country_splash_mountain,2026-10-09T08:37:59.355Z,60,OPERATING,dfe25d8e-e234-4020-a261-30c6825d0680
tokyo_disneyland,tdl_westernland_big_thunder_mountain,2026-10-09T08:37:59.345Z,40,OPERATING,e3577b4a-f1d9-4ec5-aacf-b99977ea88c9
tokyo_disneyland,tdl_fantasyland_peter_pans_flight,2026-10-09T08:40:11.341Z,40,OPERATING,e541ad8f-1457-469a-8f35-457555f475ad
tokyo_disneyland,tdl_new_fantasyland_enchanted_tale_of_beauty_and_the_beast,2026-10-09T08:37:59.413Z,90,OPERATING,e76670f0-9f5f-4918-8491-9bf51e73a596
tokyo_disneyland,tdl_westernland_shooting_gallery,2026-10-09T08:43:47.998Z,15,OPERATING,4876ec54-92ed-4b0c-8b1b-292bba89c61c
tokyo_disneyland,tdl_toontown_gadgets_go_coaster,2026-10-09T08:43:48.026Z,25,OPERATING,52c5e406-67e2-4d37-aee8-987644d87b63
tokyo_disneyland,tdl_fantasyland_poohs_hunny_hunt,2026-10-09T08:44:37.392Z,40,OPERATING,a88464b5-2cf5-4ef1-b38f-96e07b233bf2
tokyo_disneyland,tdl_tomorrowland_baymax_happy_ride,2026-10-09T08:44:37.399Z,80,OPERATING,ca00a0e8-f069-4d0a-9d5e-10cb63010956
tokyo_disneyland,tdl_critter_country_splash_mountain,2026-10-09T08:44:37.384Z,60,OPERATING,dfe25d8e-e234-4020-a261-30c6825d0680
tokyo_disneyland,tdl_westernland_big_thunder_mountain,2026-10-09T08:44:37.374Z,40,OPERATING,e3577b4a-f1d9-4ec5-aacf-b99977ea88c9
tokyo_disneyland,tdl_new_fantasyland_enchanted_tale_of_beauty_and_the_beast,2026-10-09T08:44:37.407Z,90,OPERATING,e76670f0-9f5f-4918-8491-9bf51e73a596
tokyo_disneyland,tdl_fantasyland_its_a_small_world,2026-10-09T08:47:30.355Z,10,OPERATING,0de1b543-46fd-4c3f-81c8-31d0cab9ef63
tokyo_disneyland,tdl_fantasyland_snow_whites_adventures,2026-10-09T08:47:30.348Z,20,OPERATING,a853aadd-2337-435a-b0a3-2c03db96e5e1
tokyo_disneyland,tdl_fantasyland_peter_pans_flight,2026-10-09T08:47:30.337Z,30,OPERATING,e541ad8f-1457-469a-8f35-457555f475ad
tokyo_disneyland,tdl_tomorrowland_monsters_inc_ride_and_go_seek,2026-10-09T08:50:22.821Z,40,OPERATING,4ed6a812-df04-4aa8-acb9-c6b164dbb706
tokyo_disneyland,tdl_fantasyland_poohs_hunny_hunt,2026-10-09T08:50:22.814Z,40,OPERATING,a88464b5-2cf5-4ef1-b38f-96e07b233bf2
tokyo_disneyland,tdl_tomorrowland_baymax_happy_ride,2026-10-09T08:51:04.658Z,70,OPERATING,ca00a0e8-f069-4d0a-9d5e-10cb63010956
tokyo_disneyland,tdl_critter_country_splash_mountain,2026-10-09T08:50:22.807Z,60,OPERATING,dfe25d8e-e234-4020-a261-30c6825d0680
tokyo_disneyland,tdl_adventureland_jungle_cruise,2026-10-09T08:53:21.230Z,30,OPERATING,e0887415-3da2-458c-8b88-0691e6b8ab63
tokyo_disneyland,tdl_westernland_big_thunder_mountain,2026-10-09T08:50:22.797Z,40,OPERATING,e3577b4a-f1d9-4ec5-aacf-b99977ea88c9
tokyo_disneyland,tdl_new_fantasyland_enchanted_tale_of_beauty_and_the_beast,2026-10-09T08:50:22.834Z,90,OPERATING,e76670f0-9f5f-4918-8491-9bf51e73a596
tokyo_disneyland,tdl_westernland_shooting_gallery,2026-10-09T08:56:57.930Z,10,OPERATING,4876ec54-92ed-4b0c-8b1b-292bba89c61c
tokyo_disneyland,tdl_tomorrowland_monsters_inc_ride_and_go_seek,2026-10-09T08:59:54.219Z,50,OPERATING,4ed6a812-df04-4aa8-acb9-c6b164dbb706
tokyo_disneyland,tdl_tomorrowland_star_tours,2026-10-09T08:56:57.966Z,15,OPERATING,512fd34c-2f0a-4e0a-bcc1-ef4d15c5f803
tokyo_disneyland,tdl_toontown_roger_rabbits_car_toon_spin,2026-10-09T08:59:51.074Z,20,OPERATING,73384e33-a86a-4601-996f-61dbffba6ec2
tokyo_disneyland,tdl_fantasyland_poohs_hunny_hunt,2026-10-09T08:56:57.958Z,40,OPERATING,a88464b5-2cf5-4ef1-b38f-96e07b233bf2
tokyo_disneyland,tdl_tomorrowland_baymax_happy_ride,2026-10-09T08:59:54.225Z,60,OPERATING,ca00a0e8-f069-4d0a-9d5e-10cb63010956
tokyo_disneyland,tdl_critter_country_splash_mountain,2026-10-09T08:59:54.210Z,60,OPERATING,dfe25d8e-e234-4020-a261-30c6825d0680
tokyo_disneyland,tdl_westernland_big_thunder_mountain,2026-10-09T08:56:57.940Z,40,OPERATING,e3577b4a-f1d9-4ec5-aacf-b99977ea88c9
tokyo_disneyland,tdl_new_fantasyland_enchanted_tale_of_beauty_and_the_beast,2026-10-09T08:56:57.983Z,90,OPERATING,e76670f0-9f5f-4918-8491-9bf51e73a596
tokyo_disneyland,tdl_tomorrowland_monsters_inc_ride_and_go_seek,2026-10-09T09:03:47.752Z,50,OPERATING,4ed6a812-df04-4aa8-acb9-c6b164dbb706
tokyo_disneyland,tdl_fantasyland_poohs_hunny_hunt,2026-10-09T09:03:47.746Z,40,OPERATING,a88464b5-2cf5-4ef1-b38f-96e07b233bf2
tokyo_disneyland,tdl_tomorrowland_baymax_happy_ride,2026-10-09T09:03:47.759Z,60,OPERATING,ca00a0e8-f069-4d0a-9d5e-10cb63010956
tokyo_disneyland,tdl_critter_country_splash_mountain,2026-10-09T09:03:47.740Z,60,OPERATING,dfe25d8e-e234-4020-a261-30c6825d0680
tokyo_disneyland,tdl_westernland_big_thunder_mountain,2026-10-09T09:03:47.733Z,40,OPERATING,e3577b4a-f1d9-4ec5-aacf-b99977ea88c9
tokyo_disneyland,tdl_new_fantasyland_enchanted_tale_of_beauty_and_the_beast,2026-10-09T09:03:47.765Z,90,OPERATING,e76670f0-9f5f-4918-8491-9bf51e73a596
tokyo_disneyland,tdl_tomorrowland_monsters_inc_ride_and_go_seek,2026-10-09T09:08:56.628Z,50,OPERATING,4ed6a812-df04-4aa8-acb9-c6b164dbb706
tokyo_disneyland,tdl_toontown_gadgets_go_coaster,2026-10-09T09:05:55.982Z,15,OPERATING,52c5e406-67e2-4d37-aee8-987644d87b63
tokyo_disneyland,tdl_fantasyland_snow_whites_adventures,2026-10-09T09:05:55.970Z,15,OPERATING,a853aadd-2337-435a-b0a3-2c03db96e5e1
tokyo_disneyland,tdl_fantasyland_poohs_hunny_hunt,2026-10-09T09:08:56.622Z,40,OPERATING,a88464b5-2cf5-4ef1-b38f-96e07b233bf2
tokyo_disneyland,tdl_tomorrowland_baymax_happy_ride,2026-10-09T09:08:56.634Z,60,OPERATING,ca00a0e8-f069-4d0a-9d5e-10cb63010956
tokyo_disneyland,tdl_critter_country_splash_mountain,2026-10-09T09:08:56.615Z,60,OPERATING,dfe25d8e-e234-4020-a261-30c6825d0680
tokyo_disneyland,tdl_westernland_big_thunder_mountain,2026-10-09T09:08:56.607Z,40,OPERATING,e3577b4a-f1d9-4ec5-aacf-b99977ea88c9
tokyo_disneyland,tdl_new_fantasyland_enchanted_tale_of_beauty_and_the_beast,2026-10-09T09:08:56.640Z,90,OPERATING,e76670f0-9f5f-4918-8491-9bf51e73a596
tokyo_disneyland,tdl_fantasyland_castle_carrousel,2026-10-09T09:13:13.722Z,20,OPERATING,1fb05b7d-953a-4fa7-b7ed-db2eb62b85bf
tokyo_disneyland,tdl_new_fantasyland_enchanted_tale_of_beauty_and_the_beast,2026-10-09T09:11:56.460Z,120,OPERATING,e76670f0-9f5f-4918-8491-9bf51e73a596
tokyo_disneyland,tdl_fantasyland_its_a_small_world,2026-10-09T09:16:59.408Z,5,OPERATING,0de1b543-46fd-4c3f-81c8-31d0cab9ef63
tokyo_disneyland,tdl_tomorrowland_monsters_inc_ride_and_go_seek,2026-10-09T09:19:59.772Z,40,OPERATING,4ed6a812-df04-4aa8-acb9-c6b164dbb706
tokyo_disneyland,tdl_tomorrowland_star_tours,2026-10-09T09:18:15.084Z,5,OPERATING,512fd34c-2f0a-4e0a-bcc1-ef4d15c5f803
tokyo_disneyland,tdl_adventureland_pirates_of_the_caribbean,2026-10-09T09:19:59.758Z,5,OPERATING,52eb0fc9-5853-49c8-8c72-1e5e83aae1c1
tokyo_disneyland,tdl_fantasyland_snow_whites_adventures,2026-10-09T09:19:59.766Z,20,OPERATING,a853aadd-2337-435a-b0a3-2c03db96e5e1
tokyo_disneyland,tdl_fantasyland_poohs_hunny_hunt,2026-10-09T09:16:59.415Z,40,OPERATING,a88464b5-2cf5-4ef1-b38f-96e07b233bf2
tokyo_disneyland,tdl_tomorrowland_baymax_happy_ride,2026-10-09T09:16:59.431Z,60,OPERATING,ca00a0e8-f069-4d0a-9d5e-10cb63010956
tokyo_disneyland,tdl_critter_country_splash_mountain,2026-10-09T09:16:59.401Z,60,OPERATING,dfe25d8e-e234-4020-a261-30c6825d0680
tokyo_disneyland,tdl_adventureland_jungle_cruise,2026-10-09T09:18:15.076Z,25,OPERATING,e0887415-3da2-458c-8b88-0691e6b8ab63
tokyo_disneyland,tdl_westernland_big_thunder_mountain,2026-10-09T09:16:59.394Z,40,OPERATING,e3577b4a-f1d9-4ec5-aacf-b99977ea88c9
tokyo_disneyland,tdl_new_fantasyland_enchanted_tale_of_beauty_and_the_beast,2026-10-09T09:19:59.778Z,100,OPERATING,e76670f0-9f5f-4918-8491-9bf51e73a596
tokyo_disneyland,tdl_tomorrowland_monsters_inc_ride_and_go_seek,2026-10-09T09:21:01.352Z,40,OPERATING,4ed6a812-df04-4aa8-acb9-c6b164dbb706
tokyo_disneyland,tdl_adventureland_western_river_railroad,2026-10-09T09:23:46.389Z,15,OPERATING,6ee0697f-57ba-4c7b-8216-7c55b21288d4
tokyo_disneyland,tdl_fantasyland_poohs_hunny_hunt,2026-10-09T09:21:01.324Z,40,OPERATING,a88464b5-2cf5-4ef1-b38f-96e07b233bf2
tokyo_disneyland,tdl_tomorrowland_baymax_happy_ride,2026-10-09T09:24:01.596Z,70,OPERATING,ca00a0e8-f069-4d0a-9d5e-10cb63010956
tokyo_disneyland,tdl_critter_country_splash_mountain,2026-10-09T09:21:01.305Z,60,OPERATING,dfe25d8e-e234-4020-a261-30c6825d0680
tokyo_disneyland,tdl_westernland_big_thunder_mountain,2026-10-09T09:21:01.276Z,40,OPERATING,e3577b4a-f1d9-4ec5-aacf-b99977ea88c9
tokyo_disneyland,tdl_new_fantasyland_enchanted_tale_of_beauty_and_the_beast,2026-10-09T09:21:01.378Z,100,OPERATING,e76670f0-9f5f-4918-8491-9bf51e73a596
tokyo_disneyland,tdl_critter_country_splash_mountain,2026-10-09T09:27:01.827Z,50,OPERATING,dfe25d8e-e234-4020-a261-30c6825d0680
tokyo_disneyland,tdl_tomorrowland_monsters_inc_ride_and_go_seek,2026-10-09T09:33:02.899Z,40,OPERATING,4ed6a812-df04-4aa8-acb9-c6b164dbb706
tokyo_disneyland,tdl_toontown_gadgets_go_coaster,2026-10-09T09:33:02.882Z,20,OPERATING,52c5e406-67e2-4d37-aee8-987644d87b63
tokyo_disneyland,tdl_adventureland_pirates_of_the_caribbean,2026-10-09T09:33:02.812Z,10,OPERATING,52eb0fc9-5853-49c8-8c72-1e5e83aae1c1
tokyo_disneyland,tdl_fantasyland_poohs_hunny_hunt,2026-10-09T09:33:02.871Z,40,OPERATING,a88464b5-2cf5-4ef1-b38f-96e07b233bf2
tokyo_disneyland,tdl_tomorrowland_baymax_happy_ride,2026-10-09T09:33:02.915Z,70,OPERATING,ca00a0e8-f069-4d0a-9d5e-10cb63010956
tokyo_disneyland,tdl_critter_country_splash_mountain,2026-10-09T09:33:02.840Z,50,OPERATING,dfe25d8e-e234-4020-a261-30c6825d0680
tokyo_disneyland,tdl_westernland_big_thunder_mountain,2026-10-09T09:33:02.824Z,40,OPERATING,e3577b4a-f1d9-4ec5-aacf-b99977ea88c9
tokyo_disneyland,tdl_new_fantasyland_enchanted_tale_of_beauty_and_the_beast,2026-10-09T09:33:02.932Z,90,OPERATING,e76670f0-9f5f-4918-8491-9bf51e73a596
tokyo_disneyland,tdl_fantasyland_poohs_hunny_hunt,2026-10-09T09:39:43.927Z,50,OPERATING,a88464b5-2cf5-4ef1-b38f-96e07b233bf2
tokyo_disneyland,tdl_westernland_big_thunder_mountain,2026-10-09T09:37:07.578Z,30,OPERATING,e3577b4a-f1d9-4ec5-aacf-b99977ea88c9
tokyo_disneyland,tdl_tomorrowland_monsters_inc_ride_and_go_seek,2026-10-09T09:43:26.861Z,30,OPERATING,4ed6a812-df04-4aa8-acb9-c6b164dbb706
tokyo_disneyland,tdl_fantasyland_poohs_hunny_hunt,2026-10-09T09:43:26.850Z,50,OPERATING,a88464b5-2cf5-4ef1-b38f-96e07b233bf2
tokyo_disneyland,tdl_tomorrowland_baymax_happy_ride,2026-10-09T09:43:26.873Z,70,OPERATING,ca00a0e8-f069-4d0a-9d5e-10cb63010956
tokyo_disneyland,tdl_critter_country_splash_mountain,2026-10-09T09:43:26.832Z,50,OPERATING,dfe25d8e-e234-4020-a261-30c6825d0680
tokyo_disneyland,tdl_new_fantasyland_enchanted_tale_of_beauty_and_the_beast,2026-10-09T09:43:26.883Z,80,OPERATING,e76670f0-9f5f-4918-8491-9bf51e73a596
tokyo_disneyland,tdl_westernland_shooting_gallery,2026-10-09T09:45:33.114Z,5,OPERATING,4876ec54-92ed-4b0c-8b1b-292bba89c61c
tokyo_disneyland,tdl_tomorrowland_monsters_inc_ride_and_go_seek,2026-10-09T09:45:33.147Z,30,OPERATING,4ed6a812-df04-4aa8-acb9-c6b164dbb706
tokyo_disneyland,tdl_toontown_gadgets_go_coaster,2026-10-09T09:49:02.339Z,15,OPERATING,52c5e406-67e2-4d37-aee8-987644d87b63
tokyo_disneyland,tdl_adventureland_western_river_railroad,2026-10-09T09:45:33.107Z,20,OPERATING,6ee0697f-57ba-4c7b-8216-7c55b21288d4
tokyo_disneyland,tdl_fantasyland_snow_whites_adventures,2026-10-09T09:45:33.134Z,15,OPERATING,a853aadd-2337-435a-b0a3-2c03db96e5e1
tokyo_disneyland,tdl_fantasyland_poohs_hunny_hunt,2026-10-09T09:46:19.525Z,40,OPERATING,a88464b5-2cf5-4ef1-b38f-96e07b233bf2
tokyo_disneyland,tdl_tomorrowland_baymax_happy_ride,2026-10-09T09:45:33.154Z,70,OPERATING,ca00a0e8-f069-4d0a-9d5e-10cb63010956
tokyo_disneyland,tdl_critter_country_splash_mountain,2026-10-09T09:46:19.516Z,40,OPERATING,dfe25d8e-e234-4020-a261-30c6825d0680
tokyo_disneyland,tdl_adventureland_jungle_cruise,2026-10-09T09:45:33.096Z,20,OPERATING,e0887415-3da2-458c-8b88-0691e6b8ab63
tokyo_disneyland,tdl_westernland_big_thunder_mountain,2026-10-09T09:45:33.121Z,30,OPERATING,e3577b4a-f1d9-4ec5-aacf-b99977ea88c9
tokyo_disneyland,tdl_new_fantasyland_enchanted_tale_of_beauty_and_the_beast,2026-10-09T09:45:33.160Z,80,OPERATING,e76670f0-9f5f-4918-8491-9bf51e73a596
tokyo_disneyland,tdl_fantasyland_castle_carrousel,2026-10-09T09:55:03.471Z,15,OPERATING,1fb05b7d-953a-4fa7-b7ed-db2eb62b85bf
tokyo_disneyland,tdl_toontown_gadgets_go_coaster,2026-10-09T09:55:03.498Z,10,OPERATING,52c5e406-67e2-4d37-aee8-987644d87b63
tokyo_disneyland,tdl_new_fantasyland_enchanted_tale_of_beauty_and_the_beast,2026-10-09T09:55:03.516Z,90,OPERATING,e76670f0-9f5f-4918-8491-9bf51e73a596
tokyo_disneyland,tdl_tomorrowland_monsters_inc_ride_and_go_seek,2026-10-09T09:58:09.144Z,30,OPERATING,4ed6a812-df04-4aa8-acb9-c6b164dbb706
tokyo_disneyland,tdl_fantasyland_poohs_hunny_hunt,2026-10-09T09:58:09.135Z,40,OPERATING,a88464b5-2cf5-4ef1-b38f-96e07b233bf2
tokyo_disneyland,tdl_tomorrowland_baymax_happy_ride,2026-10-09T09:58:09.157Z,70,OPERATING,ca00a0e8-f069-4d0a-9d5e-10cb63010956
tokyo_disneyland,tdl_critter_country_splash_mountain,2026-10-09T09:58:09.127Z,40,OPERATING,dfe25d8e-e234-4020-a261-30c6825d0680
tokyo_disneyland,tdl_westernland_big_thunder_mountain,2026-10-09T09:58:09.117Z,30,OPERATING,e3577b4a-f1d9-4ec5-aacf-b99977ea88c9
tokyo_disneyland,tdl_new_fantasyland_enchanted_tale_of_beauty_and_the_beast,2026-10-09T09:58:09.168Z,90,OPERATING,e76670f0-9f5f-4918-8491-9bf51e73a596
tokyo_disneyland,tdl_fantasyland_castle_carrousel,2026-10-09T10:04:29.824Z,10,OPERATING,1fb05b7d-953a-4fa7-b7ed-db2eb62b85bf
tokyo_disneyland,tdl_fantasyland_mickeys_philharmagic,2026-10-09T10:04:29.811Z,5,OPERATING,392ca2e8-afe0-4103-b296-c45bd373d036
tokyo_disneyland,tdl_toontown_gadgets_go_coaster,2026-10-09T10:04:29.831Z,5,OPERATING,52c5e406-67e2-4d37-aee8-987644d87b63
tokyo_disneyland,tdl_adventureland_pirates_of_the_caribbean,2026-10-09T10:04:29.785Z,5,OPERATING,52eb0fc9-5853-49c8-8c72-1e5e83aae1c1
tokyo_disneyland,tdl_fantasyland_pinocchios_daring_journey,2026-10-09T10:04:29.818Z,5,OPERATING,6922377e-0ff4-481f-9da3-35051938732a
tokyo_disneyland,tdl_adventureland_western_river_railroad,2026-10-09T10:04:29.794Z,15,OPERATING,6ee0697f-57ba-4c7b-8216-7c55b21288d4
tokyo_disneyland,tdl_fantasyland_peter_pans_flight,2026-10-09T10:04:29.803Z,25,OPERATING,e541ad8f-1457-469a-8f35-457555f475ad
tokyo_disneyland,tdl_new_fantasyland_enchanted_tale_of_beauty_and_the_beast,2026-10-09T10:04:37.350Z,80,OPERATING,e76670f0-9f5f-4918-8491-9bf51e73a596
tokyo_disneyland,tdl_tomorrowland_monsters_inc_ride_and_go_seek,2026-10-09T10:07:50.097Z,30,OPERATING,4ed6a812-df04-4aa8-acb9-c6b164dbb706
tokyo_disneyland,tdl_adventureland_western_river_railroad,2026-10-09T10:07:17.463Z,25,OPERATING,6ee0697f-57ba-4c7b-8216-7c55b21288d4
tokyo_disneyland,tdl_fantasyland_poohs_hunny_hunt,2026-10-09T10:07:50.090Z,40,OPERATING,a88464b5-2cf5-4ef1-b38f-96e07b233bf2
tokyo_disneyland,tdl_tomorrowland_baymax_happy_ride,2026-10-09T10:07:50.105Z,70,OPERATING,ca00a0e8-f069-4d0a-9d5e-10cb63010956
tokyo_disneyland,tdl_critter_country_splash_mountain,2026-10-09T10:07:50.082Z,40,OPERATING,dfe25d8e-e234-4020-a261-30c6825d0680
tokyo_disneyland,tdl_adventureland_jungle_cruise,2026-10-09T10:07:17.452Z,15,OPERATING,e0887415-3da2-458c-8b88-0691e6b8ab63
tokyo_disneyland,tdl_westernland_big_thunder_mountain,2026-10-09T10:07:50.073Z,30,OPERATING,e3577b4a-f1d9-4ec5-aacf-b99977ea88c9
tokyo_disneyland,tdl_new_fantasyland_enchanted_tale_of_beauty_and_the_beast,2026-10-09T10:07:50.113Z,80,OPERATING,e76670f0-9f5f-4918-8491-9bf51e73a596
tokyo_disneyland,tdl_tomorrowland_monsters_inc_ride_and_go_seek,2026-10-09T10:10:22.452Z,30,OPERATING,4ed6a812-df04-4aa8-acb9-c6b164dbb706
tokyo_disneyland,tdl_toontown_roger_rabbits_car_toon_spin,2026-10-09T10:10:20.658Z,15,OPERATING,73384e33-a86a-4601-996f-61dbffba6ec2
tokyo_disneyland,tdl_fantasyland_snow_whites_adventures,2026-10-09T10:13:14.760Z,5,OPERATING,a853aadd-2337-435a-b0a3-2c03db96e5e1
tokyo_disneyland,tdl_fantasyland_poohs_hunny_hunt,2026-10-09T10:10:22.444Z,40,OPERATING,a88464b5-2cf5-4ef1-b38f-96e07b233bf2
tokyo_disneyland,tdl_tomorrowland_baymax_happy_ride,2026-10-09T10:10:22.460Z,70,OPERATING,ca00a0e8-f069-4d0a-9d5e-10cb63010956
tokyo_disneyland,tdl_fantasyland_alices_tea_party,2026-10-09T10:10:20.651Z,5,OPERATING,cfaa7d1c-111e-49b9-b21b-134eac4000e8
tokyo_disneyland,tdl_critter_country_splash_mountain,2026-10-09T10:10:22.436Z,40,OPERATING,dfe25d8e-e234-4020-a261-30c6825d0680
tokyo_disneyland,tdl_westernland_big_thunder_mountain,2026-10-09T10:10:22.429Z,30,OPERATING,e3577b4a-f1d9-4ec5-aacf-b99977ea88c9
tokyo_disneyland,tdl_fantasyland_peter_pans_flight,2026-10-09T10:13:14.751Z,15,OPERATING,e541ad8f-1457-469a-8f35-457555f475ad
tokyo_disneyland,tdl_new_fantasyland_enchanted_tale_of_beauty_and_the_beast,2026-10-09T10:10:22.467Z,80,OPERATING,e76670f0-9f5f-4918-8491-9bf51e73a596
tokyo_disneyland,tdl_tomorrowland_monsters_inc_ride_and_go_seek,2026-10-09T10:18:06.351Z,30,OPERATING,4ed6a812-df04-4aa8-acb9-c6b164dbb706
tokyo_disneyland,tdl_fantasyland_poohs_hunny_hunt,2026-10-09T10:18:06.345Z,40,OPERATING,a88464b5-2cf5-4ef1-b38f-96e07b233bf2
tokyo_disneyland,tdl_tomorrowland_baymax_happy_ride,2026-10-09T10:18:06.362Z,70,OPERATING,ca00a0e8-f069-4d0a-9d5e-10cb63010956
tokyo_disneyland,tdl_critter_country_splash_mountain,2026-10-09T10:18:06.331Z,40,OPERATING,dfe25d8e-e234-4020-a261-30c6825d0680
tokyo_disneyland,tdl_westernland_big_thunder_mountain,2026-10-09T10:18:06.323Z,30,OPERATING,e3577b4a-f1d9-4ec5-aacf-b99977ea88c9
tokyo_disneyland,tdl_new_fantasyland_enchanted_tale_of_beauty_and_the_beast,2026-10-09T10:18:06.368Z,80,OPERATING,e76670f0-9f5f-4918-8491-9bf51e73a596
tokyo_disneyland,tdl_tomorrowland_monsters_inc_ride_and_go_seek,2026-10-09T10:24:20.232Z,25,OPERATING,4ed6a812-df04-4aa8-acb9-c6b164dbb706
tokyo_disneyland,tdl_fantasyland_poohs_hunny_hunt,2026-10-09T10:22:13.575Z,40,OPERATING,a88464b5-2cf5-4ef1-b38f-96e07b233bf2
tokyo_disneyland,tdl_tomorrowland_baymax_happy_ride,2026-10-09T10:22:13.590Z,70,OPERATING,ca00a0e8-f069-4d0a-9d5e-10cb63010956
tokyo_disneyland,tdl_westernland_big_thunder_mountain,2026-10-09T10:22:13.556Z,30,OPERATING,e3577b4a-f1d9-4ec5-aacf-b99977ea88c9
tokyo_disneyland,tdl_new_fantasyland_enchanted_tale_of_beauty_and_the_beast,2026-10-09T10:22:13.597Z,80,OPERATING,e76670f0-9f5f-4918-8491-9bf51e73a596
tokyo_disneyland,tdl_fantasyland_castle_carrousel,2026-10-09T10:28:22.576Z,5,OPERATING,1fb05b7d-953a-4fa7-b7ed-db2eb62b85bf
tokyo_disneyland,tdl_tomorrowland_monsters_inc_ride_and_go_seek,2026-10-09T10:34:38.790Z,25,OPERATING,4ed6a812-df04-4aa8-acb9-c6b164dbb706
tokyo_disneyland,tdl_toontown_roger_rabbits_car_toon_spin,2026-10-09T10:32:44.179Z,5,OPERATING,73384e33-a86a-4601-996f-61dbffba6ec2
tokyo_disneyland,tdl_fantasyland_snow_whites_adventures,2026-10-09T10:32:44.161Z,10,OPERATING,a853aadd-2337-435a-b0a3-2c03db96e5e1
tokyo_disneyland,tdl_fantasyland_poohs_hunny_hunt,2026-10-09T10:34:38.781Z,30,OPERATING,a88464b5-2cf5-4ef1-b38f-96e07b233bf2
tokyo_disneyland,tdl_tomorrowland_baymax_happy_ride,2026-10-09T10:34:38.798Z,70,OPERATING,ca00a0e8-f069-4d0a-9d5e-10cb63010956
tokyo_disneyland,tdl_westernland_big_thunder_mountain,2026-10-09T10:34:38.764Z,30,OPERATING,e3577b4a-f1d9-4ec5-aacf-b99977ea88c9
tokyo_disneyland,tdl_new_fantasyland_enchanted_tale_of_beauty_and_the_beast,2026-10-09T10:34:38.809Z,70,OPERATING,e76670f0-9f5f-4918-8491-9bf51e73a596
tokyo_disneyland,tdl_tomorrowland_baymax_happy_ride,2026-10-09T10:37:43.127Z,60,OPERATING,ca00a0e8-f069-4d0a-9d5e-10cb63010956
tokyo_disneyland,tdl_tomorrowland_monsters_inc_ride_and_go_seek,2026-10-09T10:43:17.603Z,25,OPERATING,4ed6a812-df04-4aa8-acb9-c6b164dbb706
tokyo_disneyland,tdl_fantasyland_poohs_hunny_hunt,2026-10-09T10:43:17.593Z,30,OPERATING,a88464b5-2cf5-4ef1-b38f-96e07b233bf2
tokyo_disneyland,tdl_tomorrowland_baymax_happy_ride,2026-10-09T10:43:17.612Z,60,OPERATING,ca00a0e8-f069-4d0a-9d5e-10cb63010956
tokyo_disneyland,tdl_adventureland_jungle_cruise,2026-10-09T10:43:17.567Z,5,OPERATING,e0887415-3da2-458c-8b88-0691e6b8ab63
tokyo_disneyland,tdl_westernland_big_thunder_mountain,2026-10-09T10:43:59.503Z,40,OPERATING,e3577b4a-f1d9-4ec5-aacf-b99977ea88c9
tokyo_disneyland,tdl_new_fantasyland_enchanted_tale_of_beauty_and_the_beast,2026-10-09T10:43:17.622Z,70,OPERATING,e76670f0-9f5f-4918-8491-9bf51e73a596
tokyo_disneyland,tdl_tomorrowland_monsters_inc_ride_and_go_seek,2026-10-09T10:50:26.320Z,40,OPERATING,4ed6a812-df04-4aa8-acb9-c6b164dbb706
tokyo_disneyland,tdl_fantasyland_snow_whites_adventures,2026-10-09T10:46:04.710Z,15,OPERATING,a853aadd-2337-435a-b0a3-2c03db96e5e1
tokyo_disneyland,tdl_fantasyland_poohs_hunny_hunt,2026-10-09T10:50:26.310Z,50,OPERATING,a88464b5-2cf5-4ef1-b38f-96e07b233bf2
tokyo_disneyland,tdl_tomorrowland_baymax_happy_ride,2026-10-09T10:50:26.328Z,50,OPERATING,ca00a0e8-f069-4d0a-9d5e-10cb63010956
tokyo_disneyland,tdl_adventureland_jungle_cruise,2026-10-09T10:50:26.292Z,10,OPERATING,e0887415-3da2-458c-8b88-0691e6b8ab63
tokyo_disneyland,tdl_westernland_big_thunder_mountain,2026-10-09T10:47:03.746Z,40,OPERATING,e3577b4a-f1d9-4ec5-aacf-b99977ea88c9
tokyo_disneyland,tdl_fantasyland_peter_pans_flight,2026-10-09T10:50:26.301Z,40,OPERATING,e541ad8f-1457-469a-8f35-457555f475ad
tokyo_disneyland,tdl_new_fantasyland_enchanted_tale_of_beauty_and_the_beast,2026-10-09T10:50:26.338Z,50,OPERATING,e76670f0-9f5f-4918-8491-9bf51e73a596
tokyo_disneyland,tdl_tomorrowland_monsters_inc_ride_and_go_seek,2026-10-09T10:53:29.004Z,30,OPERATING,4ed6a812-df04-4aa8-acb9-c6b164dbb706
tokyo_disneyland,tdl_fantasyland_poohs_hunny_hunt,2026-10-09T10:50:33.753Z,50,OPERATING,a88464b5-2cf5-4ef1-b38f-96e07b233bf2
tokyo_disneyland,tdl_tomorrowland_baymax_happy_ride,2026-10-09T10:53:29.010Z,50,OPERATING,ca00a0e8-f069-4d0a-9d5e-10cb63010956
tokyo_disneyland,tdl_adventureland_jungle_cruise,2026-10-09T10:52:31.036Z,15,OPERATING,e0887415-3da2-458c-8b88-0691e6b8ab63
tokyo_disneyland,tdl_new_fantasyland_enchanted_tale_of_beauty_and_the_beast,2026-10-09T10:50:33.816Z,50,OPERATING,e76670f0-9f5f-4918-8491-9bf51e73a596
tokyo_disneyland,tdl_fantasyland_castle_carrousel,2026-10-09T10:56:17.847Z,15,OPERATING,1fb05b7d-953a-4fa7-b7ed-db2eb62b85bf
tokyo_disneyland,tdl_tomorrowland_monsters_inc_ride_and_go_seek,2026-10-09T10:59:40.514Z,30,OPERATING,4ed6a812-df04-4aa8-acb9-c6b164dbb706
tokyo_disneyland,tdl_adventureland_pirates_of_the_caribbean,2026-10-09T10:56:17.811Z,10,OPERATING,52eb0fc9-5853-49c8-8c72-1e5e83aae1c1
tokyo_disneyland,tdl_fantasyland_poohs_hunny_hunt,2026-10-09T10:59:40.506Z,50,OPERATING,a88464b5-2cf5-4ef1-b38f-96e07b233bf2
tokyo_disneyland,tdl_tomorrowland_baymax_happy_ride,2026-10-09T10:59:40.523Z,50,OPERATING,ca00a0e8-f069-4d0a-9d5e-10cb63010956
tokyo_disneyland,tdl_adventureland_jungle_cruise,2026-10-09T10:56:17.821Z,20,OPERATING,e0887415-3da2-458c-8b88-0691e6b8ab63
tokyo_disneyland,tdl_westernland_big_thunder_mountain,2026-10-09T10:59:40.498Z,40,OPERATING,e3577b4a-f1d9-4ec5-aacf-b99977ea88c9
tokyo_disneyland,tdl_fantasyland_peter_pans_flight,2026-10-09T10:56:50.384Z,30,OPERATING,e541ad8f-1457-469a-8f35-457555f475ad
tokyo_disneyland,tdl_new_fantasyland_enchanted_tale_of_beauty_and_the_beast,2026-10-09T10:59:40.531Z,50,OPERATING,e76670f0-9f5f-4918-8491-9bf51e73a596
tokyo_disneyland,tdl_tomorrowland_monsters_inc_ride_and_go_seek,2026-10-09T11:02:57.420Z,40,OPERATING,4ed6a812-df04-4aa8-acb9-c6b164dbb706
tokyo_disneyland,tdl_toontown_gadgets_go_coaster,2026-10-09T11:04:55.369Z,10,OPERATING,52c5e406-67e2-4d37-aee8-987644d87b63
tokyo_disneyland,tdl_fantasyland_pinocchios_daring_journey,2026-10-09T11:04:55.360Z,10,OPERATING,6922377e-0ff4-481f-9da3-35051938732a
tokyo_disneyland,tdl_fantasyland_poohs_hunny_hunt,2026-10-09T11:02:57.412Z,40,OPERATING,a88464b5-2cf5-4ef1-b38f-96e07b233bf2
tokyo_disneyland,tdl_fantasyland_alices_tea_party,2026-10-09T11:02:41.960Z,10,OPERATING,cfaa7d1c-111e-49b9-b21b-134eac4000e8
tokyo_disneyland,tdl_new_fantasyland_enchanted_tale_of_beauty_and_the_beast,2026-10-09T11:02:57.426Z,60,OPERATING,e76670f0-9f5f-4918-8491-9bf51e73a596
tokyo_disneyland,tdl_tomorrowland_baymax_happy_ride,2026-10-09T11:07:55.278Z,50,OPERATING,ca00a0e8-f069-4d0a-9d5e-10cb63010956
tokyo_disneyland,tdl_adventureland_jungle_cruise,2026-10-09T11:07:55.254Z,25,OPERATING,e0887415-3da2-458c-8b88-0691e6b8ab63
tokyo_disneyland,tdl_westernland_big_thunder_mountain,2026-10-09T11:07:55.265Z,40,OPERATING,e3577b4a-f1d9-4ec5-aacf-b99977ea88c9
tokyo_disneyland,tdl_tomorrowland_monsters_inc_ride_and_go_seek,2026-10-09T11:12:23.351Z,40,OPERATING,4ed6a812-df04-4aa8-acb9-c6b164dbb706
tokyo_disneyland,tdl_toontown_gadgets_go_coaster,2026-10-09T11:11:25.509Z,15,OPERATING,52c5e406-67e2-4d37-aee8-987644d87b63
tokyo_disneyland,tdl_fantasyland_poohs_hunny_hunt,2026-10-09T11:12:23.342Z,30,OPERATING,a88464b5-2cf5-4ef1-b38f-96e07b233bf2
tokyo_disneyland,tdl_tomorrowland_baymax_happy_ride,2026-10-09T11:12:23.360Z,50,OPERATING,ca00a0e8-f069-4d0a-9d5e-10cb63010956
tokyo_disneyland,tdl_westernland_big_thunder_mountain,2026-10-09T11:12:23.324Z,40,OPERATING,e3577b4a-f1d9-4ec5-aacf-b99977ea88c9
tokyo_disneyland,tdl_new_fantasyland_enchanted_tale_of_beauty_and_the_beast,2026-10-09T11:12:23.366Z,50,OPERATING,e76670f0-9f5f-4918-8491-9bf51e73a596
tokyo_disneyland,tdl_fantasyland_castle_carrousel,2026-10-09T11:15:30.496Z,20,OPERATING,1fb05b7d-953a-4fa7-b7ed-db2eb62b85bf
tokyo_disneyland,tdl_tomorrowland_monsters_inc_ride_and_go_seek,2026-10-09T11:19:21.988Z,40,OPERATING,4ed6a812-df04-4aa8-acb9-c6b164dbb706
tokyo_disneyland,tdl_tomorrowland_star_tours,2026-10-09T11:15:30.522Z,10,OPERATING,512fd34c-2f0a-4e0a-bcc1-ef4d15c5f803
tokyo_disneyland,tdl_adventureland_pirates_of_the_caribbean,2026-10-09T11:19:21.957Z,10,OPERATING,52eb0fc9-5853-49c8-8c72-1e5e83aae1c1
tokyo_disneyland,tdl_toontown_roger_rabbits_car_toon_spin,2026-10-09T11:15:30.515Z,15,OPERATING,73384e33-a86a-4601-996f-61dbffba6ec2
tokyo_disneyland,tdl_fantasyland_poohs_hunny_hunt,2026-10-09T11:19:21.981Z,25,OPERATING,a88464b5-2cf5-4ef1-b38f-96e07b233bf2
tokyo_disneyland,tdl_tomorrowland_baymax_happy_ride,2026-10-09T11:19:21.995Z,40,OPERATING,ca00a0e8-f069-4d0a-9d5e-10cb63010956
tokyo_disneyland,tdl_westernland_big_thunder_mountain,2026-10-09T11:19:21.965Z,40,OPERATING,e3577b4a-f1d9-4ec5-aacf-b99977ea88c9
tokyo_disneyland,tdl_new_fantasyland_enchanted_tale_of_beauty_and_the_beast,2026-10-09T11:19:22.003Z,50,OPERATING,e76670f0-9f5f-4918-8491-9bf51e73a596
tokyo_disneyland,tdl_tomorrowland_monsters_inc_ride_and_go_seek,2026-10-09T11:25:23.532Z,30,OPERATING,4ed6a812-df04-4aa8-acb9-c6b164dbb706
tokyo_disneyland,tdl_tomorrowland_star_tours,2026-10-09T11:25:23.523Z,5,OPERATING,512fd34c-2f0a-4e0a-bcc1-ef4d15c5f803
tokyo_disneyland,tdl_adventureland_pirates_of_the_caribbean,2026-10-09T11:20:04.240Z,15,OPERATING,52eb0fc9-5853-49c8-8c72-1e5e83aae1c1
tokyo_disneyland,tdl_fantasyland_pinocchios_daring_journey,2026-10-09T11:25:23.487Z,5,OPERATING,6922377e-0ff4-481f-9da3-35051938732a
tokyo_disneyland,tdl_fantasyland_snow_whites_adventures,2026-10-09T11:25:23.475Z,10,OPERATING,a853aadd-2337-435a-b0a3-2c03db96e5e1
tokyo_disneyland,tdl_fantasyland_poohs_hunny_hunt,2026-10-09T11:25:23.512Z,25,OPERATING,a88464b5-2cf5-4ef1-b38f-96e07b233bf2
tokyo_disneyland,tdl_tomorrowland_baymax_happy_ride,2026-10-09T11:21:59.866Z,50,OPERATING,ca00a0e8-f069-4d0a-9d5e-10cb63010956
tokyo_disneyland,tdl_critter_country_splash_mountain,2026-10-09T11:25:23.439Z,30,OPERATING,dfe25d8e-e234-4020-a261-30c6825d0680
tokyo_disneyland,tdl_adventureland_jungle_cruise,2026-10-09T11:20:04.252Z,20,OPERATING,e0887415-3da2-458c-8b88-0691e6b8ab63
tokyo_disneyland,tdl_westernland_big_thunder_mountain,2026-10-09T11:25:23.420Z,30,OPERATING,e3577b4a-f1d9-4ec5-aacf-b99977ea88c9
tokyo_disneyland,tdl_fantasyland_peter_pans_flight,2026-10-09T11:25:23.462Z,25,OPERATING,e541ad8f-1457-469a-8f35-457555f475ad
tokyo_disneyland,tdl_fantasyland_castle_carrousel,2026-10-09T11:27:01.353Z,15,OPERATING,1fb05b7d-953a-4fa7-b7ed-db2eb62b85bf
tokyo_disneyland,tdl_tomorrowland_monsters_inc_ride_and_go_seek,2026-10-09T11:27:01.378Z,30,OPERATING,4ed6a812-df04-4aa8-acb9-c6b164dbb706
tokyo_disneyland,tdl_toontown_gadgets_go_coaster,2026-10-09T11:28:25.815Z,10,OPERATING,52c5e406-67e2-4d37-aee8-987644d87b63
tokyo_disneyland,tdl_fantasyland_poohs_hunny_hunt,2026-10-09T11:29:48.954Z,20,OPERATING,a88464b5-2cf5-4ef1-b38f-96e07b233bf2
tokyo_disneyland,tdl_tomorrowland_baymax_happy_ride,2026-10-09T11:29:48.962Z,50,OPERATING,ca00a0e8-f069-4d0a-9d5e-10cb63010956
tokyo_disneyland,tdl_critter_country_splash_mountain,2026-10-09T11:29:48.946Z,30,OPERATING,dfe25d8e-e234-4020-a261-30c6825d0680
tokyo_disneyland,tdl_adventureland_jungle_cruise,2026-10-09T11:28:25.793Z,15,OPERATING,e0887415-3da2-458c-8b88-0691e6b8ab63
tokyo_disneyland,tdl_westernland_big_thunder_mountain,2026-10-09T11:29:48.936Z,30,OPERATING,e3577b4a-f1d9-4ec5-aacf-b99977ea88c9
