parkId,sourceEntityId,facilityId,name,entityType,observedAt,status,state,returnStart,returnEnd
tokyo_disneysea,10b5b89e-02a6-4456-9ddd-69e06c2bded4,tds_fs_a_002,Rapunzel's Lantern Festival,ATTRACTION,2026-09-06T22:58:39.175Z,CLOSED,AVAILABLE,,
tokyo_disneysea,9fb0c97c-ebf7-4c25-8ea7-a3f4fe2aa9ec,tds_fs_a_001,Anna and Elsa's Frozen Journey,ATTRACTION,2026-09-06T22:58:39.169Z,CLOSED,AVAILABLE,,
tokyo_disneysea,e8c15bc6-aaab-44ef-8285-1d92ebd2c47d,tds_fs_a_003,Peter Pan's Never Land Adventure,ATTRACTION,2026-09-06T22:58:39.183Z,CLOSED,AVAILABLE,,
tokyo_disneysea,c8526be3-e82c-4692-ae44-e8f2d1142c8a,tds_mi_a_002,Journey to the Center of the Earth,ATTRACTION,2026-09-06T22:58:39.146Z,CLOSED,AVAILABLE,,
tokyo_disneysea,abb5d6ec-469e-4ab0-8685-5f04e9749653,tds_aw_a_003,Toy Story Mania!,ATTRACTION,2026-09-06T22:58:39.132Z,CLOSED,AVAILABLE,,
tokyo_disneysea,dd942cd2-b364-4262-af12-ca1a5012528b,tds_lrd_a_002,Raging Spirits,ATTRACTION,2026-09-06T22:58:39.154Z,CLOSED,AVAILABLE,,
tokyo_disneysea,3407ebac-c575-4c31-b794-1d271014d303,tds_mh_a_003,Soaring: Fantastic Flight,ATTRACTION,2026-09-06T22:58:39.139Z,CLOSED,AVAILABLE,,
tokyo_disneysea,4ca7254c-7abc-4e52-82e0-9c562c096494,tds_aw_a_002,Tower of Terror,ATTRACTION,2026-09-06T22:58:39.161Z,CLOSED,AVAILABLE,,
tokyo_disneysea,10b5b89e-02a6-4456-9ddd-69e06c2bded4,tds_fs_a_002,Rapunzel's Lantern Festival,ATTRACTION,2026-09-06T23:03:00.567Z,CLOSED,AVAILABLE,,
tokyo_disneysea,9fb0c97c-ebf7-4c25-8ea7-a3f4fe2aa9ec,tds_fs_a_001,Anna and Elsa's Frozen Journey,ATTRACTION,2026-09-06T23:03:00.559Z,CLOSED,AVAILABLE,,
tokyo_disneysea,e8c15bc6-aaab-44ef-8285-1d92ebd2c47d,tds_fs_a_003,Peter Pan's Never Land Adventure,ATTRACTION,2026-09-06T23:03:00.575Z,CLOSED,AVAILABLE,,
tokyo_disneysea,c8526be3-e82c-4692-ae44-e8f2d1142c8a,tds_mi_a_002,Journey to the Center of the Earth,ATTRACTION,2026-09-06T23:03:00.535Z,CLOSED,AVAILABLE,,
tokyo_disneysea,abb5d6ec-469e-4ab0-8685-5f04e9749653,tds_aw_a_003,Toy Story Mania!,ATTRACTION,2026-09-06T23:03:00.518Z,CLOSED,AVAILABLE,,
tokyo_disneysea,dd942cd2-b364-4262-af12-ca1a5012528b,tds_lrd_a_002,Raging Spirits,ATTRACTION,2026-09-06T23:03:00.543Z,CLOSED,AVAILABLE,,
tokyo_disneysea,3407ebac-c575-4c31-b794-1d271014d303,tds_mh_a_003,Soaring: Fantastic Flight,ATTRACTION,2026-09-06T23:03:00.527Z,CLOSED,AVAILABLE,,
tokyo_disneysea,4ca7254c-7abc-4e52-82e0-9c562c096494,tds_aw_a_002,Tower of Terror,ATTRACTION,2026-09-06T23:03:00.552Z,CLOSED,AVAILABLE,,
tokyo_disneysea,10b5b89e-02a6-4456-9ddd-69e06c2bded4,tds_fs_a_002,Rapunzel's Lantern Festival,ATTRACTION,2026-09-06T23:08:43.587Z,CLOSED,AVAILABLE,,
tokyo_disneysea,9fb0c97c-ebf7-4c25-8ea7-a3f4fe2aa9ec,tds_fs_a_001,Anna and Elsa's Frozen Journey,ATTRACTION,2026-09-06T23:08:43.579Z,CLOSED,AVAILABLE,,
tokyo_disneysea,e8c15bc6-aaab-44ef-8285-1d92ebd2c47d,tds_fs_a_003,Peter Pan's Never Land Adventure,ATTRACTION,2026-09-06T23:08:43.596Z,CLOSED,AVAILABLE,,
tokyo_disneysea,c8526be3-e82c-4692-ae44-e8f2d1142c8a,tds_mi_a_002,Journey to the Center of the Earth,ATTRACTION,2026-09-06T23:08:43.554Z,CLOSED,AVAILABLE,,
tokyo_disneysea,abb5d6ec-469e-4ab0-8685-5f04e9749653,tds_aw_a_003,Toy Story Mania!,ATTRACTION,2026-09-06T23:08:43.537Z,CLOSED,AVAILABLE,,
tokyo_disneysea,dd942cd2-b364-4262-af12-ca1a5012528b,tds_lrd_a_002,Raging Spirits,ATTRACTION,2026-09-06T23:08:43.562Z,CLOSED,AVAILABLE,,
tokyo_disneysea,3407ebac-c575-4c31-b794-1d271014d303,tds_mh_a_003,Soaring: Fantastic Flight,ATTRACTION,2026-09-06T23:08:43.545Z,CLOSED,AVAILABLE,,
tokyo_disneysea,4ca7254c-7abc-4e52-82e0-9c562c096494,tds_aw_a_002,Tower of Terror,ATTRACTION,2026-09-06T23:08:43.571Z,CLOSED,AVAILABLE,,
tokyo_disneysea,10b5b89e-02a6-4456-9ddd-69e06c2bded4,tds_fs_a_002,Rapunzel's Lantern Festival,ATTRACTION,2026-09-06T23:15:23.376Z,CLOSED,AVAILABLE,,
tokyo_disneysea,9fb0c97c-ebf7-4c25-8ea7-a3f4fe2aa9ec,tds_fs_a_001,Anna and Elsa's Frozen Journey,ATTRACTION,2026-09-06T23:15:23.367Z,CLOSED,AVAILABLE,,
tokyo_disneysea,e8c15bc6-aaab-44ef-8285-1d92ebd2c47d,tds_fs_a_003,Peter Pan's Never Land Adventure,ATTRACTION,2026-09-06T23:15:23.389Z,CLOSED,AVAILABLE,,
tokyo_disneysea,c8526be3-e82c-4692-ae44-e8f2d1142c8a,tds_mi_a_002,Journey to the Center of the Earth,ATTRACTION,2026-09-06T23:15:23.323Z,CLOSED,AVAILABLE,,
tokyo_disneysea,abb5d6ec-469e-4ab0-8685-5f04e9749653,tds_aw_a_003,Toy Story Mania!,ATTRACTION,2026-09-06T23:15:23.301Z,CLOSED,AVAILABLE,,
tokyo_disneysea,dd942cd2-b364-4262-af12-ca1a5012528b,tds_lrd_a_002,Raging Spirits,ATTRACTION,2026-09-06T23:15:23.343Z,CLOSED,AVAILABLE,,
tokyo_disneysea,3407ebac-c575-4c31-b794-1d271014d303,tds_mh_a_003,Soaring: Fantastic Flight,ATTRACTION,2026-09-06T23:15:23.309Z,CLOSED,AVAILABLE,,
tokyo_disneysea,4ca7254c-7abc-4e52-82e0-9c562c096494,tds_aw_a_002,Tower of Terror,ATTRACTION,2026-09-06T23:15:23.356Z,CLOSED,AVAILABLE,,
tokyo_disneysea,10b5b89e-02a6-4456-9ddd-69e06c2bded4,tds_fs_a_002,Rapunzel's Lantern Festival,ATTRACTION,2026-09-06T23:22:53.716Z,CLOSED,AVAILABLE,,
tokyo_disneysea,9fb0c97c-ebf7-4c25-8ea7-a3f4fe2aa9ec,tds_fs_a_001,Anna and Elsa's Frozen Journey,ATTRACTION,2026-09-06T23:22:53.709Z,CLOSED,AVAILABLE,,
tokyo_disneysea,e8c15bc6-aaab-44ef-8285-1d92ebd2c47d,tds_fs_a_003,Peter Pan's Never Land Adventure,ATTRACTION,2026-09-06T23:22:53.724Z,CLOSED,AVAILABLE,,
tokyo_disneysea,c8526be3-e82c-4692-ae44-e8f2d1142c8a,tds_mi_a_002,Journey to the Center of the Earth,ATTRACTION,2026-09-06T23:22:53.684Z,CLOSED,AVAILABLE,,
tokyo_disneysea,abb5d6ec-469e-4ab0-8685-5f04e9749653,tds_aw_a_003,Toy Story Mania!,ATTRACTION,2026-09-06T23:22:53.670Z,CLOSED,AVAILABLE,,
tokyo_disneysea,dd942cd2-b364-4262-af12-ca1a5012528b,tds_lrd_a_002,Raging Spirits,ATTRACTION,2026-09-06T23:22:53.692Z,CLOSED,AVAILABLE,,
tokyo_disneysea,3407ebac-c575-4c31-b794-1d271014d303,tds_mh_a_003,Soaring: Fantastic Flight,ATTRACTION,2026-09-06T23:22:53.677Z,CLOSED,AVAILABLE,,
tokyo_disneysea,4ca7254c-7abc-4e52-82e0-9c562c096494,tds_aw_a_002,Tower of Terror,ATTRACTION,2026-09-06T23:22:53.700Z,CLOSED,AVAILABLE,,
tokyo_disneysea,10b5b89e-02a6-4456-9ddd-69e06c2bded4,tds_fs_a_002,Rapunzel's Lantern Festival,ATTRACTION,2026-09-06T23:25:59.320Z,CLOSED,AVAILABLE,,
tokyo_disneysea,9fb0c97c-ebf7-4c25-8ea7-a3f4fe2aa9ec,tds_fs_a_001,Anna and Elsa's Frozen Journey,ATTRACTION,2026-09-06T23:25:59.312Z,CLOSED,AVAILABLE,,
tokyo_disneysea,e8c15bc6-aaab-44ef-8285-1d92ebd2c47d,tds_fs_a_003,Peter Pan's Never Land Adventure,ATTRACTION,2026-09-06T23:25:59.327Z,CLOSED,AVAILABLE,,
tokyo_disneysea,c8526be3-e82c-4692-ae44-e8f2d1142c8a,tds_mi_a_002,Journey to the Center of the Earth,ATTRACTION,2026-09-06T23:25:59.290Z,CLOSED,AVAILABLE,,
tokyo_disneysea,abb5d6ec-469e-4ab0-8685-5f04e9749653,tds_aw_a_003,Toy Story Mania!,ATTRACTION,2026-09-06T23:25:59.274Z,CLOSED,AVAILABLE,,
tokyo_disneysea,dd942cd2-b364-4262-af12-ca1a5012528b,tds_lrd_a_002,Raging Spirits,ATTRACTION,2026-09-06T23:25:59.296Z,CLOSED,AVAILABLE,,
tokyo_disneysea,3407ebac-c575-4c31-b794-1d271014d303,tds_mh_a_003,Soaring: Fantastic Flight,ATTRACTION,2026-09-06T23:25:59.282Z,CLOSED,AVAILABLE,,
tokyo_disneysea,4ca7254c-7abc-4e52-82e0-9c562c096494,tds_aw_a_002,Tower of Terror,ATTRACTION,2026-09-06T23:25:59.304Z,CLOSED,AVAILABLE,,
tokyo_disneysea,10b5b89e-02a6-4456-9ddd-69e06c2bded4,tds_fs_a_002,Rapunzel's Lantern Festival,ATTRACTION,2026-09-06T23:35:07.460Z,CLOSED,AVAILABLE,,
tokyo_disneysea,9fb0c97c-ebf7-4c25-8ea7-a3f4fe2aa9ec,tds_fs_a_001,Anna and Elsa's Frozen Journey,ATTRACTION,2026-09-06T23:35:07.450Z,CLOSED,AVAILABLE,,
tokyo_disneysea,e8c15bc6-aaab-44ef-8285-1d92ebd2c47d,tds_fs_a_003,Peter Pan's Never Land Adventure,ATTRACTION,2026-09-06T23:35:07.468Z,CLOSED,AVAILABLE,,
tokyo_disneysea,c8526be3-e82c-4692-ae44-e8f2d1142c8a,tds_mi_a_002,Journey to the Center of the Earth,ATTRACTION,2026-09-06T23:35:07.424Z,CLOSED,AVAILABLE,,
tokyo_disneysea,abb5d6ec-469e-4ab0-8685-5f04e9749653,tds_aw_a_003,Toy Story Mania!,ATTRACTION,2026-09-06T23:35:07.407Z,CLOSED,AVAILABLE,,
tokyo_disneysea,dd942cd2-b364-4262-af12-ca1a5012528b,tds_lrd_a_002,Raging Spirits,ATTRACTION,2026-09-06T23:35:07.431Z,CLOSED,AVAILABLE,,
tokyo_disneysea,3407ebac-c575-4c31-b794-1d271014d303,tds_mh_a_003,Soaring: Fantastic Flight,ATTRACTION,2026-09-06T23:35:07.416Z,CLOSED,AVAILABLE,,
tokyo_disneysea,4ca7254c-7abc-4e52-82e0-9c562c096494,tds_aw_a_002,Tower of Terror,ATTRACTION,2026-09-06T23:35:07.439Z,CLOSED,AVAILABLE,,
tokyo_disneysea,10b5b89e-02a6-4456-9ddd-69e06c2bded4,tds_fs_a_002,Rapunzel's Lantern Festival,ATTRACTION,2026-09-06T23:37:53.614Z,CLOSED,AVAILABLE,,
tokyo_disneysea,9fb0c97c-ebf7-4c25-8ea7-a3f4fe2aa9ec,tds_fs_a_001,Anna and Elsa's Frozen Journey,ATTRACTION,2026-09-06T23:37:53.606Z,CLOSED,AVAILABLE,,
tokyo_disneysea,e8c15bc6-aaab-44ef-8285-1d92ebd2c47d,tds_fs_a_003,Peter Pan's Never Land Adventure,ATTRACTION,2026-09-06T23:37:53.623Z,CLOSED,AVAILABLE,,
tokyo_disneysea,c8526be3-e82c-4692-ae44-e8f2d1142c8a,tds_mi_a_002,Journey to the Center of the Earth,ATTRACTION,2026-09-06T23:37:53.577Z,CLOSED,AVAILABLE,,
tokyo_disneysea,abb5d6ec-469e-4ab0-8685-5f04e9749653,tds_aw_a_003,Toy Story Mania!,ATTRACTION,2026-09-06T23:37:53.559Z,CLOSED,AVAILABLE,,
tokyo_disneysea,dd942cd2-b364-4262-af12-ca1a5012528b,tds_lrd_a_002,Raging Spirits,ATTRACTION,2026-09-06T23:37:53.586Z,CLOSED,AVAILABLE,,
tokyo_disneysea,3407ebac-c575-4c31-b794-1d271014d303,tds_mh_a_003,Soaring: Fantastic Flight,ATTRACTION,2026-09-06T23:37:53.567Z,CLOSED,AVAILABLE,,
tokyo_disneysea,4ca7254c-7abc-4e52-82e0-9c562c096494,tds_aw_a_002,Tower of Terror,ATTRACTION,2026-09-06T23:37:53.596Z,CLOSED,AVAILABLE,,
tokyo_disneysea,10b5b89e-02a6-4456-9ddd-69e06c2bded4,tds_fs_a_002,Rapunzel's Lantern Festival,ATTRACTION,2026-09-06T23:48:10.163Z,CLOSED,AVAILABLE,,
tokyo_disneysea,9fb0c97c-ebf7-4c25-8ea7-a3f4fe2aa9ec,tds_fs_a_001,Anna and Elsa's Frozen Journey,ATTRACTION,2026-09-06T23:48:10.156Z,CLOSED,AVAILABLE,,
tokyo_disneysea,e8c15bc6-aaab-44ef-8285-1d92ebd2c47d,tds_fs_a_003,Peter Pan's Never Land Adventure,ATTRACTION,2026-09-06T23:48:10.170Z,CLOSED,AVAILABLE,,
tokyo_disneysea,c8526be3-e82c-4692-ae44-e8f2d1142c8a,tds_mi_a_002,Journey to the Center of the Earth,ATTRACTION,2026-09-06T23:48:10.132Z,CLOSED,AVAILABLE,,
tokyo_disneysea,abb5d6ec-469e-4ab0-8685-5f04e9749653,tds_aw_a_003,Toy Story Mania!,ATTRACTION,2026-09-06T23:48:10.117Z,CLOSED,AVAILABLE,,
tokyo_disneysea,dd942cd2-b364-4262-af12-ca1a5012528b,tds_lrd_a_002,Raging Spirits,ATTRACTION,2026-09-06T23:48:10.139Z,CLOSED,AVAILABLE,,
tokyo_disneysea,3407ebac-c575-4c31-b794-1d271014d303,tds_mh_a_003,Soaring: Fantastic Flight,ATTRACTION,2026-09-06T23:48:10.124Z,CLOSED,AVAILABLE,,
tokyo_disneysea,4ca7254c-7abc-4e52-82e0-9c562c096494,tds_aw_a_002,Tower of Terror,ATTRACTION,2026-09-06T23:48:10.148Z,CLOSED,AVAILABLE,,
tokyo_disneysea,10b5b89e-02a6-4456-9ddd-69e06c2bded4,tds_fs_a_002,Rapunzel's Lantern Festival,ATTRACTION,2026-09-06T23:50:33.136Z,CLOSED,AVAILABLE,,
tokyo_disneysea,9fb0c97c-ebf7-4c25-8ea7-a3f4fe2aa9ec,tds_fs_a_001,Anna and Elsa's Frozen Journey,ATTRACTION,2026-09-06T23:50:33.128Z,CLOSED,AVAILABLE,,
tokyo_disneysea,e8c15bc6-aaab-44ef-8285-1d92ebd2c47d,tds_fs_a_003,Peter Pan's Never Land Adventure,ATTRACTION,2026-09-06T23:50:33.144Z,CLOSED,AVAILABLE,,
tokyo_disneysea,c8526be3-e82c-4692-ae44-e8f2d1142c8a,tds_mi_a_002,Journey to the Center of the Earth,ATTRACTION,2026-09-06T23:50:33.104Z,CLOSED,AVAILABLE,,
tokyo_disneysea,abb5d6ec-469e-4ab0-8685-5f04e9749653,tds_aw_a_003,Toy Story Mania!,ATTRACTION,2026-09-06T23:50:33.089Z,CLOSED,AVAILABLE,,
tokyo_disneysea,dd942cd2-b364-4262-af12-ca1a5012528b,tds_lrd_a_002,Raging Spirits,ATTRACTION,2026-09-06T23:50:33.111Z,CLOSED,AVAILABLE,,
tokyo_disneysea,3407ebac-c575-4c31-b794-1d271014d303,tds_mh_a_003,Soaring: Fantastic Flight,ATTRACTION,2026-09-06T23:50:33.096Z,CLOSED,AVAILABLE,,
tokyo_disneysea,4ca7254c-7abc-4e52-82e0-9c562c096494,tds_aw_a_002,Tower of Terror,ATTRACTION,2026-09-06T23:50:33.120Z,CLOSED,AVAILABLE,,
tokyo_disneysea,10b5b89e-02a6-4456-9ddd-69e06c2bded4,tds_fs_a_002,Rapunzel's Lantern Festival,ATTRACTION,2026-09-07T00:03:09.518Z,DOWN,AVAILABLE,,
tokyo_disneysea,9fb0c97c-ebf7-4c25-8ea7-a3f4fe2aa9ec,tds_fs_a_001,Anna and Elsa's Frozen Journey,ATTRACTION,2026-09-07T00:03:29.438Z,OPERATING,AVAILABLE,,
tokyo_disneysea,e8c15bc6-aaab-44ef-8285-1d92ebd2c47d,tds_fs_a_003,Peter Pan's Never Land Adventure,ATTRACTION,2026-09-07T00:03:29.446Z,OPERATING,AVAILABLE,,
tokyo_disneysea,c8526be3-e82c-4692-ae44-e8f2d1142c8a,tds_mi_a_002,Journey to the Center of the Earth,ATTRACTION,2026-09-07T00:03:09.357Z,DOWN,AVAILABLE,,
tokyo_disneysea,abb5d6ec-469e-4ab0-8685-5f04e9749653,tds_aw_a_003,Toy Story Mania!,ATTRACTION,2026-09-07T00:03:29.407Z,OPERATING,AVAILABLE,,
tokyo_disneysea,dd942cd2-b364-4262-af12-ca1a5012528b,tds_lrd_a_002,Raging Spirits,ATTRACTION,2026-09-07T00:03:29.423Z,OPERATING,AVAILABLE,,
tokyo_disneysea,3407ebac-c575-4c31-b794-1d271014d303,tds_mh_a_003,Soaring: Fantastic Flight,ATTRACTION,2026-09-07T00:03:29.415Z,OPERATING,AVAILABLE,,
tokyo_disneysea,4ca7254c-7abc-4e52-82e0-9c562c096494,tds_aw_a_002,Tower of Terror,ATTRACTION,2026-09-07T00:03:29.430Z,OPERATING,AVAILABLE,,
tokyo_disneysea,9fb0c97c-ebf7-4c25-8ea7-a3f4fe2aa9ec,tds_fs_a_001,Anna and Elsa's Frozen Journey,ATTRACTION,2026-09-07T00:06:15.414Z,OPERATING,AVAILABLE,,
tokyo_disneysea,10b5b89e-02a6-4456-9ddd-69e06c2bded4,tds_fs_a_002,Rapunzel's Lantern Festival,ATTRACTION,2026-09-07T00:12:38.720Z,DOWN,AVAILABLE,,
tokyo_disneysea,9fb0c97c-ebf7-4c25-8ea7-a3f4fe2aa9ec,tds_fs_a_001,Anna and Elsa's Frozen Journey,ATTRACTION,2026-09-07T00:13:27.338Z,OPERATING,AVAILABLE,,
tokyo_disneysea,e8c15bc6-aaab-44ef-8285-1d92ebd2c47d,tds_fs_a_003,Peter Pan's Never Land Adventure,ATTRACTION,2026-09-07T00:12:38.728Z,OPERATING,AVAILABLE,,
tokyo_disneysea,c8526be3-e82c-4692-ae44-e8f2d1142c8a,tds_mi_a_002,Journey to the Center of the Earth,ATTRACTION,2026-09-07T00:12:38.687Z,DOWN,AVAILABLE,,
tokyo_disneysea,abb5d6ec-469e-4ab0-8685-5f04e9749653,tds_aw_a_003,Toy Story Mania!,ATTRACTION,2026-09-07T00:13:27.321Z,OPERATING,AVAILABLE,,
tokyo_disneysea,dd942cd2-b364-4262-af12-ca1a5012528b,tds_lrd_a_002,Raging Spirits,ATTRACTION,2026-09-07T00:12:38.696Z,OPERATING,AVAILABLE,,
tokyo_disneysea,3407ebac-c575-4c31-b794-1d271014d303,tds_mh_a_003,Soaring: Fantastic Flight,ATTRACTION,2026-09-07T00:12:38.679Z,OPERATING,AVAILABLE,,
tokyo_disneysea,4ca7254c-7abc-4e52-82e0-9c562c096494,tds_aw_a_002,Tower of Terror,ATTRACTION,2026-09-07T00:12:38.704Z,OPERATING,AVAILABLE,,
tokyo_disneysea,10b5b89e-02a6-4456-9ddd-69e06c2bded4,tds_fs_a_002,Rapunzel's Lantern Festival,ATTRACTION,2026-09-07T00:15:48.796Z,DOWN,AVAILABLE,,
tokyo_disneysea,9fb0c97c-ebf7-4c25-8ea7-a3f4fe2aa9ec,tds_fs_a_001,Anna and Elsa's Frozen Journey,ATTRACTION,2026-09-07T00:15:48.786Z,OPERATING,AVAILABLE,,
tokyo_disneysea,e8c15bc6-aaab-44ef-8285-1d92ebd2c47d,tds_fs_a_003,Peter Pan's Never Land Adventure,ATTRACTION,2026-09-07T00:19:10.470Z,OPERATING,AVAILABLE,,
tokyo_disneysea,c8526be3-e82c-4692-ae44-e8f2d1142c8a,tds_mi_a_002,Journey to the Center of the Earth,ATTRACTION,2026-09-07T00:15:48.748Z,DOWN,AVAILABLE,,
tokyo_disneysea,abb5d6ec-469e-4ab0-8685-5f04e9749653,tds_aw_a_003,Toy Story Mania!,ATTRACTION,2026-09-07T00:19:10.449Z,OPERATING,AVAILABLE,,
tokyo_disneysea,dd942cd2-b364-4262-af12-ca1a5012528b,tds_lrd_a_002,Raging Spirits,ATTRACTION,2026-09-07T00:15:48.766Z,OPERATING,AVAILABLE,,
tokyo_disneysea,3407ebac-c575-4c31-b794-1d271014d303,tds_mh_a_003,Soaring: Fantastic Flight,ATTRACTION,2026-09-07T00:15:48.740Z,OPERATING,AVAILABLE,,
tokyo_disneysea,4ca7254c-7abc-4e52-82e0-9c562c096494,tds_aw_a_002,Tower of Terror,ATTRACTION,2026-09-07T00:19:10.455Z,OPERATING,AVAILABLE,,
tokyo_disneysea,10b5b89e-02a6-4456-9ddd-69e06c2bded4,tds_fs_a_002,Rapunzel's Lantern Festival,ATTRACTION,2026-09-07T00:23:13.191Z,DOWN,AVAILABLE,,
tokyo_disneysea,9fb0c97c-ebf7-4c25-8ea7-a3f4fe2aa9ec,tds_fs_a_001,Anna and Elsa's Frozen Journey,ATTRACTION,2026-09-07T00:23:13.184Z,OPERATING,AVAILABLE,,
tokyo_disneysea,e8c15bc6-aaab-44ef-8285-1d92ebd2c47d,tds_fs_a_003,Peter Pan's Never Land Adventure,ATTRACTION,2026-09-07T00:20:03.698Z,OPERATING,AVAILABLE,,
tokyo_disneysea,c8526be3-e82c-4692-ae44-e8f2d1142c8a,tds_mi_a_002,Journey to the Center of the Earth,ATTRACTION,2026-09-07T00:23:13.155Z,DOWN,AVAILABLE,,
tokyo_disneysea,abb5d6ec-469e-4ab0-8685-5f04e9749653,tds_aw_a_003,Toy Story Mania!,ATTRACTION,2026-09-07T00:20:03.676Z,OPERATING,AVAILABLE,,
tokyo_disneysea,dd942cd2-b364-4262-af12-ca1a5012528b,tds_lrd_a_002,Raging Spirits,ATTRACTION,2026-09-07T00:23:13.174Z,OPERATING,AVAILABLE,,
tokyo_disneysea,3407ebac-c575-4c31-b794-1d271014d303,tds_mh_a_003,Soaring: Fantastic Flight,ATTRACTION,2026-09-07T00:23:13.148Z,OPERATING,AVAILABLE,,
tokyo_disneysea,4ca7254c-7abc-4e52-82e0-9c562c096494,tds_aw_a_002,Tower of Terror,ATTRACTION,2026-09-07T00:20:03.686Z,OPERATING,AVAILABLE,,
tokyo_disneysea,10b5b89e-02a6-4456-9ddd-69e06c2bded4,tds_fs_a_002,Rapunzel's Lantern Festival,ATTRACTION,2026-09-07T00:28:41.962Z,DOWN,AVAILABLE,,
tokyo_disneysea,9fb0c97c-ebf7-4c25-8ea7-a3f4fe2aa9ec,tds_fs_a_001,Anna and Elsa's Frozen Journey,ATTRACTION,2026-09-07T00:28:41.954Z,OPERATING,AVAILABLE,,
tokyo_disneysea,e8c15bc6-aaab-44ef-8285-1d92ebd2c47d,tds_fs_a_003,Peter Pan's Never Land Adventure,ATTRACTION,2026-09-07T00:29:14.207Z,OPERATING,AVAILABLE,,
tokyo_disneysea,c8526be3-e82c-4692-ae44-e8f2d1142c8a,tds_mi_a_002,Journey to the Center of the Earth,ATTRACTION,2026-09-07T00:28:41.923Z,DOWN,AVAILABLE,,
tokyo_disneysea,abb5d6ec-469e-4ab0-8685-5f04e9749653,tds_aw_a_003,Toy Story Mania!,ATTRACTION,2026-09-07T00:28:41.903Z,OPERATING,AVAILABLE,,
tokyo_disneysea,dd942cd2-b364-4262-af12-ca1a5012528b,tds_lrd_a_002,Raging Spirits,ATTRACTION,2026-09-07T00:29:14.200Z,OPERATING,AVAILABLE,,
tokyo_disneysea,3407ebac-c575-4c31-b794-1d271014d303,tds_mh_a_003,Soaring: Fantastic Flight,ATTRACTION,2026-09-07T00:29:14.187Z,OPERATING,AVAILABLE,,
tokyo_disneysea,4ca7254c-7abc-4e52-82e0-9c562c096494,tds_aw_a_002,Tower of Terror,ATTRACTION,2026-09-07T00:28:41.939Z,OPERATING,AVAILABLE,,
tokyo_disneysea,e8c15bc6-aaab-44ef-8285-1d92ebd2c47d,tds_fs_a_003,Peter Pan's Never Land Adventure,ATTRACTION,2026-09-07T00:31:50.730Z,OPERATING,AVAILABLE,,
tokyo_disneysea,abb5d6ec-469e-4ab0-8685-5f04e9749653,tds_aw_a_003,Toy Story Mania!,ATTRACTION,2026-09-07T00:35:00.109Z,OPERATING,AVAILABLE,,
tokyo_disneysea,3407ebac-c575-4c31-b794-1d271014d303,tds_mh_a_003,Soaring: Fantastic Flight,ATTRACTION,2026-09-07T00:33:05.462Z,OPERATING,AVAILABLE,,
tokyo_disneysea,4ca7254c-7abc-4e52-82e0-9c562c096494,tds_aw_a_002,Tower of Terror,ATTRACTION,2026-09-07T00:33:05.470Z,OPERATING,AVAILABLE,,
tokyo_disneysea,10b5b89e-02a6-4456-9ddd-69e06c2bded4,tds_fs_a_002,Rapunzel's Lantern Festival,ATTRACTION,2026-09-07T00:36:07.229Z,DOWN,AVAILABLE,,
tokyo_disneysea,9fb0c97c-ebf7-4c25-8ea7-a3f4fe2aa9ec,tds_fs_a_001,Anna and Elsa's Frozen Journey,ATTRACTION,2026-09-07T00:39:26.832Z,OPERATING,AVAILABLE,,
tokyo_disneysea,e8c15bc6-aaab-44ef-8285-1d92ebd2c47d,tds_fs_a_003,Peter Pan's Never Land Adventure,ATTRACTION,2026-09-07T00:36:07.238Z,OPERATING,AVAILABLE,,
tokyo_disneysea,c8526be3-e82c-4692-ae44-e8f2d1142c8a,tds_mi_a_002,Journey to the Center of the Earth,ATTRACTION,2026-09-07T00:38:21.327Z,OPERATING,AVAILABLE,,
tokyo_disneysea,abb5d6ec-469e-4ab0-8685-5f04e9749653,tds_aw_a_003,Toy Story Mania!,ATTRACTION,2026-09-07T00:39:26.823Z,OPERATING,AVAILABLE,,
tokyo_disneysea,10b5b89e-02a6-4456-9ddd-69e06c2bded4,tds_fs_a_002,Rapunzel's Lantern Festival,ATTRACTION,2026-09-07T00:41:22.978Z,DOWN,AVAILABLE,,
tokyo_disneysea,9fb0c97c-ebf7-4c25-8ea7-a3f4fe2aa9ec,tds_fs_a_001,Anna and Elsa's Frozen Journey,ATTRACTION,2026-09-07T00:41:22.967Z,OPERATING,AVAILABLE,,
tokyo_disneysea,e8c15bc6-aaab-44ef-8285-1d92ebd2c47d,tds_fs_a_003,Peter Pan's Never Land Adventure,ATTRACTION,2026-09-07T00:41:22.986Z,OPERATING,AVAILABLE,,
tokyo_disneysea,c8526be3-e82c-4692-ae44-e8f2d1142c8a,tds_mi_a_002,Journey to the Center of the Earth,ATTRACTION,2026-09-07T00:44:25.282Z,OPERATING,AVAILABLE,,
tokyo_disneysea,abb5d6ec-469e-4ab0-8685-5f04e9749653,tds_aw_a_003,Toy Story Mania!,ATTRACTION,2026-09-07T00:41:22.938Z,OPERATING,AVAILABLE,,
tokyo_disneysea,dd942cd2-b364-4262-af12-ca1a5012528b,tds_lrd_a_002,Raging Spirits,ATTRACTION,2026-09-07T00:42:24.435Z,OPERATING,AVAILABLE,,
tokyo_disneysea,3407ebac-c575-4c31-b794-1d271014d303,tds_mh_a_003,Soaring: Fantastic Flight,ATTRACTION,2026-09-07T00:41:22.944Z,OPERATING,AVAILABLE,,
tokyo_disneysea,4ca7254c-7abc-4e52-82e0-9c562c096494,tds_aw_a_002,Tower of Terror,ATTRACTION,2026-09-07T00:41:22.960Z,OPERATING,AVAILABLE,,
tokyo_disneysea,10b5b89e-02a6-4456-9ddd-69e06c2bded4,tds_fs_a_002,Rapunzel's Lantern Festival,ATTRACTION,2026-09-07T00:48:37.770Z,DOWN,AVAILABLE,,
tokyo_disneysea,9fb0c97c-ebf7-4c25-8ea7-a3f4fe2aa9ec,tds_fs_a_001,Anna and Elsa's Frozen Journey,ATTRACTION,2026-09-07T00:48:37.762Z,OPERATING,AVAILABLE,,
tokyo_disneysea,e8c15bc6-aaab-44ef-8285-1d92ebd2c47d,tds_fs_a_003,Peter Pan's Never Land Adventure,ATTRACTION,2026-09-07T00:48:37.778Z,OPERATING,AVAILABLE,,
tokyo_disneysea,c8526be3-e82c-4692-ae44-e8f2d1142c8a,tds_mi_a_002,Journey to the Center of the Earth,ATTRACTION,2026-09-07T00:48:37.748Z,OPERATING,AVAILABLE,,
tokyo_disneysea,abb5d6ec-469e-4ab0-8685-5f04e9749653,tds_aw_a_003,Toy Story Mania!,ATTRACTION,2026-09-07T00:48:37.731Z,OPERATING,AVAILABLE,,
tokyo_disneysea,3407ebac-c575-4c31-b794-1d271014d303,tds_mh_a_003,Soaring: Fantastic Flight,ATTRACTION,2026-09-07T00:48:37.739Z,OPERATING,AVAILABLE,,
tokyo_disneysea,4ca7254c-7abc-4e52-82e0-9c562c096494,tds_aw_a_002,Tower of Terror,ATTRACTION,2026-09-07T00:48:37.755Z,OPERATING,AVAILABLE,,
tokyo_disneysea,10b5b89e-02a6-4456-9ddd-69e06c2bded4,tds_fs_a_002,Rapunzel's Lantern Festival,ATTRACTION,2026-09-07T00:53:50.118Z,DOWN,AVAILABLE,,
tokyo_disneysea,9fb0c97c-ebf7-4c25-8ea7-a3f4fe2aa9ec,tds_fs_a_001,Anna and Elsa's Frozen Journey,ATTRACTION,2026-09-07T00:53:50.110Z,OPERATING,AVAILABLE,,
tokyo_disneysea,e8c15bc6-aaab-44ef-8285-1d92ebd2c47d,tds_fs_a_003,Peter Pan's Never Land Adventure,ATTRACTION,2026-09-07T00:53:50.125Z,OPERATING,AVAILABLE,,
tokyo_disneysea,c8526be3-e82c-4692-ae44-e8f2d1142c8a,tds_mi_a_002,Journey to the Center of the Earth,ATTRACTION,2026-09-07T00:53:50.077Z,OPERATING,AVAILABLE,,
tokyo_disneysea,abb5d6ec-469e-4ab0-8685-5f04e9749653,tds_aw_a_003,Toy Story Mania!,ATTRACTION,2026-09-07T00:53:50.048Z,OPERATING,AVAILABLE,,
tokyo_disneysea,dd942cd2-b364-4262-af12-ca1a5012528b,tds_lrd_a_002,Raging Spirits,ATTRACTION,2026-09-07T00:53:50.085Z,OPERATING,AVAILABLE,,
tokyo_disneysea,3407ebac-c575-4c31-b794-1d271014d303,tds_mh_a_003,Soaring: Fantastic Flight,ATTRACTION,2026-09-07T00:53:50.069Z,OPERATING,AVAILABLE,,
tokyo_disneysea,4ca7254c-7abc-4e52-82e0-9c562c096494,tds_aw_a_002,Tower of Terror,ATTRACTION,2026-09-07T00:53:50.093Z,OPERATING,AVAILABLE,,
tokyo_disneysea,10b5b89e-02a6-4456-9ddd-69e06c2bded4,tds_fs_a_002,Rapunzel's Lantern Festival,ATTRACTION,2026-09-07T00:59:03.165Z,DOWN,AVAILABLE,,
tokyo_disneysea,9fb0c97c-ebf7-4c25-8ea7-a3f4fe2aa9ec,tds_fs_a_001,Anna and Elsa's Frozen Journey,ATTRACTION,2026-09-07T00:55:32.725Z,OPERATING,AVAILABLE,,
tokyo_disneysea,e8c15bc6-aaab-44ef-8285-1d92ebd2c47d,tds_fs_a_003,Peter Pan's Never Land Adventure,ATTRACTION,2026-09-07T00:59:03.175Z,OPERATING,AVAILABLE,,
tokyo_disneysea,c8526be3-e82c-4692-ae44-e8f2d1142c8a,tds_mi_a_002,Journey to the Center of the Earth,ATTRACTION,2026-09-07T00:55:32.694Z,OPERATING,AVAILABLE,,
tokyo_disneysea,abb5d6ec-469e-4ab0-8685-5f04e9749653,tds_aw_a_003,Toy Story Mania!,ATTRACTION,2026-09-07T00:59:03.118Z,OPERATING,AVAILABLE,,
tokyo_disneysea,dd942cd2-b364-4262-af12-ca1a5012528b,tds_lrd_a_002,Raging Spirits,ATTRACTION,2026-09-07T01:00:13.567Z,OPERATING,AVAILABLE,,
tokyo_disneysea,3407ebac-c575-4c31-b794-1d271014d303,tds_mh_a_003,Soaring: Fantastic Flight,ATTRACTION,2026-09-07T00:59:03.128Z,OPERATING,AVAILABLE,,
tokyo_disneysea,4ca7254c-7abc-4e52-82e0-9c562c096494,tds_aw_a_002,Tower of Terror,ATTRACTION,2026-09-07T00:59:03.145Z,OPERATING,AVAILABLE,,
tokyo_disneysea,e8c15bc6-aaab-44ef-8285-1d92ebd2c47d,tds_fs_a_003,Peter Pan's Never Land Adventure,ATTRACTION,2026-09-07T01:03:25.846Z,OPERATING,AVAILABLE,,
tokyo_disneysea,abb5d6ec-469e-4ab0-8685-5f04e9749653,tds_aw_a_003,Toy Story Mania!,ATTRACTION,2026-09-07T01:03:25.802Z,OPERATING,AVAILABLE,,
tokyo_disneysea,dd942cd2-b364-4262-af12-ca1a5012528b,tds_lrd_a_002,Raging Spirits,ATTRACTION,2026-09-07T01:05:16.634Z,OPERATING,AVAILABLE,,
tokyo_disneysea,3407ebac-c575-4c31-b794-1d271014d303,tds_mh_a_003,Soaring: Fantastic Flight,ATTRACTION,2026-09-07T01:05:16.625Z,OPERATING,AVAILABLE,,
tokyo_disneysea,10b5b89e-02a6-4456-9ddd-69e06c2bded4,tds_fs_a_002,Rapunzel's Lantern Festival,ATTRACTION,2026-09-07T01:06:39.128Z,DOWN,AVAILABLE,,
tokyo_disneysea,9fb0c97c-ebf7-4c25-8ea7-a3f4fe2aa9ec,tds_fs_a_001,Anna and Elsa's Frozen Journey,ATTRACTION,2026-09-07T01:06:39.121Z,OPERATING,AVAILABLE,,
tokyo_disneysea,c8526be3-e82c-4692-ae44-e8f2d1142c8a,tds_mi_a_002,Journey to the Center of the Earth,ATTRACTION,2026-09-07T01:06:39.086Z,OPERATING,AVAILABLE,,
tokyo_disneysea,abb5d6ec-469e-4ab0-8685-5f04e9749653,tds_aw_a_003,Toy Story Mania!,ATTRACTION,2026-09-07T01:09:45.742Z,OPERATING,AVAILABLE,,
tokyo_disneysea,dd942cd2-b364-4262-af12-ca1a5012528b,tds_lrd_a_002,Raging Spirits,ATTRACTION,2026-09-07T01:06:39.103Z,OPERATING,AVAILABLE,,
tokyo_disneysea,3407ebac-c575-4c31-b794-1d271014d303,tds_mh_a_003,Soaring: Fantastic Flight,ATTRACTION,2026-09-07T01:06:39.031Z,OPERATING,AVAILABLE,,
tokyo_disneysea,4ca7254c-7abc-4e52-82e0-9c562c096494,tds_aw_a_002,Tower of Terror,ATTRACTION,2026-09-07T01:06:39.113Z,OPERATING,AVAILABLE,,
tokyo_disneysea,10b5b89e-02a6-4456-9ddd-69e06c2bded4,tds_fs_a_002,Rapunzel's Lantern Festival,ATTRACTION,2026-09-07T01:11:51.687Z,DOWN,AVAILABLE,,
tokyo_disneysea,9fb0c97c-ebf7-4c25-8ea7-a3f4fe2aa9ec,tds_fs_a_001,Anna and Elsa's Frozen Journey,ATTRACTION,2026-09-07T01:11:51.680Z,OPERATING,AVAILABLE,,
tokyo_disneysea,e8c15bc6-aaab-44ef-8285-1d92ebd2c47d,tds_fs_a_003,Peter Pan's Never Land Adventure,ATTRACTION,2026-09-07T01:12:47.470Z,OPERATING,AVAILABLE,,
tokyo_disneysea,c8526be3-e82c-4692-ae44-e8f2d1142c8a,tds_mi_a_002,Journey to the Center of the Earth,ATTRACTION,2026-09-07T01:12:47.442Z,OPERATING,AVAILABLE,,
tokyo_disneysea,abb5d6ec-469e-4ab0-8685-5f04e9749653,tds_aw_a_003,Toy Story Mania!,ATTRACTION,2026-09-07T01:12:47.431Z,OPERATING,AVAILABLE,,
tokyo_disneysea,dd942cd2-b364-4262-af12-ca1a5012528b,tds_lrd_a_002,Raging Spirits,ATTRACTION,2026-09-07T01:11:51.664Z,OPERATING,AVAILABLE,,
tokyo_disneysea,3407ebac-c575-4c31-b794-1d271014d303,tds_mh_a_003,Soaring: Fantastic Flight,ATTRACTION,2026-09-07T01:14:38.257Z,OPERATING,AVAILABLE,,
tokyo_disneysea,4ca7254c-7abc-4e52-82e0-9c562c096494,tds_aw_a_002,Tower of Terror,ATTRACTION,2026-09-07T01:12:47.455Z,OPERATING,AVAILABLE,,
tokyo_disneysea,10b5b89e-02a6-4456-9ddd-69e06c2bded4,tds_fs_a_002,Rapunzel's Lantern Festival,ATTRACTION,2026-09-07T01:19:05.105Z,DOWN,AVAILABLE,,
tokyo_disneysea,9fb0c97c-ebf7-4c25-8ea7-a3f4fe2aa9ec,tds_fs_a_001,Anna and Elsa's Frozen Journey,ATTRACTION,2026-09-07T01:19:05.096Z,OPERATING,AVAILABLE,,
tokyo_disneysea,c8526be3-e82c-4692-ae44-e8f2d1142c8a,tds_mi_a_002,Journey to the Center of the Earth,ATTRACTION,2026-09-07T01:19:05.072Z,OPERATING,AVAILABLE,,
tokyo_disneysea,dd942cd2-b364-4262-af12-ca1a5012528b,tds_lrd_a_002,Raging Spirits,ATTRACTION,2026-09-07T01:19:05.081Z,OPERATING,AVAILABLE,,
tokyo_disneysea,3407ebac-c575-4c31-b794-1d271014d303,tds_mh_a_003,Soaring: Fantastic Flight,ATTRACTION,2026-09-07T01:15:58.685Z,OPERATING,AVAILABLE,,
tokyo_disneysea,4ca7254c-7abc-4e52-82e0-9c562c096494,tds_aw_a_002,Tower of Terror,ATTRACTION,2026-09-07T01:19:05.088Z,OPERATING,AVAILABLE,,
tokyo_disneysea,9fb0c97c-ebf7-4c25-8ea7-a3f4fe2aa9ec,tds_fs_a_001,Anna and Elsa's Frozen Journey,ATTRACTION,2026-09-07T01:23:05.825Z,OPERATING,AVAILABLE,,
tokyo_disneysea,c8526be3-e82c-4692-ae44-e8f2d1142c8a,tds_mi_a_002,Journey to the Center of the Earth,ATTRACTION,2026-09-07T01:23:05.808Z,OPERATING,AVAILABLE,,
tokyo_disneysea,3407ebac-c575-4c31-b794-1d271014d303,tds_mh_a_003,Soaring: Fantastic Flight,ATTRACTION,2026-09-07T01:23:05.799Z,OPERATING,AVAILABLE,,
tokyo_disneysea,10b5b89e-02a6-4456-9ddd-69e06c2bded4,tds_fs_a_002,Rapunzel's Lantern Festival,ATTRACTION,2026-09-07T01:28:39.146Z,OPERATING,AVAILABLE,,
tokyo_disneysea,9fb0c97c-ebf7-4c25-8ea7-a3f4fe2aa9ec,tds_fs_a_001,Anna and Elsa's Frozen Journey,ATTRACTION,2026-09-07T01:28:39.140Z,OPERATING,AVAILABLE,,
tokyo_disneysea,e8c15bc6-aaab-44ef-8285-1d92ebd2c47d,tds_fs_a_003,Peter Pan's Never Land Adventure,ATTRACTION,2026-09-07T01:24:51.397Z,OPERATING,AVAILABLE,,
tokyo_disneysea,c8526be3-e82c-4692-ae44-e8f2d1142c8a,tds_mi_a_002,Journey to the Center of the Earth,ATTRACTION,2026-09-07T01:24:51.358Z,OPERATING,AVAILABLE,,
tokyo_disneysea,abb5d6ec-469e-4ab0-8685-5f04e9749653,tds_aw_a_003,Toy Story Mania!,ATTRACTION,2026-09-07T01:24:51.344Z,OPERATING,AVAILABLE,,
tokyo_disneysea,dd942cd2-b364-4262-af12-ca1a5012528b,tds_lrd_a_002,Raging Spirits,ATTRACTION,2026-09-07T01:28:39.132Z,OPERATING,AVAILABLE,,
tokyo_disneysea,3407ebac-c575-4c31-b794-1d271014d303,tds_mh_a_003,Soaring: Fantastic Flight,ATTRACTION,2026-09-07T01:24:51.351Z,OPERATING,AVAILABLE,,
tokyo_disneysea,4ca7254c-7abc-4e52-82e0-9c562c096494,tds_aw_a_002,Tower of Terror,ATTRACTION,2026-09-07T01:24:51.373Z,OPERATING,AVAILABLE,,
tokyo_disneysea,10b5b89e-02a6-4456-9ddd-69e06c2bded4,tds_fs_a_002,Rapunzel's Lantern Festival,ATTRACTION,2026-09-07T01:34:58.430Z,OPERATING,AVAILABLE,,
tokyo_disneysea,e8c15bc6-aaab-44ef-8285-1d92ebd2c47d,tds_fs_a_003,Peter Pan's Never Land Adventure,ATTRACTION,2026-09-07T01:31:45.799Z,OPERATING,AVAILABLE,,
tokyo_disneysea,c8526be3-e82c-4692-ae44-e8f2d1142c8a,tds_mi_a_002,Journey to the Center of the Earth,ATTRACTION,2026-09-07T01:31:45.768Z,OPERATING,AVAILABLE,,
tokyo_disneysea,abb5d6ec-469e-4ab0-8685-5f04e9749653,tds_aw_a_003,Toy Story Mania!,ATTRACTION,2026-09-07T01:31:45.745Z,OPERATING,AVAILABLE,,
tokyo_disneysea,3407ebac-c575-4c31-b794-1d271014d303,tds_mh_a_003,Soaring: Fantastic Flight,ATTRACTION,2026-09-07T01:33:51.431Z,OPERATING,AVAILABLE,,
tokyo_disneysea,4ca7254c-7abc-4e52-82e0-9c562c096494,tds_aw_a_002,Tower of Terror,ATTRACTION,2026-09-07T01:31:45.784Z,OPERATING,AVAILABLE,,
tokyo_disneysea,10b5b89e-02a6-4456-9ddd-69e06c2bded4,tds_fs_a_002,Rapunzel's Lantern Festival,ATTRACTION,2026-09-07T01:38:03.579Z,OPERATING,AVAILABLE,,
tokyo_disneysea,9fb0c97c-ebf7-4c25-8ea7-a3f4fe2aa9ec,tds_fs_a_001,Anna and Elsa's Frozen Journey,ATTRACTION,2026-09-07T01:38:03.562Z,OPERATING,AVAILABLE,,
tokyo_disneysea,e8c15bc6-aaab-44ef-8285-1d92ebd2c47d,tds_fs_a_003,Peter Pan's Never Land Adventure,ATTRACTION,2026-09-07T01:38:03.592Z,OPERATING,AVAILABLE,,
tokyo_disneysea,c8526be3-e82c-4692-ae44-e8f2d1142c8a,tds_mi_a_002,Journey to the Center of the Earth,ATTRACTION,2026-09-07T01:38:03.516Z,OPERATING,AVAILABLE,,
tokyo_disneysea,abb5d6ec-469e-4ab0-8685-5f04e9749653,tds_aw_a_003,Toy Story Mania!,ATTRACTION,2026-09-07T01:38:03.482Z,OPERATING,AVAILABLE,,
tokyo_disneysea,dd942cd2-b364-4262-af12-ca1a5012528b,tds_lrd_a_002,Raging Spirits,ATTRACTION,2026-09-07T01:38:03.527Z,OPERATING,AVAILABLE,,
tokyo_disneysea,3407ebac-c575-4c31-b794-1d271014d303,tds_mh_a_003,Soaring: Fantastic Flight,ATTRACTION,2026-09-07T01:38:03.501Z,OPERATING,AVAILABLE,,
tokyo_disneysea,4ca7254c-7abc-4e52-82e0-9c562c096494,tds_aw_a_002,Tower of Terror,ATTRACTION,2026-09-07T01:38:03.540Z,OPERATING,AVAILABLE,,
tokyo_disneysea,10b5b89e-02a6-4456-9ddd-69e06c2bded4,tds_fs_a_002,Rapunzel's Lantern Festival,ATTRACTION,2026-09-07T01:44:29.628Z,OPERATING,AVAILABLE,,
tokyo_disneysea,9fb0c97c-ebf7-4c25-8ea7-a3f4fe2aa9ec,tds_fs_a_001,Anna and Elsa's Frozen Journey,ATTRACTION,2026-09-07T01:44:29.619Z,OPERATING,AVAILABLE,,
tokyo_disneysea,e8c15bc6-aaab-44ef-8285-1d92ebd2c47d,tds_fs_a_003,Peter Pan's Never Land Adventure,ATTRACTION,2026-09-07T01:44:29.636Z,OPERATING,AVAILABLE,,
tokyo_disneysea,c8526be3-e82c-4692-ae44-e8f2d1142c8a,tds_mi_a_002,Journey to the Center of the Earth,ATTRACTION,2026-09-07T01:44:29.603Z,OPERATING,AVAILABLE,,
tokyo_disneysea,abb5d6ec-469e-4ab0-8685-5f04e9749653,tds_aw_a_003,Toy Story Mania!,ATTRACTION,2026-09-07T01:41:24.425Z,OPERATING,AVAILABLE,,
tokyo_disneysea,dd942cd2-b364-4262-af12-ca1a5012528b,tds_lrd_a_002,Raging Spirits,ATTRACTION,2026-09-07T01:41:24.448Z,OPERATING,AVAILABLE,,
tokyo_disneysea,3407ebac-c575-4c31-b794-1d271014d303,tds_mh_a_003,Soaring: Fantastic Flight,ATTRACTION,2026-09-07T01:41:24.432Z,OPERATING,AVAILABLE,,
tokyo_disneysea,4ca7254c-7abc-4e52-82e0-9c562c096494,tds_aw_a_002,Tower of Terror,ATTRACTION,2026-09-07T01:44:29.611Z,OPERATING,AVAILABLE,,
tokyo_disneysea,10b5b89e-02a6-4456-9ddd-69e06c2bded4,tds_fs_a_002,Rapunzel's Lantern Festival,ATTRACTION,2026-09-07T01:47:45.670Z,OPERATING,AVAILABLE,,
tokyo_disneysea,10b5b89e-02a6-4456-9ddd-69e06c2bded4,tds_fs_a_002,Rapunzel's Lantern Festival,ATTRACTION,2026-09-07T01:50:27.320Z,OPERATING,AVAILABLE,,
tokyo_disneysea,9fb0c97c-ebf7-4c25-8ea7-a3f4fe2aa9ec,tds_fs_a_001,Anna and Elsa's Frozen Journey,ATTRACTION,2026-09-07T01:50:27.312Z,OPERATING,AVAILABLE,,
tokyo_disneysea,e8c15bc6-aaab-44ef-8285-1d92ebd2c47d,tds_fs_a_003,Peter Pan's Never Land Adventure,ATTRACTION,2026-09-07T01:50:27.328Z,OPERATING,AVAILABLE,,
tokyo_disneysea,c8526be3-e82c-4692-ae44-e8f2d1142c8a,tds_mi_a_002,Journey to the Center of the Earth,ATTRACTION,2026-09-07T01:50:27.277Z,OPERATING,AVAILABLE,,
tokyo_disneysea,abb5d6ec-469e-4ab0-8685-5f04e9749653,tds_aw_a_003,Toy Story Mania!,ATTRACTION,2026-09-07T01:50:53.317Z,OPERATING,AVAILABLE,,
tokyo_disneysea,dd942cd2-b364-4262-af12-ca1a5012528b,tds_lrd_a_002,Raging Spirits,ATTRACTION,2026-09-07T01:50:27.291Z,OPERATING,AVAILABLE,,
tokyo_disneysea,3407ebac-c575-4c31-b794-1d271014d303,tds_mh_a_003,Soaring: Fantastic Flight,ATTRACTION,2026-09-07T01:50:27.271Z,OPERATING,AVAILABLE,,
tokyo_disneysea,4ca7254c-7abc-4e52-82e0-9c562c096494,tds_aw_a_002,Tower of Terror,ATTRACTION,2026-09-07T01:50:27.299Z,OPERATING,AVAILABLE,,
tokyo_disneysea,10b5b89e-02a6-4456-9ddd-69e06c2bded4,tds_fs_a_002,Rapunzel's Lantern Festival,ATTRACTION,2026-09-07T01:57:22.425Z,OPERATING,AVAILABLE,,
tokyo_disneysea,9fb0c97c-ebf7-4c25-8ea7-a3f4fe2aa9ec,tds_fs_a_001,Anna and Elsa's Frozen Journey,ATTRACTION,2026-09-07T01:57:22.418Z,OPERATING,AVAILABLE,,
tokyo_disneysea,e8c15bc6-aaab-44ef-8285-1d92ebd2c47d,tds_fs_a_003,Peter Pan's Never Land Adventure,ATTRACTION,2026-09-07T02:00:06.108Z,OPERATING,AVAILABLE,,
tokyo_disneysea,c8526be3-e82c-4692-ae44-e8f2d1142c8a,tds_mi_a_002,Journey to the Center of the Earth,ATTRACTION,2026-09-07T02:00:06.061Z,OPERATING,AVAILABLE,,
tokyo_disneysea,abb5d6ec-469e-4ab0-8685-5f04e9749653,tds_aw_a_003,Toy Story Mania!,ATTRACTION,2026-09-07T02:00:06.025Z,OPERATING,AVAILABLE,,
tokyo_disneysea,dd942cd2-b364-4262-af12-ca1a5012528b,tds_lrd_a_002,Raging Spirits,ATTRACTION,2026-09-07T01:57:22.395Z,OPERATING,AVAILABLE,,
tokyo_disneysea,3407ebac-c575-4c31-b794-1d271014d303,tds_mh_a_003,Soaring: Fantastic Flight,ATTRACTION,2026-09-07T02:00:06.042Z,OPERATING,AVAILABLE,,
tokyo_disneysea,4ca7254c-7abc-4e52-82e0-9c562c096494,tds_aw_a_002,Tower of Terror,ATTRACTION,2026-09-07T01:57:22.404Z,OPERATING,AVAILABLE,,
tokyo_disneysea,10b5b89e-02a6-4456-9ddd-69e06c2bded4,tds_fs_a_002,Rapunzel's Lantern Festival,ATTRACTION,2026-09-07T02:03:45.918Z,OPERATING,AVAILABLE,,
tokyo_disneysea,9fb0c97c-ebf7-4c25-8ea7-a3f4fe2aa9ec,tds_fs_a_001,Anna and Elsa's Frozen Journey,ATTRACTION,2026-09-07T02:03:45.910Z,OPERATING,AVAILABLE,,
tokyo_disneysea,c8526be3-e82c-4692-ae44-e8f2d1142c8a,tds_mi_a_002,Journey to the Center of the Earth,ATTRACTION,2026-09-07T02:03:45.886Z,OPERATING,AVAILABLE,,
tokyo_disneysea,dd942cd2-b364-4262-af12-ca1a5012528b,tds_lrd_a_002,Raging Spirits,ATTRACTION,2026-09-07T02:03:45.894Z,OPERATING,AVAILABLE,,
tokyo_disneysea,3407ebac-c575-4c31-b794-1d271014d303,tds_mh_a_003,Soaring: Fantastic Flight,ATTRACTION,2026-09-07T02:03:45.879Z,OPERATING,AVAILABLE,,
tokyo_disneysea,4ca7254c-7abc-4e52-82e0-9c562c096494,tds_aw_a_002,Tower of Terror,ATTRACTION,2026-09-07T02:03:45.902Z,OPERATING,AVAILABLE,,
tokyo_disneysea,10b5b89e-02a6-4456-9ddd-69e06c2bded4,tds_fs_a_002,Rapunzel's Lantern Festival,ATTRACTION,2026-09-07T02:09:58.607Z,OPERATING,AVAILABLE,,
tokyo_disneysea,9fb0c97c-ebf7-4c25-8ea7-a3f4fe2aa9ec,tds_fs_a_001,Anna and Elsa's Frozen Journey,ATTRACTION,2026-09-07T02:09:58.599Z,OPERATING,AVAILABLE,,
tokyo_disneysea,e8c15bc6-aaab-44ef-8285-1d92ebd2c47d,tds_fs_a_003,Peter Pan's Never Land Adventure,ATTRACTION,2026-09-07T02:06:40.807Z,OPERATING,AVAILABLE,,
tokyo_disneysea,c8526be3-e82c-4692-ae44-e8f2d1142c8a,tds_mi_a_002,Journey to the Center of the Earth,ATTRACTION,2026-09-07T02:09:58.547Z,OPERATING,AVAILABLE,,
tokyo_disneysea,abb5d6ec-469e-4ab0-8685-5f04e9749653,tds_aw_a_003,Toy Story Mania!,ATTRACTION,2026-09-07T02:09:58.532Z,OPERATING,AVAILABLE,,
tokyo_disneysea,dd942cd2-b364-4262-af12-ca1a5012528b,tds_lrd_a_002,Raging Spirits,ATTRACTION,2026-09-07T02:09:58.575Z,OPERATING,AVAILABLE,,
tokyo_disneysea,3407ebac-c575-4c31-b794-1d271014d303,tds_mh_a_003,Soaring: Fantastic Flight,ATTRACTION,2026-09-07T02:09:58.540Z,OPERATING,AVAILABLE,,
tokyo_disneysea,4ca7254c-7abc-4e52-82e0-9c562c096494,tds_aw_a_002,Tower of Terror,ATTRACTION,2026-09-07T02:09:58.583Z,OPERATING,AVAILABLE,,
tokyo_disneysea,e8c15bc6-aaab-44ef-8285-1d92ebd2c47d,tds_fs_a_003,Peter Pan's Never Land Adventure,ATTRACTION,2026-09-07T02:12:58.340Z,OPERATING,AVAILABLE,,
tokyo_disneysea,dd942cd2-b364-4262-af12-ca1a5012528b,tds_lrd_a_002,Raging Spirits,ATTRACTION,2026-09-07T02:11:18.520Z,OPERATING,AVAILABLE,,
tokyo_disneysea,4ca7254c-7abc-4e52-82e0-9c562c096494,tds_aw_a_002,Tower of Terror,ATTRACTION,2026-09-07T02:11:18.527Z,OPERATING,AVAILABLE,,
tokyo_disneysea,10b5b89e-02a6-4456-9ddd-69e06c2bded4,tds_fs_a_002,Rapunzel's Lantern Festival,ATTRACTION,2026-09-07T02:16:00.431Z,OPERATING,AVAILABLE,,
tokyo_disneysea,9fb0c97c-ebf7-4c25-8ea7-a3f4fe2aa9ec,tds_fs_a_001,Anna and Elsa's Frozen Journey,ATTRACTION,2026-09-07T02:16:09.250Z,OPERATING,AVAILABLE,,
tokyo_disneysea,e8c15bc6-aaab-44ef-8285-1d92ebd2c47d,tds_fs_a_003,Peter Pan's Never Land Adventure,ATTRACTION,2026-09-07T02:16:00.460Z,OPERATING,AVAILABLE,,
tokyo_disneysea,c8526be3-e82c-4692-ae44-e8f2d1142c8a,tds_mi_a_002,Journey to the Center of the Earth,ATTRACTION,2026-09-07T02:16:09.234Z,OPERATING,AVAILABLE,,
tokyo_disneysea,abb5d6ec-469e-4ab0-8685-5f04e9749653,tds_aw_a_003,Toy Story Mania!,ATTRACTION,2026-09-07T02:16:00.326Z,OPERATING,AVAILABLE,,
tokyo_disneysea,dd942cd2-b364-4262-af12-ca1a5012528b,tds_lrd_a_002,Raging Spirits,ATTRACTION,2026-09-07T02:16:09.242Z,OPERATING,AVAILABLE,,
tokyo_disneysea,3407ebac-c575-4c31-b794-1d271014d303,tds_mh_a_003,Soaring: Fantastic Flight,ATTRACTION,2026-09-07T02:19:19.888Z,OPERATING,AVAILABLE,,
tokyo_disneysea,10b5b89e-02a6-4456-9ddd-69e06c2bded4,tds_fs_a_002,Rapunzel's Lantern Festival,ATTRACTION,2026-09-07T02:22:56.933Z,OPERATING,AVAILABLE,,
tokyo_disneysea,3407ebac-c575-4c31-b794-1d271014d303,tds_mh_a_003,Soaring: Fantastic Flight,ATTRACTION,2026-09-07T02:19:44.826Z,OPERATING,AVAILABLE,,
tokyo_disneysea,10b5b89e-02a6-4456-9ddd-69e06c2bded4,tds_fs_a_002,Rapunzel's Lantern Festival,ATTRACTION,2026-09-07T02:26:45.877Z,OPERATING,AVAILABLE,,
tokyo_disneysea,9fb0c97c-ebf7-4c25-8ea7-a3f4fe2aa9ec,tds_fs_a_001,Anna and Elsa's Frozen Journey,ATTRACTION,2026-09-07T02:26:45.869Z,OPERATING,AVAILABLE,,
tokyo_disneysea,e8c15bc6-aaab-44ef-8285-1d92ebd2c47d,tds_fs_a_003,Peter Pan's Never Land Adventure,ATTRACTION,2026-09-07T02:26:45.886Z,OPERATING,AVAILABLE,,
tokyo_disneysea,c8526be3-e82c-4692-ae44-e8f2d1142c8a,tds_mi_a_002,Journey to the Center of the Earth,ATTRACTION,2026-09-07T02:26:45.839Z,OPERATING,AVAILABLE,,
tokyo_disneysea,abb5d6ec-469e-4ab0-8685-5f04e9749653,tds_aw_a_003,Toy Story Mania!,ATTRACTION,2026-09-07T02:26:45.823Z,OPERATING,AVAILABLE,,
tokyo_disneysea,dd942cd2-b364-4262-af12-ca1a5012528b,tds_lrd_a_002,Raging Spirits,ATTRACTION,2026-09-07T02:28:57.401Z,OPERATING,AVAILABLE,,
tokyo_disneysea,3407ebac-c575-4c31-b794-1d271014d303,tds_mh_a_003,Soaring: Fantastic Flight,ATTRACTION,2026-09-07T02:28:57.393Z,OPERATING,AVAILABLE,,
tokyo_disneysea,4ca7254c-7abc-4e52-82e0-9c562c096494,tds_aw_a_002,Tower of Terror,ATTRACTION,2026-09-07T02:26:45.861Z,OPERATING,AVAILABLE,,
tokyo_disneysea,e8c15bc6-aaab-44ef-8285-1d92ebd2c47d,tds_fs_a_003,Peter Pan's Never Land Adventure,ATTRACTION,2026-09-07T02:32:43.442Z,OPERATING,AVAILABLE,,
tokyo_disneysea,4ca7254c-7abc-4e52-82e0-9c562c096494,tds_aw_a_002,Tower of Terror,ATTRACTION,2026-09-07T02:34:42.150Z,OPERATING,AVAILABLE,,
tokyo_disneysea,10b5b89e-02a6-4456-9ddd-69e06c2bded4,tds_fs_a_002,Rapunzel's Lantern Festival,ATTRACTION,2026-09-07T02:38:36.277Z,OPERATING,AVAILABLE,,
tokyo_disneysea,9fb0c97c-ebf7-4c25-8ea7-a3f4fe2aa9ec,tds_fs_a_001,Anna and Elsa's Frozen Journey,ATTRACTION,2026-09-07T02:38:36.270Z,OPERATING,AVAILABLE,,
tokyo_disneysea,e8c15bc6-aaab-44ef-8285-1d92ebd2c47d,tds_fs_a_003,Peter Pan's Never Land Adventure,ATTRACTION,2026-09-07T02:38:36.285Z,OPERATING,AVAILABLE,,
tokyo_disneysea,c8526be3-e82c-4692-ae44-e8f2d1142c8a,tds_mi_a_002,Journey to the Center of the Earth,ATTRACTION,2026-09-07T02:38:36.248Z,OPERATING,AVAILABLE,,
tokyo_disneysea,abb5d6ec-469e-4ab0-8685-5f04e9749653,tds_aw_a_003,Toy Story Mania!,ATTRACTION,2026-09-07T02:38:36.235Z,OPERATING,AVAILABLE,,
tokyo_disneysea,dd942cd2-b364-4262-af12-ca1a5012528b,tds_lrd_a_002,Raging Spirits,ATTRACTION,2026-09-07T02:38:36.255Z,OPERATING,AVAILABLE,,
tokyo_disneysea,3407ebac-c575-4c31-b794-1d271014d303,tds_mh_a_003,Soaring: Fantastic Flight,ATTRACTION,2026-09-07T02:38:36.242Z,OPERATING,AVAILABLE,,
tokyo_disneysea,4ca7254c-7abc-4e52-82e0-9c562c096494,tds_aw_a_002,Tower of Terror,ATTRACTION,2026-09-07T02:38:36.262Z,OPERATING,AVAILABLE,,
tokyo_disneysea,e8c15bc6-aaab-44ef-8285-1d92ebd2c47d,tds_fs_a_003,Peter Pan's Never Land Adventure,ATTRACTION,2026-09-07T02:44:39.552Z,OPERATING,AVAILABLE,,
tokyo_disneysea,c8526be3-e82c-4692-ae44-e8f2d1142c8a,tds_mi_a_002,Journey to the Center of the Earth,ATTRACTION,2026-09-07T02:43:43.967Z,OPERATING,AVAILABLE,,
tokyo_disneysea,dd942cd2-b364-4262-af12-ca1a5012528b,tds_lrd_a_002,Raging Spirits,ATTRACTION,2026-09-07T02:41:09.153Z,OPERATING,AVAILABLE,,
tokyo_disneysea,10b5b89e-02a6-4456-9ddd-69e06c2bded4,tds_fs_a_002,Rapunzel's Lantern Festival,ATTRACTION,2026-09-07T02:49:49.235Z,OPERATING,AVAILABLE,,
tokyo_disneysea,9fb0c97c-ebf7-4c25-8ea7-a3f4fe2aa9ec,tds_fs_a_001,Anna and Elsa's Frozen Journey,ATTRACTION,2026-09-07T02:49:49.227Z,OPERATING,AVAILABLE,,
tokyo_disneysea,e8c15bc6-aaab-44ef-8285-1d92ebd2c47d,tds_fs_a_003,Peter Pan's Never Land Adventure,ATTRACTION,2026-09-07T02:49:49.242Z,OPERATING,AVAILABLE,,
tokyo_disneysea,abb5d6ec-469e-4ab0-8685-5f04e9749653,tds_aw_a_003,Toy Story Mania!,ATTRACTION,2026-09-07T02:49:49.192Z,OPERATING,AVAILABLE,,
tokyo_disneysea,dd942cd2-b364-4262-af12-ca1a5012528b,tds_lrd_a_002,Raging Spirits,ATTRACTION,2026-09-07T02:49:49.207Z,OPERATING,AVAILABLE,,
tokyo_disneysea,3407ebac-c575-4c31-b794-1d271014d303,tds_mh_a_003,Soaring: Fantastic Flight,ATTRACTION,2026-09-07T02:49:49.201Z,OPERATING,AVAILABLE,,
tokyo_disneysea,4ca7254c-7abc-4e52-82e0-9c562c096494,tds_aw_a_002,Tower of Terror,ATTRACTION,2026-09-07T02:49:49.216Z,OPERATING,AVAILABLE,,
tokyo_disneysea,10b5b89e-02a6-4456-9ddd-69e06c2bded4,tds_fs_a_002,Rapunzel's Lantern Festival,ATTRACTION,2026-09-07T02:50:48.864Z,OPERATING,AVAILABLE,,
tokyo_disneysea,9fb0c97c-ebf7-4c25-8ea7-a3f4fe2aa9ec,tds_fs_a_001,Anna and Elsa's Frozen Journey,ATTRACTION,2026-09-07T02:50:48.857Z,OPERATING,AVAILABLE,,
tokyo_disneysea,e8c15bc6-aaab-44ef-8285-1d92ebd2c47d,tds_fs_a_003,Peter Pan's Never Land Adventure,ATTRACTION,2026-09-07T02:53:12.643Z,OPERATING,AVAILABLE,,
tokyo_disneysea,c8526be3-e82c-4692-ae44-e8f2d1142c8a,tds_mi_a_002,Journey to the Center of the Earth,ATTRACTION,2026-09-07T02:50:48.834Z,OPERATING,AVAILABLE,,
tokyo_disneysea,abb5d6ec-469e-4ab0-8685-5f04e9749653,tds_aw_a_003,Toy Story Mania!,ATTRACTION,2026-09-07T02:53:12.622Z,OPERATING,AVAILABLE,,
tokyo_disneysea,dd942cd2-b364-4262-af12-ca1a5012528b,tds_lrd_a_002,Raging Spirits,ATTRACTION,2026-09-07T02:50:48.841Z,OPERATING,AVAILABLE,,
tokyo_disneysea,3407ebac-c575-4c31-b794-1d271014d303,tds_mh_a_003,Soaring: Fantastic Flight,ATTRACTION,2026-09-07T02:50:48.826Z,OPERATING,AVAILABLE,,
tokyo_disneysea,4ca7254c-7abc-4e52-82e0-9c562c096494,tds_aw_a_002,Tower of Terror,ATTRACTION,2026-09-07T02:50:48.849Z,OPERATING,AVAILABLE,,
tokyo_disneysea,10b5b89e-02a6-4456-9ddd-69e06c2bded4,tds_fs_a_002,Rapunzel's Lantern Festival,ATTRACTION,2026-09-07T02:57:21.911Z,OPERATING,AVAILABLE,,
tokyo_disneysea,e8c15bc6-aaab-44ef-8285-1d92ebd2c47d,tds_fs_a_003,Peter Pan's Never Land Adventure,ATTRACTION,2026-09-07T02:55:53.617Z,OPERATING,AVAILABLE,,
tokyo_disneysea,c8526be3-e82c-4692-ae44-e8f2d1142c8a,tds_mi_a_002,Journey to the Center of the Earth,ATTRACTION,2026-09-07T02:57:21.904Z,OPERATING,AVAILABLE,,
tokyo_disneysea,abb5d6ec-469e-4ab0-8685-5f04e9749653,tds_aw_a_003,Toy Story Mania!,ATTRACTION,2026-09-07T02:59:12.835Z,OPERATING,AVAILABLE,,
tokyo_disneysea,dd942cd2-b364-4262-af12-ca1a5012528b,tds_lrd_a_002,Raging Spirits,ATTRACTION,2026-09-07T02:59:12.852Z,OPERATING,AVAILABLE,,
tokyo_disneysea,10b5b89e-02a6-4456-9ddd-69e06c2bded4,tds_fs_a_002,Rapunzel's Lantern Festival,ATTRACTION,2026-09-07T03:02:16.766Z,OPERATING,AVAILABLE,,
tokyo_disneysea,9fb0c97c-ebf7-4c25-8ea7-a3f4fe2aa9ec,tds_fs_a_001,Anna and Elsa's Frozen Journey,ATTRACTION,2026-09-07T03:02:16.758Z,OPERATING,AVAILABLE,,
tokyo_disneysea,e8c15bc6-aaab-44ef-8285-1d92ebd2c47d,tds_fs_a_003,Peter Pan's Never Land Adventure,ATTRACTION,2026-09-07T03:02:16.774Z,OPERATING,AVAILABLE,,
tokyo_disneysea,c8526be3-e82c-4692-ae44-e8f2d1142c8a,tds_mi_a_002,Journey to the Center of the Earth,ATTRACTION,2026-09-07T03:02:16.724Z,OPERATING,AVAILABLE,,
tokyo_disneysea,abb5d6ec-469e-4ab0-8685-5f04e9749653,tds_aw_a_003,Toy Story Mania!,ATTRACTION,2026-09-07T03:02:16.706Z,OPERATING,AVAILABLE,,
tokyo_disneysea,dd942cd2-b364-4262-af12-ca1a5012528b,tds_lrd_a_002,Raging Spirits,ATTRACTION,2026-09-07T03:02:16.741Z,OPERATING,AVAILABLE,,
tokyo_disneysea,3407ebac-c575-4c31-b794-1d271014d303,tds_mh_a_003,Soaring: Fantastic Flight,ATTRACTION,2026-09-07T03:02:16.715Z,OPERATING,AVAILABLE,,
tokyo_disneysea,4ca7254c-7abc-4e52-82e0-9c562c096494,tds_aw_a_002,Tower of Terror,ATTRACTION,2026-09-07T03:02:16.750Z,OPERATING,AVAILABLE,,
tokyo_disneysea,9fb0c97c-ebf7-4c25-8ea7-a3f4fe2aa9ec,tds_fs_a_001,Anna and Elsa's Frozen Journey,ATTRACTION,2026-09-07T03:07:47.169Z,OPERATING,AVAILABLE,,
tokyo_disneysea,dd942cd2-b364-4262-af12-ca1a5012528b,tds_lrd_a_002,Raging Spirits,ATTRACTION,2026-09-07T03:07:53.384Z,OPERATING,AVAILABLE,,
tokyo_disneysea,3407ebac-c575-4c31-b794-1d271014d303,tds_mh_a_003,Soaring: Fantastic Flight,ATTRACTION,2026-09-07T03:07:47.131Z,OPERATING,AVAILABLE,,
tokyo_disneysea,10b5b89e-02a6-4456-9ddd-69e06c2bded4,tds_fs_a_002,Rapunzel's Lantern Festival,ATTRACTION,2026-09-07T03:14:52.034Z,OPERATING,AVAILABLE,,
tokyo_disneysea,9fb0c97c-ebf7-4c25-8ea7-a3f4fe2aa9ec,tds_fs_a_001,Anna and Elsa's Frozen Journey,ATTRACTION,2026-09-07T03:14:52.028Z,OPERATING,AVAILABLE,,
tokyo_disneysea,e8c15bc6-aaab-44ef-8285-1d92ebd2c47d,tds_fs_a_003,Peter Pan's Never Land Adventure,ATTRACTION,2026-09-07T03:14:52.045Z,OPERATING,AVAILABLE,,
tokyo_disneysea,c8526be3-e82c-4692-ae44-e8f2d1142c8a,tds_mi_a_002,Journey to the Center of the Earth,ATTRACTION,2026-09-07T03:14:52.007Z,OPERATING,AVAILABLE,,
tokyo_disneysea,abb5d6ec-469e-4ab0-8685-5f04e9749653,tds_aw_a_003,Toy Story Mania!,ATTRACTION,2026-09-07T03:14:51.992Z,OPERATING,AVAILABLE,,
tokyo_disneysea,dd942cd2-b364-4262-af12-ca1a5012528b,tds_lrd_a_002,Raging Spirits,ATTRACTION,2026-09-07T03:14:52.013Z,OPERATING,AVAILABLE,,
tokyo_disneysea,3407ebac-c575-4c31-b794-1d271014d303,tds_mh_a_003,Soaring: Fantastic Flight,ATTRACTION,2026-09-07T03:14:51.998Z,OPERATING,AVAILABLE,,
tokyo_disneysea,4ca7254c-7abc-4e52-82e0-9c562c096494,tds_aw_a_002,Tower of Terror,ATTRACTION,2026-09-07T03:14:52.020Z,OPERATING,AVAILABLE,,
tokyo_disneysea,9fb0c97c-ebf7-4c25-8ea7-a3f4fe2aa9ec,tds_fs_a_001,Anna and Elsa's Frozen Journey,ATTRACTION,2026-09-07T03:17:36.109Z,OPERATING,AVAILABLE,,
tokyo_disneysea,c8526be3-e82c-4692-ae44-e8f2d1142c8a,tds_mi_a_002,Journey to the Center of the Earth,ATTRACTION,2026-09-07T03:17:36.102Z,OPERATING,AVAILABLE,,
tokyo_disneysea,abb5d6ec-469e-4ab0-8685-5f04e9749653,tds_aw_a_003,Toy Story Mania!,ATTRACTION,2026-09-07T03:17:36.094Z,OPERATING,AVAILABLE,,
tokyo_disneysea,c8526be3-e82c-4692-ae44-e8f2d1142c8a,tds_mi_a_002,Journey to the Center of the Earth,ATTRACTION,2026-09-07T03:23:36.330Z,OPERATING,AVAILABLE,,
tokyo_disneysea,abb5d6ec-469e-4ab0-8685-5f04e9749653,tds_aw_a_003,Toy Story Mania!,ATTRACTION,2026-09-07T03:22:01.377Z,OPERATING,AVAILABLE,,
tokyo_disneysea,dd942cd2-b364-4262-af12-ca1a5012528b,tds_lrd_a_002,Raging Spirits,ATTRACTION,2026-09-07T03:23:36.338Z,OPERATING,AVAILABLE,,
tokyo_disneysea,3407ebac-c575-4c31-b794-1d271014d303,tds_mh_a_003,Soaring: Fantastic Flight,ATTRACTION,2026-09-07T03:22:01.391Z,OPERATING,AVAILABLE,,
tokyo_disneysea,10b5b89e-02a6-4456-9ddd-69e06c2bded4,tds_fs_a_002,Rapunzel's Lantern Festival,ATTRACTION,2026-09-07T03:27:34.478Z,OPERATING,AVAILABLE,,
tokyo_disneysea,9fb0c97c-ebf7-4c25-8ea7-a3f4fe2aa9ec,tds_fs_a_001,Anna and Elsa's Frozen Journey,ATTRACTION,2026-09-07T03:27:34.471Z,OPERATING,AVAILABLE,,
tokyo_disneysea,e8c15bc6-aaab-44ef-8285-1d92ebd2c47d,tds_fs_a_003,Peter Pan's Never Land Adventure,ATTRACTION,2026-09-07T03:30:03.506Z,OPERATING,AVAILABLE,,
tokyo_disneysea,c8526be3-e82c-4692-ae44-e8f2d1142c8a,tds_mi_a_002,Journey to the Center of the Earth,ATTRACTION,2026-09-07T03:27:34.451Z,OPERATING,AVAILABLE,,
tokyo_disneysea,abb5d6ec-469e-4ab0-8685-5f04e9749653,tds_aw_a_003,Toy Story Mania!,ATTRACTION,2026-09-07T03:30:02.946Z,OPERATING,AVAILABLE,,
tokyo_disneysea,dd942cd2-b364-4262-af12-ca1a5012528b,tds_lrd_a_002,Raging Spirits,ATTRACTION,2026-09-07T03:27:34.457Z,OPERATING,AVAILABLE,,
tokyo_disneysea,3407ebac-c575-4c31-b794-1d271014d303,tds_mh_a_003,Soaring: Fantastic Flight,ATTRACTION,2026-09-07T03:30:03.497Z,OPERATING,AVAILABLE,,
tokyo_disneysea,4ca7254c-7abc-4e52-82e0-9c562c096494,tds_aw_a_002,Tower of Terror,ATTRACTION,2026-09-07T03:27:34.464Z,OPERATING,AVAILABLE,,
tokyo_disneysea,10b5b89e-02a6-4456-9ddd-69e06c2bded4,tds_fs_a_002,Rapunzel's Lantern Festival,ATTRACTION,2026-09-07T03:38:27.768Z,OPERATING,AVAILABLE,,
tokyo_disneysea,9fb0c97c-ebf7-4c25-8ea7-a3f4fe2aa9ec,tds_fs_a_001,Anna and Elsa's Frozen Journey,ATTRACTION,2026-09-07T03:38:27.760Z,OPERATING,AVAILABLE,,
tokyo_disneysea,e8c15bc6-aaab-44ef-8285-1d92ebd2c47d,tds_fs_a_003,Peter Pan's Never Land Adventure,ATTRACTION,2026-09-07T03:38:27.775Z,OPERATING,AVAILABLE,,
tokyo_disneysea,c8526be3-e82c-4692-ae44-e8f2d1142c8a,tds_mi_a_002,Journey to the Center of the Earth,ATTRACTION,2026-09-07T03:38:27.727Z,OPERATING,AVAILABLE,,
tokyo_disneysea,abb5d6ec-469e-4ab0-8685-5f04e9749653,tds_aw_a_003,Toy Story Mania!,ATTRACTION,2026-09-07T03:38:27.709Z,OPERATING,AVAILABLE,,
tokyo_disneysea,dd942cd2-b364-4262-af12-ca1a5012528b,tds_lrd_a_002,Raging Spirits,ATTRACTION,2026-09-07T03:38:27.744Z,OPERATING,AVAILABLE,,
tokyo_disneysea,3407ebac-c575-4c31-b794-1d271014d303,tds_mh_a_003,Soaring: Fantastic Flight,ATTRACTION,2026-09-07T03:38:27.720Z,OPERATING,AVAILABLE,,
tokyo_disneysea,4ca7254c-7abc-4e52-82e0-9c562c096494,tds_aw_a_002,Tower of Terror,ATTRACTION,2026-09-07T03:38:27.752Z,OPERATING,AVAILABLE,,
tokyo_disneysea,10b5b89e-02a6-4456-9ddd-69e06c2bded4,tds_fs_a_002,Rapunzel's Lantern Festival,ATTRACTION,2026-09-07T03:39:47.124Z,OPERATING,AVAILABLE,,
tokyo_disneysea,9fb0c97c-ebf7-4c25-8ea7-a3f4fe2aa9ec,tds_fs_a_001,Anna and Elsa's Frozen Journey,ATTRACTION,2026-09-07T03:39:47.116Z,OPERATING,AVAILABLE,,
tokyo_disneysea,e8c15bc6-aaab-44ef-8285-1d92ebd2c47d,tds_fs_a_003,Peter Pan's Never Land Adventure,ATTRACTION,2026-09-07T03:39:47.131Z,OPERATING,AVAILABLE,,
tokyo_disneysea,c8526be3-e82c-4692-ae44-e8f2d1142c8a,tds_mi_a_002,Journey to the Center of the Earth,ATTRACTION,2026-09-07T03:39:47.068Z,OPERATING,AVAILABLE,,
tokyo_disneysea,abb5d6ec-469e-4ab0-8685-5f04e9749653,tds_aw_a_003,Toy Story Mania!,ATTRACTION,2026-09-07T03:39:47.053Z,OPERATING,AVAILABLE,,
tokyo_disneysea,dd942cd2-b364-4262-af12-ca1a5012528b,tds_lrd_a_002,Raging Spirits,ATTRACTION,2026-09-07T03:39:47.091Z,OPERATING,AVAILABLE,,
tokyo_disneysea,3407ebac-c575-4c31-b794-1d271014d303,tds_mh_a_003,Soaring: Fantastic Flight,ATTRACTION,2026-09-07T03:39:47.061Z,OPERATING,AVAILABLE,,
tokyo_disneysea,4ca7254c-7abc-4e52-82e0-9c562c096494,tds_aw_a_002,Tower of Terror,ATTRACTION,2026-09-07T03:39:47.098Z,OPERATING,AVAILABLE,,
tokyo_disneysea,dd942cd2-b364-4262-af12-ca1a5012528b,tds_lrd_a_002,Raging Spirits,ATTRACTION,2026-09-07T03:48:32.497Z,OPERATING,AVAILABLE,,
tokyo_disneysea,10b5b89e-02a6-4456-9ddd-69e06c2bded4,tds_fs_a_002,Rapunzel's Lantern Festival,ATTRACTION,2026-09-07T03:51:51.184Z,OPERATING,AVAILABLE,,
tokyo_disneysea,9fb0c97c-ebf7-4c25-8ea7-a3f4fe2aa9ec,tds_fs_a_001,Anna and Elsa's Frozen Journey,ATTRACTION,2026-09-07T03:51:51.176Z,OPERATING,AVAILABLE,,
tokyo_disneysea,e8c15bc6-aaab-44ef-8285-1d92ebd2c47d,tds_fs_a_003,Peter Pan's Never Land Adventure,ATTRACTION,2026-09-07T03:53:33.593Z,OPERATING,AVAILABLE,,
tokyo_disneysea,c8526be3-e82c-4692-ae44-e8f2d1142c8a,tds_mi_a_002,Journey to the Center of the Earth,ATTRACTION,2026-09-07T03:51:51.153Z,OPERATING,AVAILABLE,,
tokyo_disneysea,abb5d6ec-469e-4ab0-8685-5f04e9749653,tds_aw_a_003,Toy Story Mania!,ATTRACTION,2026-09-07T03:51:51.140Z,OPERATING,AVAILABLE,,
tokyo_disneysea,dd942cd2-b364-4262-af12-ca1a5012528b,tds_lrd_a_002,Raging Spirits,ATTRACTION,2026-09-07T03:51:51.161Z,OPERATING,AVAILABLE,,
tokyo_disneysea,3407ebac-c575-4c31-b794-1d271014d303,tds_mh_a_003,Soaring: Fantastic Flight,ATTRACTION,2026-09-07T03:53:33.575Z,OPERATING,AVAILABLE,,
tokyo_disneysea,4ca7254c-7abc-4e52-82e0-9c562c096494,tds_aw_a_002,Tower of Terror,ATTRACTION,2026-09-07T03:51:51.168Z,OPERATING,AVAILABLE,,
tokyo_disneysea,e8c15bc6-aaab-44ef-8285-1d92ebd2c47d,tds_fs_a_003,Peter Pan's Never Land Adventure,ATTRACTION,2026-09-07T03:59:41.179Z,OPERATING,AVAILABLE,,
tokyo_disneysea,abb5d6ec-469e-4ab0-8685-5f04e9749653,tds_aw_a_003,Toy Story Mania!,ATTRACTION,2026-09-07T03:59:41.156Z,OPERATING,AVAILABLE,,
tokyo_disneysea,dd942cd2-b364-4262-af12-ca1a5012528b,tds_lrd_a_002,Raging Spirits,ATTRACTION,2026-09-07T03:59:41.163Z,OPERATING,AVAILABLE,,
tokyo_disneysea,4ca7254c-7abc-4e52-82e0-9c562c096494,tds_aw_a_002,Tower of Terror,ATTRACTION,2026-09-07T03:59:41.171Z,OPERATING,AVAILABLE,,
tokyo_disneysea,10b5b89e-02a6-4456-9ddd-69e06c2bded4,tds_fs_a_002,Rapunzel's Lantern Festival,ATTRACTION,2026-09-07T04:03:55.809Z,OPERATING,AVAILABLE,,
tokyo_disneysea,9fb0c97c-ebf7-4c25-8ea7-a3f4fe2aa9ec,tds_fs_a_001,Anna and Elsa's Frozen Journey,ATTRACTION,2026-09-07T04:03:55.803Z,OPERATING,AVAILABLE,,
tokyo_disneysea,e8c15bc6-aaab-44ef-8285-1d92ebd2c47d,tds_fs_a_003,Peter Pan's Never Land Adventure,ATTRACTION,2026-09-07T04:03:55.816Z,OPERATING,AVAILABLE,,
tokyo_disneysea,c8526be3-e82c-4692-ae44-e8f2d1142c8a,tds_mi_a_002,Journey to the Center of the Earth,ATTRACTION,2026-09-07T04:03:55.783Z,OPERATING,AVAILABLE,,
tokyo_disneysea,abb5d6ec-469e-4ab0-8685-5f04e9749653,tds_aw_a_003,Toy Story Mania!,ATTRACTION,2026-09-07T04:03:55.768Z,OPERATING,AVAILABLE,,
tokyo_disneysea,dd942cd2-b364-4262-af12-ca1a5012528b,tds_lrd_a_002,Raging Spirits,ATTRACTION,2026-09-07T04:03:55.789Z,OPERATING,AVAILABLE,,
tokyo_disneysea,3407ebac-c575-4c31-b794-1d271014d303,tds_mh_a_003,Soaring: Fantastic Flight,ATTRACTION,2026-09-07T04:03:55.776Z,OPERATING,AVAILABLE,,
tokyo_disneysea,4ca7254c-7abc-4e52-82e0-9c562c096494,tds_aw_a_002,Tower of Terror,ATTRACTION,2026-09-07T04:03:55.796Z,OPERATING,AVAILABLE,,
tokyo_disneysea,10b5b89e-02a6-4456-9ddd-69e06c2bded4,tds_fs_a_002,Rapunzel's Lantern Festival,ATTRACTION,2026-09-07T04:14:41.456Z,OPERATING,AVAILABLE,,
tokyo_disneysea,9fb0c97c-ebf7-4c25-8ea7-a3f4fe2aa9ec,tds_fs_a_001,Anna and Elsa's Frozen Journey,ATTRACTION,2026-09-07T04:14:41.449Z,OPERATING,AVAILABLE,,
tokyo_disneysea,e8c15bc6-aaab-44ef-8285-1d92ebd2c47d,tds_fs_a_003,Peter Pan's Never Land Adventure,ATTRACTION,2026-09-07T04:14:41.465Z,OPERATING,AVAILABLE,,
tokyo_disneysea,c8526be3-e82c-4692-ae44-e8f2d1142c8a,tds_mi_a_002,Journey to the Center of the Earth,ATTRACTION,2026-09-07T04:14:41.426Z,OPERATING,AVAILABLE,,
tokyo_disneysea,abb5d6ec-469e-4ab0-8685-5f04e9749653,tds_aw_a_003,Toy Story Mania!,ATTRACTION,2026-09-07T04:14:41.412Z,OPERATING,AVAILABLE,,
tokyo_disneysea,dd942cd2-b364-4262-af12-ca1a5012528b,tds_lrd_a_002,Raging Spirits,ATTRACTION,2026-09-07T04:14:41.434Z,OPERATING,AVAILABLE,,
tokyo_disneysea,3407ebac-c575-4c31-b794-1d271014d303,tds_mh_a_003,Soaring: Fantastic Flight,ATTRACTION,2026-09-07T04:14:41.419Z,OPERATING,AVAILABLE,,
tokyo_disneysea,4ca7254c-7abc-4e52-82e0-9c562c096494,tds_aw_a_002,Tower of Terror,ATTRACTION,2026-09-07T04:14:41.442Z,OPERATING,AVAILABLE,,
tokyo_disneysea,10b5b89e-02a6-4456-9ddd-69e06c2bded4,tds_fs_a_002,Rapunzel's Lantern Festival,ATTRACTION,2026-09-07T04:16:32.066Z,OPERATING,AVAILABLE,,
tokyo_disneysea,9fb0c97c-ebf7-4c25-8ea7-a3f4fe2aa9ec,tds_fs_a_001,Anna and Elsa's Frozen Journey,ATTRACTION,2026-09-07T04:16:32.059Z,OPERATING,AVAILABLE,,
tokyo_disneysea,e8c15bc6-aaab-44ef-8285-1d92ebd2c47d,tds_fs_a_003,Peter Pan's Never Land Adventure,ATTRACTION,2026-09-07T04:16:32.073Z,OPERATING,AVAILABLE,,
tokyo_disneysea,c8526be3-e82c-4692-ae44-e8f2d1142c8a,tds_mi_a_002,Journey to the Center of the Earth,ATTRACTION,2026-09-07T04:16:32.026Z,OPERATING,AVAILABLE,,
tokyo_disneysea,abb5d6ec-469e-4ab0-8685-5f04e9749653,tds_aw_a_003,Toy Story Mania!,ATTRACTION,2026-09-07T04:16:32.014Z,OPERATING,AVAILABLE,,
tokyo_disneysea,dd942cd2-b364-4262-af12-ca1a5012528b,tds_lrd_a_002,Raging Spirits,ATTRACTION,2026-09-07T04:16:32.039Z,OPERATING,AVAILABLE,,
tokyo_disneysea,3407ebac-c575-4c31-b794-1d271014d303,tds_mh_a_003,Soaring: Fantastic Flight,ATTRACTION,2026-09-07T04:19:03.063Z,OPERATING,AVAILABLE,,
tokyo_disneysea,4ca7254c-7abc-4e52-82e0-9c562c096494,tds_aw_a_002,Tower of Terror,ATTRACTION,2026-09-07T04:16:32.045Z,OPERATING,AVAILABLE,,
tokyo_disneysea,c8526be3-e82c-4692-ae44-e8f2d1142c8a,tds_mi_a_002,Journey to the Center of the Earth,ATTRACTION,2026-09-07T04:25:04.581Z,OPERATING,AVAILABLE,,
tokyo_disneysea,abb5d6ec-469e-4ab0-8685-5f04e9749653,tds_aw_a_003,Toy Story Mania!,ATTRACTION,2026-09-07T04:25:04.542Z,OPERATING,AVAILABLE,,
tokyo_disneysea,dd942cd2-b364-4262-af12-ca1a5012528b,tds_lrd_a_002,Raging Spirits,ATTRACTION,2026-09-07T04:25:04.625Z,DOWN,AVAILABLE,,
tokyo_disneysea,3407ebac-c575-4c31-b794-1d271014d303,tds_mh_a_003,Soaring: Fantastic Flight,ATTRACTION,2026-09-07T04:20:41.610Z,OPERATING,AVAILABLE,,
tokyo_disneysea,10b5b89e-02a6-4456-9ddd-69e06c2bded4,tds_fs_a_002,Rapunzel's Lantern Festival,ATTRACTION,2026-09-07T04:28:35.336Z,OPERATING,AVAILABLE,,
tokyo_disneysea,9fb0c97c-ebf7-4c25-8ea7-a3f4fe2aa9ec,tds_fs_a_001,Anna and Elsa's Frozen Journey,ATTRACTION,2026-09-07T04:29:42.276Z,OPERATING,AVAILABLE,,
tokyo_disneysea,e8c15bc6-aaab-44ef-8285-1d92ebd2c47d,tds_fs_a_003,Peter Pan's Never Land Adventure,ATTRACTION,2026-09-07T04:28:35.344Z,OPERATING,AVAILABLE,,
tokyo_disneysea,c8526be3-e82c-4692-ae44-e8f2d1142c8a,tds_mi_a_002,Journey to the Center of the Earth,ATTRACTION,2026-09-07T04:28:35.292Z,OPERATING,AVAILABLE,,
tokyo_disneysea,abb5d6ec-469e-4ab0-8685-5f04e9749653,tds_aw_a_003,Toy Story Mania!,ATTRACTION,2026-09-07T04:28:35.278Z,OPERATING,AVAILABLE,,
tokyo_disneysea,dd942cd2-b364-4262-af12-ca1a5012528b,tds_lrd_a_002,Raging Spirits,ATTRACTION,2026-09-07T04:28:35.307Z,DOWN,AVAILABLE,,
tokyo_disneysea,3407ebac-c575-4c31-b794-1d271014d303,tds_mh_a_003,Soaring: Fantastic Flight,ATTRACTION,2026-09-07T04:28:35.285Z,OPERATING,AVAILABLE,,
tokyo_disneysea,4ca7254c-7abc-4e52-82e0-9c562c096494,tds_aw_a_002,Tower of Terror,ATTRACTION,2026-09-07T04:28:35.315Z,OPERATING,AVAILABLE,,
tokyo_disneysea,9fb0c97c-ebf7-4c25-8ea7-a3f4fe2aa9ec,tds_fs_a_001,Anna and Elsa's Frozen Journey,ATTRACTION,2026-09-07T04:31:05.514Z,OPERATING,AVAILABLE,,
tokyo_disneysea,c8526be3-e82c-4692-ae44-e8f2d1142c8a,tds_mi_a_002,Journey to the Center of the Earth,ATTRACTION,2026-09-07T04:34:41.400Z,OPERATING,AVAILABLE,,
tokyo_disneysea,10b5b89e-02a6-4456-9ddd-69e06c2bded4,tds_fs_a_002,Rapunzel's Lantern Festival,ATTRACTION,2026-09-07T04:38:46.336Z,OPERATING,AVAILABLE,,
tokyo_disneysea,9fb0c97c-ebf7-4c25-8ea7-a3f4fe2aa9ec,tds_fs_a_001,Anna and Elsa's Frozen Journey,ATTRACTION,2026-09-07T04:38:46.329Z,OPERATING,AVAILABLE,,
tokyo_disneysea,e8c15bc6-aaab-44ef-8285-1d92ebd2c47d,tds_fs_a_003,Peter Pan's Never Land Adventure,ATTRACTION,2026-09-07T04:38:46.343Z,OPERATING,AVAILABLE,,
tokyo_disneysea,c8526be3-e82c-4692-ae44-e8f2d1142c8a,tds_mi_a_002,Journey to the Center of the Earth,ATTRACTION,2026-09-07T04:35:42.748Z,OPERATING,AVAILABLE,,
tokyo_disneysea,abb5d6ec-469e-4ab0-8685-5f04e9749653,tds_aw_a_003,Toy Story Mania!,ATTRACTION,2026-09-07T04:38:46.298Z,OPERATING,AVAILABLE,,
tokyo_disneysea,dd942cd2-b364-4262-af12-ca1a5012528b,tds_lrd_a_002,Raging Spirits,ATTRACTION,2026-09-07T04:38:46.313Z,DOWN,AVAILABLE,,
tokyo_disneysea,3407ebac-c575-4c31-b794-1d271014d303,tds_mh_a_003,Soaring: Fantastic Flight,ATTRACTION,2026-09-07T04:38:46.306Z,OPERATING,AVAILABLE,,
tokyo_disneysea,4ca7254c-7abc-4e52-82e0-9c562c096494,tds_aw_a_002,Tower of Terror,ATTRACTION,2026-09-07T04:38:46.320Z,OPERATING,AVAILABLE,,
tokyo_disneysea,10b5b89e-02a6-4456-9ddd-69e06c2bded4,tds_fs_a_002,Rapunzel's Lantern Festival,ATTRACTION,2026-09-07T04:41:43.326Z,OPERATING,AVAILABLE,,
tokyo_disneysea,9fb0c97c-ebf7-4c25-8ea7-a3f4fe2aa9ec,tds_fs_a_001,Anna and Elsa's Frozen Journey,ATTRACTION,2026-09-07T04:40:49.684Z,OPERATING,AVAILABLE,,
tokyo_disneysea,e8c15bc6-aaab-44ef-8285-1d92ebd2c47d,tds_fs_a_003,Peter Pan's Never Land Adventure,ATTRACTION,2026-09-07T04:40:49.700Z,OPERATING,AVAILABLE,,
tokyo_disneysea,c8526be3-e82c-4692-ae44-e8f2d1142c8a,tds_mi_a_002,Journey to the Center of the Earth,ATTRACTION,2026-09-07T04:43:13.279Z,OPERATING,AVAILABLE,,
tokyo_disneysea,abb5d6ec-469e-4ab0-8685-5f04e9749653,tds_aw_a_003,Toy Story Mania!,ATTRACTION,2026-09-07T04:40:49.632Z,OPERATING,AVAILABLE,,
tokyo_disneysea,dd942cd2-b364-4262-af12-ca1a5012528b,tds_lrd_a_002,Raging Spirits,ATTRACTION,2026-09-07T04:40:49.668Z,DOWN,AVAILABLE,,
tokyo_disneysea,3407ebac-c575-4c31-b794-1d271014d303,tds_mh_a_003,Soaring: Fantastic Flight,ATTRACTION,2026-09-07T04:43:13.271Z,OPERATING,AVAILABLE,,
tokyo_disneysea,4ca7254c-7abc-4e52-82e0-9c562c096494,tds_aw_a_002,Tower of Terror,ATTRACTION,2026-09-07T04:40:49.676Z,OPERATING,AVAILABLE,,
tokyo_disneysea,c8526be3-e82c-4692-ae44-e8f2d1142c8a,tds_mi_a_002,Journey to the Center of the Earth,ATTRACTION,2026-09-07T04:44:43.143Z,OPERATING,AVAILABLE,,
tokyo_disneysea,3407ebac-c575-4c31-b794-1d271014d303,tds_mh_a_003,Soaring: Fantastic Flight,ATTRACTION,2026-09-07T04:49:13.100Z,OPERATING,AVAILABLE,,
tokyo_disneysea,10b5b89e-02a6-4456-9ddd-69e06c2bded4,tds_fs_a_002,Rapunzel's Lantern Festival,ATTRACTION,2026-09-07T04:52:52.126Z,OPERATING,AVAILABLE,,
tokyo_disneysea,9fb0c97c-ebf7-4c25-8ea7-a3f4fe2aa9ec,tds_fs_a_001,Anna and Elsa's Frozen Journey,ATTRACTION,2026-09-07T04:52:52.118Z,OPERATING,AVAILABLE,,
tokyo_disneysea,e8c15bc6-aaab-44ef-8285-1d92ebd2c47d,tds_fs_a_003,Peter Pan's Never Land Adventure,ATTRACTION,2026-09-07T04:52:52.134Z,OPERATING,AVAILABLE,,
tokyo_disneysea,c8526be3-e82c-4692-ae44-e8f2d1142c8a,tds_mi_a_002,Journey to the Center of the Earth,ATTRACTION,2026-09-07T04:52:52.096Z,OPERATING,AVAILABLE,,
tokyo_disneysea,abb5d6ec-469e-4ab0-8685-5f04e9749653,tds_aw_a_003,Toy Story Mania!,ATTRACTION,2026-09-07T04:52:52.080Z,OPERATING,AVAILABLE,,
tokyo_disneysea,dd942cd2-b364-4262-af12-ca1a5012528b,tds_lrd_a_002,Raging Spirits,ATTRACTION,2026-09-07T04:52:52.103Z,DOWN,AVAILABLE,,
tokyo_disneysea,3407ebac-c575-4c31-b794-1d271014d303,tds_mh_a_003,Soaring: Fantastic Flight,ATTRACTION,2026-09-07T04:53:48.125Z,OPERATING,AVAILABLE,,
tokyo_disneysea,4ca7254c-7abc-4e52-82e0-9c562c096494,tds_aw_a_002,Tower of Terror,ATTRACTION,2026-09-07T04:52:52.111Z,OPERATING,AVAILABLE,,
tokyo_disneysea,3407ebac-c575-4c31-b794-1d271014d303,tds_mh_a_003,Soaring: Fantastic Flight,ATTRACTION,2026-09-07T04:56:44.987Z,OPERATING,AVAILABLE,,
tokyo_disneysea,10b5b89e-02a6-4456-9ddd-69e06c2bded4,tds_fs_a_002,Rapunzel's Lantern Festival,ATTRACTION,2026-09-07T05:04:54.591Z,OPERATING,AVAILABLE,,
tokyo_disneysea,9fb0c97c-ebf7-4c25-8ea7-a3f4fe2aa9ec,tds_fs_a_001,Anna and Elsa's Frozen Journey,ATTRACTION,2026-09-07T05:04:54.585Z,OPERATING,AVAILABLE,,
tokyo_disneysea,e8c15bc6-aaab-44ef-8285-1d92ebd2c47d,tds_fs_a_003,Peter Pan's Never Land Adventure,ATTRACTION,2026-09-07T05:04:54.599Z,OPERATING,AVAILABLE,,
tokyo_disneysea,c8526be3-e82c-4692-ae44-e8f2d1142c8a,tds_mi_a_002,Journey to the Center of the Earth,ATTRACTION,2026-09-07T05:04:54.557Z,OPERATING,AVAILABLE,,
tokyo_disneysea,abb5d6ec-469e-4ab0-8685-5f04e9749653,tds_aw_a_003,Toy Story Mania!,ATTRACTION,2026-09-07T05:04:54.543Z,OPERATING,AVAILABLE,,
tokyo_disneysea,dd942cd2-b364-4262-af12-ca1a5012528b,tds_lrd_a_002,Raging Spirits,ATTRACTION,2026-09-07T05:04:54.564Z,DOWN,AVAILABLE,,
tokyo_disneysea,3407ebac-c575-4c31-b794-1d271014d303,tds_mh_a_003,Soaring: Fantastic Flight,ATTRACTION,2026-09-07T05:04:54.550Z,OPERATING,AVAILABLE,,
tokyo_disneysea,4ca7254c-7abc-4e52-82e0-9c562c096494,tds_aw_a_002,Tower of Terror,ATTRACTION,2026-09-07T05:04:54.570Z,OPERATING,AVAILABLE,,
tokyo_disneysea,10b5b89e-02a6-4456-9ddd-69e06c2bded4,tds_fs_a_002,Rapunzel's Lantern Festival,ATTRACTION,2026-09-07T05:13:33.092Z,OPERATING,AVAILABLE,,
tokyo_disneysea,3407ebac-c575-4c31-b794-1d271014d303,tds_mh_a_003,Soaring: Fantastic Flight,ATTRACTION,2026-09-07T05:13:33.081Z,OPERATING,AVAILABLE,,
tokyo_disneysea,10b5b89e-02a6-4456-9ddd-69e06c2bded4,tds_fs_a_002,Rapunzel's Lantern Festival,ATTRACTION,2026-09-07T05:17:08.440Z,OPERATING,AVAILABLE,,
tokyo_disneysea,9fb0c97c-ebf7-4c25-8ea7-a3f4fe2aa9ec,tds_fs_a_001,Anna and Elsa's Frozen Journey,ATTRACTION,2026-09-07T05:17:08.433Z,OPERATING,AVAILABLE,,
tokyo_disneysea,e8c15bc6-aaab-44ef-8285-1d92ebd2c47d,tds_fs_a_003,Peter Pan's Never Land Adventure,ATTRACTION,2026-09-07T05:17:08.450Z,OPERATING,AVAILABLE,,
tokyo_disneysea,c8526be3-e82c-4692-ae44-e8f2d1142c8a,tds_mi_a_002,Journey to the Center of the Earth,ATTRACTION,2026-09-07T05:19:38.894Z,OPERATING,AVAILABLE,,
tokyo_disneysea,abb5d6ec-469e-4ab0-8685-5f04e9749653,tds_aw_a_003,Toy Story Mania!,ATTRACTION,2026-09-07T05:17:08.393Z,OPERATING,AVAILABLE,,
tokyo_disneysea,dd942cd2-b364-4262-af12-ca1a5012528b,tds_lrd_a_002,Raging Spirits,ATTRACTION,2026-09-07T05:17:08.418Z,DOWN,AVAILABLE,,
tokyo_disneysea,3407ebac-c575-4c31-b794-1d271014d303,tds_mh_a_003,Soaring: Fantastic Flight,ATTRACTION,2026-09-07T05:17:08.402Z,OPERATING,AVAILABLE,,
tokyo_disneysea,4ca7254c-7abc-4e52-82e0-9c562c096494,tds_aw_a_002,Tower of Terror,ATTRACTION,2026-09-07T05:17:08.426Z,OPERATING,AVAILABLE,,
tokyo_disneysea,c8526be3-e82c-4692-ae44-e8f2d1142c8a,tds_mi_a_002,Journey to the Center of the Earth,ATTRACTION,2026-09-07T05:23:14.397Z,OPERATING,AVAILABLE,,
tokyo_disneysea,4ca7254c-7abc-4e52-82e0-9c562c096494,tds_aw_a_002,Tower of Terror,ATTRACTION,2026-09-07T05:23:30.997Z,OPERATING,AVAILABLE,,
tokyo_disneysea,10b5b89e-02a6-4456-9ddd-69e06c2bded4,tds_fs_a_002,Rapunzel's Lantern Festival,ATTRACTION,2026-09-07T05:29:56.695Z,OPERATING,AVAILABLE,,
tokyo_disneysea,9fb0c97c-ebf7-4c25-8ea7-a3f4fe2aa9ec,tds_fs_a_001,Anna and Elsa's Frozen Journey,ATTRACTION,2026-09-07T05:29:13.850Z,OPERATING,AVAILABLE,,
tokyo_disneysea,e8c15bc6-aaab-44ef-8285-1d92ebd2c47d,tds_fs_a_003,Peter Pan's Never Land Adventure,ATTRACTION,2026-09-07T05:29:13.867Z,OPERATING,AVAILABLE,,
tokyo_disneysea,c8526be3-e82c-4692-ae44-e8f2d1142c8a,tds_mi_a_002,Journey to the Center of the Earth,ATTRACTION,2026-09-07T05:29:13.804Z,OPERATING,AVAILABLE,,
tokyo_disneysea,abb5d6ec-469e-4ab0-8685-5f04e9749653,tds_aw_a_003,Toy Story Mania!,ATTRACTION,2026-09-07T05:29:13.789Z,OPERATING,AVAILABLE,,
tokyo_disneysea,dd942cd2-b364-4262-af12-ca1a5012528b,tds_lrd_a_002,Raging Spirits,ATTRACTION,2026-09-07T05:29:13.832Z,DOWN,AVAILABLE,,
tokyo_disneysea,3407ebac-c575-4c31-b794-1d271014d303,tds_mh_a_003,Soaring: Fantastic Flight,ATTRACTION,2026-09-07T05:29:13.797Z,OPERATING,AVAILABLE,,
tokyo_disneysea,4ca7254c-7abc-4e52-82e0-9c562c096494,tds_aw_a_002,Tower of Terror,ATTRACTION,2026-09-07T05:29:13.841Z,OPERATING,AVAILABLE,,
tokyo_disneysea,10b5b89e-02a6-4456-9ddd-69e06c2bded4,tds_fs_a_002,Rapunzel's Lantern Festival,ATTRACTION,2026-09-07T05:31:42.438Z,OPERATING,AVAILABLE,,
tokyo_disneysea,dd942cd2-b364-4262-af12-ca1a5012528b,tds_lrd_a_002,Raging Spirits,ATTRACTION,2026-09-07T05:33:07.232Z,OPERATING,AVAILABLE,,
tokyo_disneysea,10b5b89e-02a6-4456-9ddd-69e06c2bded4,tds_fs_a_002,Rapunzel's Lantern Festival,ATTRACTION,2026-09-07T05:39:03.274Z,OPERATING,AVAILABLE,,
tokyo_disneysea,9fb0c97c-ebf7-4c25-8ea7-a3f4fe2aa9ec,tds_fs_a_001,Anna and Elsa's Frozen Journey,ATTRACTION,2026-09-07T05:39:03.260Z,OPERATING,AVAILABLE,,
tokyo_disneysea,e8c15bc6-aaab-44ef-8285-1d92ebd2c47d,tds_fs_a_003,Peter Pan's Never Land Adventure,ATTRACTION,2026-09-07T05:39:03.298Z,OPERATING,AVAILABLE,,
tokyo_disneysea,c8526be3-e82c-4692-ae44-e8f2d1142c8a,tds_mi_a_002,Journey to the Center of the Earth,ATTRACTION,2026-09-07T05:39:03.224Z,OPERATING,AVAILABLE,,
tokyo_disneysea,abb5d6ec-469e-4ab0-8685-5f04e9749653,tds_aw_a_003,Toy Story Mania!,ATTRACTION,2026-09-07T05:39:03.197Z,OPERATING,AVAILABLE,,
tokyo_disneysea,dd942cd2-b364-4262-af12-ca1a5012528b,tds_lrd_a_002,Raging Spirits,ATTRACTION,2026-09-07T05:39:03.233Z,OPERATING,AVAILABLE,,
tokyo_disneysea,3407ebac-c575-4c31-b794-1d271014d303,tds_mh_a_003,Soaring: Fantastic Flight,ATTRACTION,2026-09-07T05:39:03.211Z,OPERATING,AVAILABLE,,
tokyo_disneysea,4ca7254c-7abc-4e52-82e0-9c562c096494,tds_aw_a_002,Tower of Terror,ATTRACTION,2026-09-07T05:39:03.247Z,OPERATING,AVAILABLE,,
tokyo_disneysea,10b5b89e-02a6-4456-9ddd-69e06c2bded4,tds_fs_a_002,Rapunzel's Lantern Festival,ATTRACTION,2026-09-07T05:41:32.756Z,OPERATING,AVAILABLE,,
tokyo_disneysea,9fb0c97c-ebf7-4c25-8ea7-a3f4fe2aa9ec,tds_fs_a_001,Anna and Elsa's Frozen Journey,ATTRACTION,2026-09-07T05:41:32.749Z,OPERATING,AVAILABLE,,
tokyo_disneysea,e8c15bc6-aaab-44ef-8285-1d92ebd2c47d,tds_fs_a_003,Peter Pan's Never Land Adventure,ATTRACTION,2026-09-07T05:41:32.763Z,OPERATING,AVAILABLE,,
tokyo_disneysea,c8526be3-e82c-4692-ae44-e8f2d1142c8a,tds_mi_a_002,Journey to the Center of the Earth,ATTRACTION,2026-09-07T05:42:00.846Z,OPERATING,AVAILABLE,,
tokyo_disneysea,abb5d6ec-469e-4ab0-8685-5f04e9749653,tds_aw_a_003,Toy Story Mania!,ATTRACTION,2026-09-07T05:41:32.712Z,OPERATING,AVAILABLE,,
tokyo_disneysea,dd942cd2-b364-4262-af12-ca1a5012528b,tds_lrd_a_002,Raging Spirits,ATTRACTION,2026-09-07T05:41:32.734Z,OPERATING,AVAILABLE,,
tokyo_disneysea,3407ebac-c575-4c31-b794-1d271014d303,tds_mh_a_003,Soaring: Fantastic Flight,ATTRACTION,2026-09-07T05:44:03.911Z,OPERATING,AVAILABLE,,
tokyo_disneysea,4ca7254c-7abc-4e52-82e0-9c562c096494,tds_aw_a_002,Tower of Terror,ATTRACTION,2026-09-07T05:41:32.742Z,OPERATING,AVAILABLE,,
tokyo_disneysea,3407ebac-c575-4c31-b794-1d271014d303,tds_mh_a_003,Soaring: Fantastic Flight,ATTRACTION,2026-09-07T05:50:05.331Z,OPERATING,AVAILABLE,,
tokyo_disneysea,10b5b89e-02a6-4456-9ddd-69e06c2bded4,tds_fs_a_002,Rapunzel's Lantern Festival,ATTRACTION,2026-09-07T05:53:37.886Z,OPERATING,AVAILABLE,,
tokyo_disneysea,9fb0c97c-ebf7-4c25-8ea7-a3f4fe2aa9ec,tds_fs_a_001,Anna and Elsa's Frozen Journey,ATTRACTION,2026-09-07T05:53:37.878Z,OPERATING,AVAILABLE,,
tokyo_disneysea,e8c15bc6-aaab-44ef-8285-1d92ebd2c47d,tds_fs_a_003,Peter Pan's Never Land Adventure,ATTRACTION,2026-09-07T05:53:37.892Z,OPERATING,AVAILABLE,,
tokyo_disneysea,c8526be3-e82c-4692-ae44-e8f2d1142c8a,tds_mi_a_002,Journey to the Center of the Earth,ATTRACTION,2026-09-07T05:53:37.849Z,OPERATING,AVAILABLE,,
tokyo_disneysea,abb5d6ec-469e-4ab0-8685-5f04e9749653,tds_aw_a_003,Toy Story Mania!,ATTRACTION,2026-09-07T05:53:37.836Z,OPERATING,AVAILABLE,,
tokyo_disneysea,dd942cd2-b364-4262-af12-ca1a5012528b,tds_lrd_a_002,Raging Spirits,ATTRACTION,2026-09-07T05:53:37.863Z,OPERATING,AVAILABLE,,
tokyo_disneysea,3407ebac-c575-4c31-b794-1d271014d303,tds_mh_a_003,Soaring: Fantastic Flight,ATTRACTION,2026-09-07T05:53:37.842Z,OPERATING,AVAILABLE,,
tokyo_disneysea,4ca7254c-7abc-4e52-82e0-9c562c096494,tds_aw_a_002,Tower of Terror,ATTRACTION,2026-09-07T05:54:11.753Z,OPERATING,AVAILABLE,,
tokyo_disneysea,abb5d6ec-469e-4ab0-8685-5f04e9749653,tds_aw_a_003,Toy Story Mania!,ATTRACTION,2026-09-07T05:57:15.096Z,OPERATING,AVAILABLE,,
tokyo_disneysea,dd942cd2-b364-4262-af12-ca1a5012528b,tds_lrd_a_002,Raging Spirits,ATTRACTION,2026-09-07T05:59:55.642Z,OPERATING,AVAILABLE,,
tokyo_disneysea,10b5b89e-02a6-4456-9ddd-69e06c2bded4,tds_fs_a_002,Rapunzel's Lantern Festival,ATTRACTION,2026-09-07T06:03:49.116Z,OPERATING,AVAILABLE,,
tokyo_disneysea,9fb0c97c-ebf7-4c25-8ea7-a3f4fe2aa9ec,tds_fs_a_001,Anna and Elsa's Frozen Journey,ATTRACTION,2026-09-07T06:03:49.109Z,OPERATING,AVAILABLE,,
tokyo_disneysea,e8c15bc6-aaab-44ef-8285-1d92ebd2c47d,tds_fs_a_003,Peter Pan's Never Land Adventure,ATTRACTION,2026-09-07T06:03:49.123Z,OPERATING,AVAILABLE,,
tokyo_disneysea,c8526be3-e82c-4692-ae44-e8f2d1142c8a,tds_mi_a_002,Journey to the Center of the Earth,ATTRACTION,2026-09-07T06:03:49.089Z,OPERATING,AVAILABLE,,
tokyo_disneysea,dd942cd2-b364-4262-af12-ca1a5012528b,tds_lrd_a_002,Raging Spirits,ATTRACTION,2026-09-07T06:03:49.102Z,OPERATING,AVAILABLE,,
tokyo_disneysea,3407ebac-c575-4c31-b794-1d271014d303,tds_mh_a_003,Soaring: Fantastic Flight,ATTRACTION,2026-09-07T06:03:49.083Z,OPERATING,AVAILABLE,,
tokyo_disneysea,10b5b89e-02a6-4456-9ddd-69e06c2bded4,tds_fs_a_002,Rapunzel's Lantern Festival,ATTRACTION,2026-09-07T06:06:28.363Z,OPERATING,AVAILABLE,,
tokyo_disneysea,dd942cd2-b364-4262-af12-ca1a5012528b,tds_lrd_a_002,Raging Spirits,ATTRACTION,2026-09-07T06:09:32.942Z,OPERATING,AVAILABLE,,
tokyo_disneysea,3407ebac-c575-4c31-b794-1d271014d303,tds_mh_a_003,Soaring: Fantastic Flight,ATTRACTION,2026-09-07T06:06:28.340Z,OPERATING,AVAILABLE,,
tokyo_disneysea,10b5b89e-02a6-4456-9ddd-69e06c2bded4,tds_fs_a_002,Rapunzel's Lantern Festival,ATTRACTION,2026-09-07T06:12:39.264Z,OPERATING,AVAILABLE,,
tokyo_disneysea,9fb0c97c-ebf7-4c25-8ea7-a3f4fe2aa9ec,tds_fs_a_001,Anna and Elsa's Frozen Journey,ATTRACTION,2026-09-07T06:12:39.256Z,OPERATING,AVAILABLE,,
tokyo_disneysea,e8c15bc6-aaab-44ef-8285-1d92ebd2c47d,tds_fs_a_003,Peter Pan's Never Land Adventure,ATTRACTION,2026-09-07T06:13:04.820Z,OPERATING,AVAILABLE,,
tokyo_disneysea,c8526be3-e82c-4692-ae44-e8f2d1142c8a,tds_mi_a_002,Journey to the Center of the Earth,ATTRACTION,2026-09-07T06:12:39.235Z,OPERATING,AVAILABLE,,
tokyo_disneysea,abb5d6ec-469e-4ab0-8685-5f04e9749653,tds_aw_a_003,Toy Story Mania!,ATTRACTION,2026-09-07T06:12:39.213Z,OPERATING,AVAILABLE,,
tokyo_disneysea,dd942cd2-b364-4262-af12-ca1a5012528b,tds_lrd_a_002,Raging Spirits,ATTRACTION,2026-09-07T06:12:39.243Z,OPERATING,AVAILABLE,,
tokyo_disneysea,3407ebac-c575-4c31-b794-1d271014d303,tds_mh_a_003,Soaring: Fantastic Flight,ATTRACTION,2026-09-07T06:12:39.225Z,OPERATING,AVAILABLE,,
tokyo_disneysea,4ca7254c-7abc-4e52-82e0-9c562c096494,tds_aw_a_002,Tower of Terror,ATTRACTION,2026-09-07T06:12:39.250Z,OPERATING,AVAILABLE,,
tokyo_disneysea,10b5b89e-02a6-4456-9ddd-69e06c2bded4,tds_fs_a_002,Rapunzel's Lantern Festival,ATTRACTION,2026-09-07T06:15:31.282Z,OPERATING,AVAILABLE,,
tokyo_disneysea,9fb0c97c-ebf7-4c25-8ea7-a3f4fe2aa9ec,tds_fs_a_001,Anna and Elsa's Frozen Journey,ATTRACTION,2026-09-07T06:16:10.774Z,OPERATING,AVAILABLE,,
tokyo_disneysea,e8c15bc6-aaab-44ef-8285-1d92ebd2c47d,tds_fs_a_003,Peter Pan's Never Land Adventure,ATTRACTION,2026-09-07T06:15:31.291Z,OPERATING,AVAILABLE,,
tokyo_disneysea,c8526be3-e82c-4692-ae44-e8f2d1142c8a,tds_mi_a_002,Journey to the Center of the Earth,ATTRACTION,2026-09-07T06:15:31.240Z,OPERATING,AVAILABLE,,
tokyo_disneysea,abb5d6ec-469e-4ab0-8685-5f04e9749653,tds_aw_a_003,Toy Story Mania!,ATTRACTION,2026-09-07T06:15:31.222Z,OPERATING,AVAILABLE,,
tokyo_disneysea,dd942cd2-b364-4262-af12-ca1a5012528b,tds_lrd_a_002,Raging Spirits,ATTRACTION,2026-09-07T06:15:31.255Z,OPERATING,AVAILABLE,,
tokyo_disneysea,3407ebac-c575-4c31-b794-1d271014d303,tds_mh_a_003,Soaring: Fantastic Flight,ATTRACTION,2026-09-07T06:15:31.232Z,OPERATING,AVAILABLE,,
tokyo_disneysea,4ca7254c-7abc-4e52-82e0-9c562c096494,tds_aw_a_002,Tower of Terror,ATTRACTION,2026-09-07T06:15:31.262Z,OPERATING,AVAILABLE,,
tokyo_disneysea,10b5b89e-02a6-4456-9ddd-69e06c2bded4,tds_fs_a_002,Rapunzel's Lantern Festival,ATTRACTION,2026-09-07T06:24:37.263Z,OPERATING,AVAILABLE,,
tokyo_disneysea,e8c15bc6-aaab-44ef-8285-1d92ebd2c47d,tds_fs_a_003,Peter Pan's Never Land Adventure,ATTRACTION,2026-09-07T06:22:55.971Z,OPERATING,AVAILABLE,,
tokyo_disneysea,c8526be3-e82c-4692-ae44-e8f2d1142c8a,tds_mi_a_002,Journey to the Center of the Earth,ATTRACTION,2026-09-07T06:22:55.942Z,OPERATING,AVAILABLE,,
tokyo_disneysea,abb5d6ec-469e-4ab0-8685-5f04e9749653,tds_aw_a_003,Toy Story Mania!,ATTRACTION,2026-09-07T06:22:55.928Z,OPERATING,AVAILABLE,,
tokyo_disneysea,dd942cd2-b364-4262-af12-ca1a5012528b,tds_lrd_a_002,Raging Spirits,ATTRACTION,2026-09-07T06:22:55.949Z,OPERATING,AVAILABLE,,
tokyo_disneysea,3407ebac-c575-4c31-b794-1d271014d303,tds_mh_a_003,Soaring: Fantastic Flight,ATTRACTION,2026-09-07T06:22:55.935Z,OPERATING,AVAILABLE,,
tokyo_disneysea,4ca7254c-7abc-4e52-82e0-9c562c096494,tds_aw_a_002,Tower of Terror,ATTRACTION,2026-09-07T06:24:37.248Z,OPERATING,AVAILABLE,,
tokyo_disneysea,10b5b89e-02a6-4456-9ddd-69e06c2bded4,tds_fs_a_002,Rapunzel's Lantern Festival,ATTRACTION,2026-09-07T06:29:35.683Z,OPERATING,AVAILABLE,,
tokyo_disneysea,9fb0c97c-ebf7-4c25-8ea7-a3f4fe2aa9ec,tds_fs_a_001,Anna and Elsa's Frozen Journey,ATTRACTION,2026-09-07T06:27:34.896Z,OPERATING,AVAILABLE,,
tokyo_disneysea,e8c15bc6-aaab-44ef-8285-1d92ebd2c47d,tds_fs_a_003,Peter Pan's Never Land Adventure,ATTRACTION,2026-09-07T06:27:34.912Z,OPERATING,AVAILABLE,,
tokyo_disneysea,c8526be3-e82c-4692-ae44-e8f2d1142c8a,tds_mi_a_002,Journey to the Center of the Earth,ATTRACTION,2026-09-07T06:27:34.873Z,OPERATING,AVAILABLE,,
tokyo_disneysea,abb5d6ec-469e-4ab0-8685-5f04e9749653,tds_aw_a_003,Toy Story Mania!,ATTRACTION,2026-09-07T06:27:34.857Z,OPERATING,AVAILABLE,,
tokyo_disneysea,dd942cd2-b364-4262-af12-ca1a5012528b,tds_lrd_a_002,Raging Spirits,ATTRACTION,2026-09-07T06:27:34.881Z,OPERATING,AVAILABLE,,
tokyo_disneysea,3407ebac-c575-4c31-b794-1d271014d303,tds_mh_a_003,Soaring: Fantastic Flight,ATTRACTION,2026-09-07T06:27:34.865Z,OPERATING,AVAILABLE,,
tokyo_disneysea,4ca7254c-7abc-4e52-82e0-9c562c096494,tds_aw_a_002,Tower of Terror,ATTRACTION,2026-09-07T06:27:34.889Z,OPERATING,AVAILABLE,,
tokyo_disneysea,9fb0c97c-ebf7-4c25-8ea7-a3f4fe2aa9ec,tds_fs_a_001,Anna and Elsa's Frozen Journey,ATTRACTION,2026-09-07T06:33:41.344Z,OPERATING,AVAILABLE,,
tokyo_disneysea,e8c15bc6-aaab-44ef-8285-1d92ebd2c47d,tds_fs_a_003,Peter Pan's Never Land Adventure,ATTRACTION,2026-09-07T06:33:41.352Z,OPERATING,AVAILABLE,,
tokyo_disneysea,c8526be3-e82c-4692-ae44-e8f2d1142c8a,tds_mi_a_002,Journey to the Center of the Earth,ATTRACTION,2026-09-07T06:33:32.047Z,OPERATING,AVAILABLE,,
tokyo_disneysea,abb5d6ec-469e-4ab0-8685-5f04e9749653,tds_aw_a_003,Toy Story Mania!,ATTRACTION,2026-09-07T06:33:32.023Z,OPERATING,AVAILABLE,,
tokyo_disneysea,dd942cd2-b364-4262-af12-ca1a5012528b,tds_lrd_a_002,Raging Spirits,ATTRACTION,2026-09-07T06:33:32.062Z,OPERATING,AVAILABLE,,
tokyo_disneysea,3407ebac-c575-4c31-b794-1d271014d303,tds_mh_a_003,Soaring: Fantastic Flight,ATTRACTION,2026-09-07T06:33:32.038Z,OPERATING,AVAILABLE,,
tokyo_disneysea,4ca7254c-7abc-4e52-82e0-9c562c096494,tds_aw_a_002,Tower of Terror,ATTRACTION,2026-09-07T06:33:32.069Z,OPERATING,AVAILABLE,,
tokyo_disneysea,10b5b89e-02a6-4456-9ddd-69e06c2bded4,tds_fs_a_002,Rapunzel's Lantern Festival,ATTRACTION,2026-09-07T06:39:45.771Z,OPERATING,AVAILABLE,,
tokyo_disneysea,9fb0c97c-ebf7-4c25-8ea7-a3f4fe2aa9ec,tds_fs_a_001,Anna and Elsa's Frozen Journey,ATTRACTION,2026-09-07T06:39:45.763Z,OPERATING,AVAILABLE,,
tokyo_disneysea,c8526be3-e82c-4692-ae44-e8f2d1142c8a,tds_mi_a_002,Journey to the Center of the Earth,ATTRACTION,2026-09-07T06:39:45.739Z,OPERATING,AVAILABLE,,
tokyo_disneysea,abb5d6ec-469e-4ab0-8685-5f04e9749653,tds_aw_a_003,Toy Story Mania!,ATTRACTION,2026-09-07T06:39:45.724Z,OPERATING,AVAILABLE,,
tokyo_disneysea,dd942cd2-b364-4262-af12-ca1a5012528b,tds_lrd_a_002,Raging Spirits,ATTRACTION,2026-09-07T06:39:45.747Z,OPERATING,AVAILABLE,,
tokyo_disneysea,3407ebac-c575-4c31-b794-1d271014d303,tds_mh_a_003,Soaring: Fantastic Flight,ATTRACTION,2026-09-07T06:39:45.731Z,OPERATING,AVAILABLE,,
tokyo_disneysea,4ca7254c-7abc-4e52-82e0-9c562c096494,tds_aw_a_002,Tower of Terror,ATTRACTION,2026-09-07T06:39:45.755Z,OPERATING,AVAILABLE,,
tokyo_disneysea,3407ebac-c575-4c31-b794-1d271014d303,tds_mh_a_003,Soaring: Fantastic Flight,ATTRACTION,2026-09-07T06:40:27.702Z,OPERATING,AVAILABLE,,
tokyo_disneysea,10b5b89e-02a6-4456-9ddd-69e06c2bded4,tds_fs_a_002,Rapunzel's Lantern Festival,ATTRACTION,2026-09-07T06:46:53.764Z,OPERATING,AVAILABLE,,
tokyo_disneysea,9fb0c97c-ebf7-4c25-8ea7-a3f4fe2aa9ec,tds_fs_a_001,Anna and Elsa's Frozen Journey,ATTRACTION,2026-09-07T06:46:53.759Z,OPERATING,AVAILABLE,,
tokyo_disneysea,e8c15bc6-aaab-44ef-8285-1d92ebd2c47d,tds_fs_a_003,Peter Pan's Never Land Adventure,ATTRACTION,2026-09-07T06:46:53.769Z,OPERATING,AVAILABLE,,
tokyo_disneysea,c8526be3-e82c-4692-ae44-e8f2d1142c8a,tds_mi_a_002,Journey to the Center of the Earth,ATTRACTION,2026-09-07T06:46:53.741Z,OPERATING,AVAILABLE,,
tokyo_disneysea,abb5d6ec-469e-4ab0-8685-5f04e9749653,tds_aw_a_003,Toy Story Mania!,ATTRACTION,2026-09-07T06:49:31.738Z,OPERATING,AVAILABLE,,
tokyo_disneysea,dd942cd2-b364-4262-af12-ca1a5012528b,tds_lrd_a_002,Raging Spirits,ATTRACTION,2026-09-07T06:46:53.747Z,OPERATING,AVAILABLE,,
tokyo_disneysea,4ca7254c-7abc-4e52-82e0-9c562c096494,tds_aw_a_002,Tower of Terror,ATTRACTION,2026-09-07T06:46:53.753Z,OPERATING,AVAILABLE,,
tokyo_disneysea,10b5b89e-02a6-4456-9ddd-69e06c2bded4,tds_fs_a_002,Rapunzel's Lantern Festival,ATTRACTION,2026-09-07T06:52:40.494Z,OPERATING,AVAILABLE,,
tokyo_disneysea,9fb0c97c-ebf7-4c25-8ea7-a3f4fe2aa9ec,tds_fs_a_001,Anna and Elsa's Frozen Journey,ATTRACTION,2026-09-07T06:52:40.486Z,OPERATING,AVAILABLE,,
tokyo_disneysea,e8c15bc6-aaab-44ef-8285-1d92ebd2c47d,tds_fs_a_003,Peter Pan's Never Land Adventure,ATTRACTION,2026-09-07T06:52:40.504Z,OPERATING,AVAILABLE,,
tokyo_disneysea,c8526be3-e82c-4692-ae44-e8f2d1142c8a,tds_mi_a_002,Journey to the Center of the Earth,ATTRACTION,2026-09-07T06:52:40.444Z,OPERATING,AVAILABLE,,
tokyo_disneysea,abb5d6ec-469e-4ab0-8685-5f04e9749653,tds_aw_a_003,Toy Story Mania!,ATTRACTION,2026-09-07T06:52:40.428Z,OPERATING,AVAILABLE,,
tokyo_disneysea,dd942cd2-b364-4262-af12-ca1a5012528b,tds_lrd_a_002,Raging Spirits,ATTRACTION,2026-09-07T06:52:40.461Z,OPERATING,AVAILABLE,,
tokyo_disneysea,3407ebac-c575-4c31-b794-1d271014d303,tds_mh_a_003,Soaring: Fantastic Flight,ATTRACTION,2026-09-07T06:52:40.437Z,OPERATING,AVAILABLE,,
tokyo_disneysea,4ca7254c-7abc-4e52-82e0-9c562c096494,tds_aw_a_002,Tower of Terror,ATTRACTION,2026-09-07T06:52:40.469Z,OPERATING,AVAILABLE,,
tokyo_disneysea,10b5b89e-02a6-4456-9ddd-69e06c2bded4,tds_fs_a_002,Rapunzel's Lantern Festival,ATTRACTION,2026-09-07T07:00:05.869Z,OPERATING,AVAILABLE,,
tokyo_disneysea,9fb0c97c-ebf7-4c25-8ea7-a3f4fe2aa9ec,tds_fs_a_001,Anna and Elsa's Frozen Journey,ATTRACTION,2026-09-07T07:00:05.852Z,OPERATING,AVAILABLE,,
tokyo_disneysea,e8c15bc6-aaab-44ef-8285-1d92ebd2c47d,tds_fs_a_003,Peter Pan's Never Land Adventure,ATTRACTION,2026-09-07T07:00:05.915Z,OPERATING,AVAILABLE,,
tokyo_disneysea,c8526be3-e82c-4692-ae44-e8f2d1142c8a,tds_mi_a_002,Journey to the Center of the Earth,ATTRACTION,2026-09-07T06:56:13.195Z,OPERATING,AVAILABLE,,
tokyo_disneysea,abb5d6ec-469e-4ab0-8685-5f04e9749653,tds_aw_a_003,Toy Story Mania!,ATTRACTION,2026-09-07T07:00:05.728Z,OPERATING,AVAILABLE,,
tokyo_disneysea,dd942cd2-b364-4262-af12-ca1a5012528b,tds_lrd_a_002,Raging Spirits,ATTRACTION,2026-09-07T07:00:05.827Z,OPERATING,AVAILABLE,,
tokyo_disneysea,3407ebac-c575-4c31-b794-1d271014d303,tds_mh_a_003,Soaring: Fantastic Flight,ATTRACTION,2026-09-07T07:00:05.739Z,OPERATING,AVAILABLE,,
tokyo_disneysea,4ca7254c-7abc-4e52-82e0-9c562c096494,tds_aw_a_002,Tower of Terror,ATTRACTION,2026-09-07T07:00:05.838Z,OPERATING,AVAILABLE,,
tokyo_disneysea,10b5b89e-02a6-4456-9ddd-69e06c2bded4,tds_fs_a_002,Rapunzel's Lantern Festival,ATTRACTION,2026-09-07T07:04:15.862Z,OPERATING,AVAILABLE,,
tokyo_disneysea,9fb0c97c-ebf7-4c25-8ea7-a3f4fe2aa9ec,tds_fs_a_001,Anna and Elsa's Frozen Journey,ATTRACTION,2026-09-07T07:04:15.855Z,OPERATING,AVAILABLE,,
tokyo_disneysea,e8c15bc6-aaab-44ef-8285-1d92ebd2c47d,tds_fs_a_003,Peter Pan's Never Land Adventure,ATTRACTION,2026-09-07T07:04:15.869Z,OPERATING,AVAILABLE,,
tokyo_disneysea,c8526be3-e82c-4692-ae44-e8f2d1142c8a,tds_mi_a_002,Journey to the Center of the Earth,ATTRACTION,2026-09-07T07:04:15.833Z,OPERATING,AVAILABLE,,
tokyo_disneysea,abb5d6ec-469e-4ab0-8685-5f04e9749653,tds_aw_a_003,Toy Story Mania!,ATTRACTION,2026-09-07T07:04:15.817Z,OPERATING,AVAILABLE,,
tokyo_disneysea,dd942cd2-b364-4262-af12-ca1a5012528b,tds_lrd_a_002,Raging Spirits,ATTRACTION,2026-09-07T07:04:15.840Z,OPERATING,AVAILABLE,,
tokyo_disneysea,3407ebac-c575-4c31-b794-1d271014d303,tds_mh_a_003,Soaring: Fantastic Flight,ATTRACTION,2026-09-07T07:04:15.826Z,OPERATING,AVAILABLE,,
tokyo_disneysea,4ca7254c-7abc-4e52-82e0-9c562c096494,tds_aw_a_002,Tower of Terror,ATTRACTION,2026-09-07T07:04:15.847Z,OPERATING,AVAILABLE,,
tokyo_disneysea,e8c15bc6-aaab-44ef-8285-1d92ebd2c47d,tds_fs_a_003,Peter Pan's Never Land Adventure,ATTRACTION,2026-09-07T07:08:01.307Z,OPERATING,AVAILABLE,,
tokyo_disneysea,3407ebac-c575-4c31-b794-1d271014d303,tds_mh_a_003,Soaring: Fantastic Flight,ATTRACTION,2026-09-07T07:08:01.290Z,OPERATING,AVAILABLE,,
tokyo_disneysea,10b5b89e-02a6-4456-9ddd-69e06c2bded4,tds_fs_a_002,Rapunzel's Lantern Festival,ATTRACTION,2026-09-07T07:11:43.014Z,OPERATING,AVAILABLE,,
tokyo_disneysea,9fb0c97c-ebf7-4c25-8ea7-a3f4fe2aa9ec,tds_fs_a_001,Anna and Elsa's Frozen Journey,ATTRACTION,2026-09-07T07:11:43.007Z,OPERATING,AVAILABLE,,
tokyo_disneysea,c8526be3-e82c-4692-ae44-e8f2d1142c8a,tds_mi_a_002,Journey to the Center of the Earth,ATTRACTION,2026-09-07T07:11:42.983Z,OPERATING,AVAILABLE,,
tokyo_disneysea,abb5d6ec-469e-4ab0-8685-5f04e9749653,tds_aw_a_003,Toy Story Mania!,ATTRACTION,2026-09-07T07:11:42.975Z,OPERATING,AVAILABLE,,
tokyo_disneysea,dd942cd2-b364-4262-af12-ca1a5012528b,tds_lrd_a_002,Raging Spirits,ATTRACTION,2026-09-07T07:11:42.990Z,OPERATING,AVAILABLE,,
tokyo_disneysea,3407ebac-c575-4c31-b794-1d271014d303,tds_mh_a_003,Soaring: Fantastic Flight,ATTRACTION,2026-09-07T07:13:46.284Z,OPERATING,AVAILABLE,,
tokyo_disneysea,4ca7254c-7abc-4e52-82e0-9c562c096494,tds_aw_a_002,Tower of Terror,ATTRACTION,2026-09-07T07:11:42.999Z,OPERATING,AVAILABLE,,
tokyo_disneysea,10b5b89e-02a6-4456-9ddd-69e06c2bded4,tds_fs_a_002,Rapunzel's Lantern Festival,ATTRACTION,2026-09-07T07:17:47.631Z,OPERATING,AVAILABLE,,
tokyo_disneysea,9fb0c97c-ebf7-4c25-8ea7-a3f4fe2aa9ec,tds_fs_a_001,Anna and Elsa's Frozen Journey,ATTRACTION,2026-09-07T07:17:47.623Z,OPERATING,AVAILABLE,,
tokyo_disneysea,e8c15bc6-aaab-44ef-8285-1d92ebd2c47d,tds_fs_a_003,Peter Pan's Never Land Adventure,ATTRACTION,2026-09-07T07:16:59.099Z,OPERATING,AVAILABLE,,
tokyo_disneysea,c8526be3-e82c-4692-ae44-e8f2d1142c8a,tds_mi_a_002,Journey to the Center of the Earth,ATTRACTION,2026-09-07T07:16:59.056Z,OPERATING,AVAILABLE,,
tokyo_disneysea,abb5d6ec-469e-4ab0-8685-5f04e9749653,tds_aw_a_003,Toy Story Mania!,ATTRACTION,2026-09-07T07:16:59.041Z,OPERATING,AVAILABLE,,
tokyo_disneysea,dd942cd2-b364-4262-af12-ca1a5012528b,tds_lrd_a_002,Raging Spirits,ATTRACTION,2026-09-07T07:17:47.602Z,OPERATING,AVAILABLE,,
tokyo_disneysea,3407ebac-c575-4c31-b794-1d271014d303,tds_mh_a_003,Soaring: Fantastic Flight,ATTRACTION,2026-09-07T07:16:59.048Z,OPERATING,AVAILABLE,,
tokyo_disneysea,4ca7254c-7abc-4e52-82e0-9c562c096494,tds_aw_a_002,Tower of Terror,ATTRACTION,2026-09-07T07:16:59.074Z,OPERATING,AVAILABLE,,
tokyo_disneysea,10b5b89e-02a6-4456-9ddd-69e06c2bded4,tds_fs_a_002,Rapunzel's Lantern Festival,ATTRACTION,2026-09-07T07:23:53.662Z,OPERATING,AVAILABLE,,
tokyo_disneysea,9fb0c97c-ebf7-4c25-8ea7-a3f4fe2aa9ec,tds_fs_a_001,Anna and Elsa's Frozen Journey,ATTRACTION,2026-09-07T07:23:53.655Z,OPERATING,AVAILABLE,,
tokyo_disneysea,e8c15bc6-aaab-44ef-8285-1d92ebd2c47d,tds_fs_a_003,Peter Pan's Never Land Adventure,ATTRACTION,2026-09-07T07:23:53.669Z,OPERATING,AVAILABLE,,
tokyo_disneysea,c8526be3-e82c-4692-ae44-e8f2d1142c8a,tds_mi_a_002,Journey to the Center of the Earth,ATTRACTION,2026-09-07T07:23:53.639Z,OPERATING,AVAILABLE,,
tokyo_disneysea,abb5d6ec-469e-4ab0-8685-5f04e9749653,tds_aw_a_003,Toy Story Mania!,ATTRACTION,2026-09-07T07:23:53.625Z,OPERATING,AVAILABLE,,
tokyo_disneysea,3407ebac-c575-4c31-b794-1d271014d303,tds_mh_a_003,Soaring: Fantastic Flight,ATTRACTION,2026-09-07T07:23:53.632Z,OPERATING,AVAILABLE,,
tokyo_disneysea,4ca7254c-7abc-4e52-82e0-9c562c096494,tds_aw_a_002,Tower of Terror,ATTRACTION,2026-09-07T07:23:53.647Z,OPERATING,AVAILABLE,,
tokyo_disneysea,10b5b89e-02a6-4456-9ddd-69e06c2bded4,tds_fs_a_002,Rapunzel's Lantern Festival,ATTRACTION,2026-09-07T07:29:11.549Z,OPERATING,AVAILABLE,,
tokyo_disneysea,9fb0c97c-ebf7-4c25-8ea7-a3f4fe2aa9ec,tds_fs_a_001,Anna and Elsa's Frozen Journey,ATTRACTION,2026-09-07T07:29:11.541Z,OPERATING,AVAILABLE,,
tokyo_disneysea,e8c15bc6-aaab-44ef-8285-1d92ebd2c47d,tds_fs_a_003,Peter Pan's Never Land Adventure,ATTRACTION,2026-09-07T07:29:11.558Z,OPERATING,AVAILABLE,,
tokyo_disneysea,c8526be3-e82c-4692-ae44-e8f2d1142c8a,tds_mi_a_002,Journey to the Center of the Earth,ATTRACTION,2026-09-07T07:29:11.502Z,OPERATING,AVAILABLE,,
tokyo_disneysea,abb5d6ec-469e-4ab0-8685-5f04e9749653,tds_aw_a_003,Toy Story Mania!,ATTRACTION,2026-09-07T07:29:11.485Z,OPERATING,AVAILABLE,,
tokyo_disneysea,dd942cd2-b364-4262-af12-ca1a5012528b,tds_lrd_a_002,Raging Spirits,ATTRACTION,2026-09-07T07:29:11.525Z,OPERATING,AVAILABLE,,
tokyo_disneysea,3407ebac-c575-4c31-b794-1d271014d303,tds_mh_a_003,Soaring: Fantastic Flight,ATTRACTION,2026-09-07T07:29:11.494Z,OPERATING,AVAILABLE,,
tokyo_disneysea,4ca7254c-7abc-4e52-82e0-9c562c096494,tds_aw_a_002,Tower of Terror,ATTRACTION,2026-09-07T07:29:11.532Z,OPERATING,AVAILABLE,,
tokyo_disneysea,e8c15bc6-aaab-44ef-8285-1d92ebd2c47d,tds_fs_a_003,Peter Pan's Never Land Adventure,ATTRACTION,2026-09-07T07:35:11.978Z,OPERATING,AVAILABLE,,
tokyo_disneysea,c8526be3-e82c-4692-ae44-e8f2d1142c8a,tds_mi_a_002,Journey to the Center of the Earth,ATTRACTION,2026-09-07T07:33:50.619Z,OPERATING,AVAILABLE,,
tokyo_disneysea,dd942cd2-b364-4262-af12-ca1a5012528b,tds_lrd_a_002,Raging Spirits,ATTRACTION,2026-09-07T07:35:11.967Z,OPERATING,AVAILABLE,,
tokyo_disneysea,3407ebac-c575-4c31-b794-1d271014d303,tds_mh_a_003,Soaring: Fantastic Flight,ATTRACTION,2026-09-07T07:30:04.464Z,OPERATING,AVAILABLE,,
tokyo_disneysea,10b5b89e-02a6-4456-9ddd-69e06c2bded4,tds_fs_a_002,Rapunzel's Lantern Festival,ATTRACTION,2026-09-07T07:38:12.366Z,OPERATING,AVAILABLE,,
tokyo_disneysea,9fb0c97c-ebf7-4c25-8ea7-a3f4fe2aa9ec,tds_fs_a_001,Anna and Elsa's Frozen Journey,ATTRACTION,2026-09-07T07:38:07.628Z,OPERATING,AVAILABLE,,
tokyo_disneysea,e8c15bc6-aaab-44ef-8285-1d92ebd2c47d,tds_fs_a_003,Peter Pan's Never Land Adventure,ATTRACTION,2026-09-07T07:38:07.642Z,OPERATING,AVAILABLE,,
tokyo_disneysea,abb5d6ec-469e-4ab0-8685-5f04e9749653,tds_aw_a_003,Toy Story Mania!,ATTRACTION,2026-09-07T07:38:07.598Z,OPERATING,AVAILABLE,,
tokyo_disneysea,dd942cd2-b364-4262-af12-ca1a5012528b,tds_lrd_a_002,Raging Spirits,ATTRACTION,2026-09-07T07:38:07.607Z,OPERATING,AVAILABLE,,
tokyo_disneysea,4ca7254c-7abc-4e52-82e0-9c562c096494,tds_aw_a_002,Tower of Terror,ATTRACTION,2026-09-07T07:38:07.614Z,OPERATING,AVAILABLE,,
tokyo_disneysea,9fb0c97c-ebf7-4c25-8ea7-a3f4fe2aa9ec,tds_fs_a_001,Anna and Elsa's Frozen Journey,ATTRACTION,2026-09-07T07:41:12.921Z,OPERATING,AVAILABLE,,
tokyo_disneysea,e8c15bc6-aaab-44ef-8285-1d92ebd2c47d,tds_fs_a_003,Peter Pan's Never Land Adventure,ATTRACTION,2026-09-07T07:41:12.929Z,OPERATING,AVAILABLE,,
tokyo_disneysea,c8526be3-e82c-4692-ae44-e8f2d1142c8a,tds_mi_a_002,Journey to the Center of the Earth,ATTRACTION,2026-09-07T07:41:12.888Z,OPERATING,AVAILABLE,,
tokyo_disneysea,abb5d6ec-469e-4ab0-8685-5f04e9749653,tds_aw_a_003,Toy Story Mania!,ATTRACTION,2026-09-07T07:41:12.871Z,OPERATING,AVAILABLE,,
tokyo_disneysea,dd942cd2-b364-4262-af12-ca1a5012528b,tds_lrd_a_002,Raging Spirits,ATTRACTION,2026-09-07T07:41:12.905Z,OPERATING,AVAILABLE,,
tokyo_disneysea,3407ebac-c575-4c31-b794-1d271014d303,tds_mh_a_003,Soaring: Fantastic Flight,ATTRACTION,2026-09-07T07:41:12.881Z,OPERATING,AVAILABLE,,
tokyo_disneysea,4ca7254c-7abc-4e52-82e0-9c562c096494,tds_aw_a_002,Tower of Terror,ATTRACTION,2026-09-07T07:43:20.413Z,OPERATING,AVAILABLE,,
tokyo_disneysea,10b5b89e-02a6-4456-9ddd-69e06c2bded4,tds_fs_a_002,Rapunzel's Lantern Festival,ATTRACTION,2026-09-07T07:48:43.106Z,OPERATING,AVAILABLE,,
tokyo_disneysea,9fb0c97c-ebf7-4c25-8ea7-a3f4fe2aa9ec,tds_fs_a_001,Anna and Elsa's Frozen Journey,ATTRACTION,2026-09-07T07:48:43.098Z,OPERATING,AVAILABLE,,
tokyo_disneysea,e8c15bc6-aaab-44ef-8285-1d92ebd2c47d,tds_fs_a_003,Peter Pan's Never Land Adventure,ATTRACTION,2026-09-07T07:48:43.114Z,OPERATING,AVAILABLE,,
tokyo_disneysea,c8526be3-e82c-4692-ae44-e8f2d1142c8a,tds_mi_a_002,Journey to the Center of the Earth,ATTRACTION,2026-09-07T07:48:43.081Z,OPERATING,AVAILABLE,,
tokyo_disneysea,abb5d6ec-469e-4ab0-8685-5f04e9749653,tds_aw_a_003,Toy Story Mania!,ATTRACTION,2026-09-07T07:48:43.065Z,OPERATING,AVAILABLE,,
tokyo_disneysea,dd942cd2-b364-4262-af12-ca1a5012528b,tds_lrd_a_002,Raging Spirits,ATTRACTION,2026-09-07T07:48:43.089Z,OPERATING,AVAILABLE,,
tokyo_disneysea,3407ebac-c575-4c31-b794-1d271014d303,tds_mh_a_003,Soaring: Fantastic Flight,ATTRACTION,2026-09-07T07:48:43.074Z,OPERATING,AVAILABLE,,
tokyo_disneysea,10b5b89e-02a6-4456-9ddd-69e06c2bded4,tds_fs_a_002,Rapunzel's Lantern Festival,ATTRACTION,2026-09-07T07:53:13.460Z,OPERATING,AVAILABLE,,
tokyo_disneysea,9fb0c97c-ebf7-4c25-8ea7-a3f4fe2aa9ec,tds_fs_a_001,Anna and Elsa's Frozen Journey,ATTRACTION,2026-09-07T07:53:13.452Z,OPERATING,AVAILABLE,,
tokyo_disneysea,e8c15bc6-aaab-44ef-8285-1d92ebd2c47d,tds_fs_a_003,Peter Pan's Never Land Adventure,ATTRACTION,2026-09-07T07:53:13.468Z,OPERATING,AVAILABLE,,
tokyo_disneysea,c8526be3-e82c-4692-ae44-e8f2d1142c8a,tds_mi_a_002,Journey to the Center of the Earth,ATTRACTION,2026-09-07T07:53:13.424Z,OPERATING,AVAILABLE,,
tokyo_disneysea,abb5d6ec-469e-4ab0-8685-5f04e9749653,tds_aw_a_003,Toy Story Mania!,ATTRACTION,2026-09-07T07:54:43.507Z,OPERATING,AVAILABLE,,
tokyo_disneysea,dd942cd2-b364-4262-af12-ca1a5012528b,tds_lrd_a_002,Raging Spirits,ATTRACTION,2026-09-07T07:53:13.434Z,OPERATING,AVAILABLE,,
tokyo_disneysea,3407ebac-c575-4c31-b794-1d271014d303,tds_mh_a_003,Soaring: Fantastic Flight,ATTRACTION,2026-09-07T07:53:13.415Z,OPERATING,AVAILABLE,,
tokyo_disneysea,4ca7254c-7abc-4e52-82e0-9c562c096494,tds_aw_a_002,Tower of Terror,ATTRACTION,2026-09-07T07:53:13.444Z,OPERATING,AVAILABLE,,
tokyo_disneysea,9fb0c97c-ebf7-4c25-8ea7-a3f4fe2aa9ec,tds_fs_a_001,Anna and Elsa's Frozen Journey,ATTRACTION,2026-09-07T07:59:14.231Z,OPERATING,AVAILABLE,,
tokyo_disneysea,10b5b89e-02a6-4456-9ddd-69e06c2bded4,tds_fs_a_002,Rapunzel's Lantern Festival,ATTRACTION,2026-09-07T08:00:46.888Z,OPERATING,AVAILABLE,,
tokyo_disneysea,9fb0c97c-ebf7-4c25-8ea7-a3f4fe2aa9ec,tds_fs_a_001,Anna and Elsa's Frozen Journey,ATTRACTION,2026-09-07T08:00:46.878Z,OPERATING,AVAILABLE,,
tokyo_disneysea,e8c15bc6-aaab-44ef-8285-1d92ebd2c47d,tds_fs_a_003,Peter Pan's Never Land Adventure,ATTRACTION,2026-09-07T08:00:46.896Z,OPERATING,AVAILABLE,,
tokyo_disneysea,c8526be3-e82c-4692-ae44-e8f2d1142c8a,tds_mi_a_002,Journey to the Center of the Earth,ATTRACTION,2026-09-07T08:04:53.679Z,OPERATING,AVAILABLE,,
tokyo_disneysea,dd942cd2-b364-4262-af12-ca1a5012528b,tds_lrd_a_002,Raging Spirits,ATTRACTION,2026-09-07T08:00:46.860Z,OPERATING,AVAILABLE,,
tokyo_disneysea,3407ebac-c575-4c31-b794-1d271014d303,tds_mh_a_003,Soaring: Fantastic Flight,ATTRACTION,2026-09-07T08:00:46.841Z,OPERATING,AVAILABLE,,
tokyo_disneysea,4ca7254c-7abc-4e52-82e0-9c562c096494,tds_aw_a_002,Tower of Terror,ATTRACTION,2026-09-07T08:04:53.687Z,OPERATING,AVAILABLE,,
tokyo_disneysea,10b5b89e-02a6-4456-9ddd-69e06c2bded4,tds_fs_a_002,Rapunzel's Lantern Festival,ATTRACTION,2026-09-07T08:05:14.711Z,OPERATING,AVAILABLE,,
tokyo_disneysea,9fb0c97c-ebf7-4c25-8ea7-a3f4fe2aa9ec,tds_fs_a_001,Anna and Elsa's Frozen Journey,ATTRACTION,2026-09-07T08:05:14.648Z,OPERATING,AVAILABLE,,
tokyo_disneysea,e8c15bc6-aaab-44ef-8285-1d92ebd2c47d,tds_fs_a_003,Peter Pan's Never Land Adventure,ATTRACTION,2026-09-07T08:08:17.328Z,OPERATING,AVAILABLE,,
tokyo_disneysea,c8526be3-e82c-4692-ae44-e8f2d1142c8a,tds_mi_a_002,Journey to the Center of the Earth,ATTRACTION,2026-09-07T08:08:17.314Z,OPERATING,AVAILABLE,,
tokyo_disneysea,abb5d6ec-469e-4ab0-8685-5f04e9749653,tds_aw_a_003,Toy Story Mania!,ATTRACTION,2026-09-07T08:05:14.567Z,OPERATING,AVAILABLE,,
tokyo_disneysea,dd942cd2-b364-4262-af12-ca1a5012528b,tds_lrd_a_002,Raging Spirits,ATTRACTION,2026-09-07T08:05:14.627Z,OPERATING,AVAILABLE,,
tokyo_disneysea,3407ebac-c575-4c31-b794-1d271014d303,tds_mh_a_003,Soaring: Fantastic Flight,ATTRACTION,2026-09-07T08:08:17.306Z,OPERATING,AVAILABLE,,
tokyo_disneysea,4ca7254c-7abc-4e52-82e0-9c562c096494,tds_aw_a_002,Tower of Terror,ATTRACTION,2026-09-07T08:05:14.637Z,OPERATING,AVAILABLE,,
tokyo_disneysea,10b5b89e-02a6-4456-9ddd-69e06c2bded4,tds_fs_a_002,Rapunzel's Lantern Festival,ATTRACTION,2026-09-07T08:13:34.903Z,OPERATING,AVAILABLE,,
tokyo_disneysea,9fb0c97c-ebf7-4c25-8ea7-a3f4fe2aa9ec,tds_fs_a_001,Anna and Elsa's Frozen Journey,ATTRACTION,2026-09-07T08:13:34.897Z,OPERATING,AVAILABLE,,
tokyo_disneysea,e8c15bc6-aaab-44ef-8285-1d92ebd2c47d,tds_fs_a_003,Peter Pan's Never Land Adventure,ATTRACTION,2026-09-07T08:13:34.909Z,OPERATING,AVAILABLE,,
tokyo_disneysea,c8526be3-e82c-4692-ae44-e8f2d1142c8a,tds_mi_a_002,Journey to the Center of the Earth,ATTRACTION,2026-09-07T08:14:32.038Z,OPERATING,AVAILABLE,,
tokyo_disneysea,abb5d6ec-469e-4ab0-8685-5f04e9749653,tds_aw_a_003,Toy Story Mania!,ATTRACTION,2026-09-07T08:13:34.863Z,OPERATING,AVAILABLE,,
tokyo_disneysea,dd942cd2-b364-4262-af12-ca1a5012528b,tds_lrd_a_002,Raging Spirits,ATTRACTION,2026-09-07T08:13:34.883Z,OPERATING,AVAILABLE,,
tokyo_disneysea,3407ebac-c575-4c31-b794-1d271014d303,tds_mh_a_003,Soaring: Fantastic Flight,ATTRACTION,2026-09-07T08:13:34.870Z,OPERATING,AVAILABLE,,
tokyo_disneysea,4ca7254c-7abc-4e52-82e0-9c562c096494,tds_aw_a_002,Tower of Terror,ATTRACTION,2026-09-07T08:14:32.046Z,OPERATING,AVAILABLE,,
tokyo_disneysea,10b5b89e-02a6-4456-9ddd-69e06c2bded4,tds_fs_a_002,Rapunzel's Lantern Festival,ATTRACTION,2026-09-07T08:17:45.287Z,OPERATING,AVAILABLE,,
tokyo_disneysea,9fb0c97c-ebf7-4c25-8ea7-a3f4fe2aa9ec,tds_fs_a_001,Anna and Elsa's Frozen Journey,ATTRACTION,2026-09-07T08:17:45.278Z,OPERATING,AVAILABLE,,
tokyo_disneysea,e8c15bc6-aaab-44ef-8285-1d92ebd2c47d,tds_fs_a_003,Peter Pan's Never Land Adventure,ATTRACTION,2026-09-07T08:17:45.298Z,OPERATING,AVAILABLE,,
tokyo_disneysea,abb5d6ec-469e-4ab0-8685-5f04e9749653,tds_aw_a_003,Toy Story Mania!,ATTRACTION,2026-09-07T08:17:45.231Z,OPERATING,AVAILABLE,,
tokyo_disneysea,dd942cd2-b364-4262-af12-ca1a5012528b,tds_lrd_a_002,Raging Spirits,ATTRACTION,2026-09-07T08:17:45.268Z,OPERATING,AVAILABLE,,
tokyo_disneysea,3407ebac-c575-4c31-b794-1d271014d303,tds_mh_a_003,Soaring: Fantastic Flight,ATTRACTION,2026-09-07T08:17:45.243Z,OPERATING,AVAILABLE,,
tokyo_disneysea,10b5b89e-02a6-4456-9ddd-69e06c2bded4,tds_fs_a_002,Rapunzel's Lantern Festival,ATTRACTION,2026-09-07T08:24:12.019Z,OPERATING,AVAILABLE,,
tokyo_disneysea,9fb0c97c-ebf7-4c25-8ea7-a3f4fe2aa9ec,tds_fs_a_001,Anna and Elsa's Frozen Journey,ATTRACTION,2026-09-07T08:24:12.007Z,OPERATING,AVAILABLE,,
tokyo_disneysea,e8c15bc6-aaab-44ef-8285-1d92ebd2c47d,tds_fs_a_003,Peter Pan's Never Land Adventure,ATTRACTION,2026-09-07T08:24:12.027Z,OPERATING,AVAILABLE,,
tokyo_disneysea,c8526be3-e82c-4692-ae44-e8f2d1142c8a,tds_mi_a_002,Journey to the Center of the Earth,ATTRACTION,2026-09-07T08:24:11.998Z,OPERATING,AVAILABLE,,
tokyo_disneysea,abb5d6ec-469e-4ab0-8685-5f04e9749653,tds_aw_a_003,Toy Story Mania!,ATTRACTION,2026-09-07T08:21:05.927Z,OPERATING,AVAILABLE,,
tokyo_disneysea,dd942cd2-b364-4262-af12-ca1a5012528b,tds_lrd_a_002,Raging Spirits,ATTRACTION,2026-09-07T08:21:05.945Z,OPERATING,AVAILABLE,,
tokyo_disneysea,3407ebac-c575-4c31-b794-1d271014d303,tds_mh_a_003,Soaring: Fantastic Flight,ATTRACTION,2026-09-07T08:24:11.990Z,OPERATING,AVAILABLE,,
tokyo_disneysea,4ca7254c-7abc-4e52-82e0-9c562c096494,tds_aw_a_002,Tower of Terror,ATTRACTION,2026-09-07T08:21:05.965Z,OPERATING,AVAILABLE,,
tokyo_disneysea,e8c15bc6-aaab-44ef-8285-1d92ebd2c47d,tds_fs_a_003,Peter Pan's Never Land Adventure,ATTRACTION,2026-09-07T08:27:44.656Z,OPERATING,AVAILABLE,,
tokyo_disneysea,abb5d6ec-469e-4ab0-8685-5f04e9749653,tds_aw_a_003,Toy Story Mania!,ATTRACTION,2026-09-07T08:27:44.643Z,OPERATING,AVAILABLE,,
tokyo_disneysea,4ca7254c-7abc-4e52-82e0-9c562c096494,tds_aw_a_002,Tower of Terror,ATTRACTION,2026-09-07T08:27:44.650Z,OPERATING,AVAILABLE,,
tokyo_disneysea,10b5b89e-02a6-4456-9ddd-69e06c2bded4,tds_fs_a_002,Rapunzel's Lantern Festival,ATTRACTION,2026-09-07T08:30:49.214Z,OPERATING,AVAILABLE,,
tokyo_disneysea,9fb0c97c-ebf7-4c25-8ea7-a3f4fe2aa9ec,tds_fs_a_001,Anna and Elsa's Frozen Journey,ATTRACTION,2026-09-07T08:30:27.107Z,OPERATING,AVAILABLE,,
tokyo_disneysea,e8c15bc6-aaab-44ef-8285-1d92ebd2c47d,tds_fs_a_003,Peter Pan's Never Land Adventure,ATTRACTION,2026-09-07T08:30:27.125Z,OPERATING,AVAILABLE,,
tokyo_disneysea,c8526be3-e82c-4692-ae44-e8f2d1142c8a,tds_mi_a_002,Journey to the Center of the Earth,ATTRACTION,2026-09-07T08:30:27.074Z,OPERATING,AVAILABLE,,
tokyo_disneysea,abb5d6ec-469e-4ab0-8685-5f04e9749653,tds_aw_a_003,Toy Story Mania!,ATTRACTION,2026-09-07T08:30:27.056Z,OPERATING,AVAILABLE,,
tokyo_disneysea,dd942cd2-b364-4262-af12-ca1a5012528b,tds_lrd_a_002,Raging Spirits,ATTRACTION,2026-09-07T08:33:42.120Z,OPERATING,AVAILABLE,,
tokyo_disneysea,3407ebac-c575-4c31-b794-1d271014d303,tds_mh_a_003,Soaring: Fantastic Flight,ATTRACTION,2026-09-07T08:33:42.062Z,OPERATING,AVAILABLE,,
tokyo_disneysea,4ca7254c-7abc-4e52-82e0-9c562c096494,tds_aw_a_002,Tower of Terror,ATTRACTION,2026-09-07T08:30:27.098Z,OPERATING,AVAILABLE,,
tokyo_disneysea,9fb0c97c-ebf7-4c25-8ea7-a3f4fe2aa9ec,tds_fs_a_001,Anna and Elsa's Frozen Journey,ATTRACTION,2026-09-07T08:34:47.109Z,OPERATING,AVAILABLE,,
tokyo_disneysea,e8c15bc6-aaab-44ef-8285-1d92ebd2c47d,tds_fs_a_003,Peter Pan's Never Land Adventure,ATTRACTION,2026-09-07T08:34:47.118Z,OPERATING,AVAILABLE,,
tokyo_disneysea,c8526be3-e82c-4692-ae44-e8f2d1142c8a,tds_mi_a_002,Journey to the Center of the Earth,ATTRACTION,2026-09-07T08:34:47.084Z,OPERATING,AVAILABLE,,
tokyo_disneysea,abb5d6ec-469e-4ab0-8685-5f04e9749653,tds_aw_a_003,Toy Story Mania!,ATTRACTION,2026-09-07T08:34:47.066Z,OPERATING,AVAILABLE,,
tokyo_disneysea,dd942cd2-b364-4262-af12-ca1a5012528b,tds_lrd_a_002,Raging Spirits,ATTRACTION,2026-09-07T08:37:47.630Z,OPERATING,AVAILABLE,,
tokyo_disneysea,3407ebac-c575-4c31-b794-1d271014d303,tds_mh_a_003,Soaring: Fantastic Flight,ATTRACTION,2026-09-07T08:34:47.075Z,OPERATING,AVAILABLE,,
tokyo_disneysea,4ca7254c-7abc-4e52-82e0-9c562c096494,tds_aw_a_002,Tower of Terror,ATTRACTION,2026-09-07T08:34:47.101Z,OPERATING,AVAILABLE,,
tokyo_disneysea,9fb0c97c-ebf7-4c25-8ea7-a3f4fe2aa9ec,tds_fs_a_001,Anna and Elsa's Frozen Journey,ATTRACTION,2026-09-07T08:42:13.620Z,OPERATING,AVAILABLE,,
tokyo_disneysea,10b5b89e-02a6-4456-9ddd-69e06c2bded4,tds_fs_a_002,Rapunzel's Lantern Festival,ATTRACTION,2026-09-07T08:42:13.628Z,OPERATING,AVAILABLE,,
tokyo_disneysea,e8c15bc6-aaab-44ef-8285-1d92ebd2c47d,tds_fs_a_003,Peter Pan's Never Land Adventure,ATTRACTION,2026-09-07T08:42:13.636Z,OPERATING,AVAILABLE,,
tokyo_disneysea,c8526be3-e82c-4692-ae44-e8f2d1142c8a,tds_mi_a_002,Journey to the Center of the Earth,ATTRACTION,2026-09-07T08:42:13.570Z,OPERATING,AVAILABLE,,
tokyo_disneysea,abb5d6ec-469e-4ab0-8685-5f04e9749653,tds_aw_a_003,Toy Story Mania!,ATTRACTION,2026-09-07T08:43:19.239Z,OPERATING,AVAILABLE,,
tokyo_disneysea,dd942cd2-b364-4262-af12-ca1a5012528b,tds_lrd_a_002,Raging Spirits,ATTRACTION,2026-09-07T08:42:13.594Z,OPERATING,AVAILABLE,,
tokyo_disneysea,3407ebac-c575-4c31-b794-1d271014d303,tds_mh_a_003,Soaring: Fantastic Flight,ATTRACTION,2026-09-07T08:43:19.245Z,OPERATING,AVAILABLE,,
tokyo_disneysea,4ca7254c-7abc-4e52-82e0-9c562c096494,tds_aw_a_002,Tower of Terror,ATTRACTION,2026-09-07T08:42:13.602Z,OPERATING,AVAILABLE,,
