parkId,facilityId,observedAt,waitMinutes,status,sourceEntityId
tokyo_disneyland,tdl_fantasyland_peter_pans_flight,2026-09-13T00:01:40.622Z,5,OPERATING,e541ad8f-1457-469a-8f35-457555f475ad
tokyo_disneyland,tdl_toontown_donalds_boat,2026-09-13T00:01:40.740Z,5,OPERATING,2d215a6d-77a2-4c44-a2e3-c293c1289876
tokyo_disneyland,tdl_fantasyland_castle_carrousel,2026-09-13T00:01:40.666Z,5,OPERATING,1fb05b7d-953a-4fa7-b7ed-db2eb62b85bf
tokyo_disneyland,tdl_tomorrowland_star_tours,2026-09-13T00:01:40.749Z,5,OPERATING,512fd34c-2f0a-4e0a-bcc1-ef4d15c5f803
tokyo_disneyland,tdl_critter_country_splash_mountain,2026-09-13T00:03:40.035Z,5,OPERATING,dfe25d8e-e234-4020-a261-30c6825d0680
tokyo_disneyland,tdl_fantasyland_mickeys_philharmagic,2026-09-13T00:01:40.643Z,5,OPERATING,392ca2e8-afe0-4103-b296-c45bd373d036
tokyo_disneyland,tdl_westernland_big_thunder_mountain,2026-09-13T00:03:40.027Z,5,OPERATING,e3577b4a-f1d9-4ec5-aacf-b99977ea88c9
tokyo_disneyland,tdl_toontown_gadgets_go_coaster,2026-09-13T00:01:40.732Z,5,OPERATING,52c5e406-67e2-4d37-aee8-987644d87b63
tokyo_disneyland,tdl_tomorrowland_monsters_inc_ride_and_go_seek,2026-09-13T00:03:40.051Z,10,OPERATING,4ed6a812-df04-4aa8-acb9-c6b164dbb706
tokyo_disneyland,tdl_adventureland_pirates_of_the_caribbean,2026-09-13T00:01:40.518Z,5,OPERATING,52eb0fc9-5853-49c8-8c72-1e5e83aae1c1
tokyo_disneyland,tdl_adventureland_jungle_cruise,2026-09-13T00:01:40.549Z,5,OPERATING,e0887415-3da2-458c-8b88-0691e6b8ab63
tokyo_disneyland,tdl_fantasyland_its_a_small_world,2026-09-13T00:01:40.677Z,5,OPERATING,0de1b543-46fd-4c3f-81c8-31d0cab9ef63
tokyo_disneyland,tdl_fantasyland_alices_tea_party,2026-09-13T00:01:40.687Z,5,OPERATING,cfaa7d1c-111e-49b9-b21b-134eac4000e8
tokyo_disneyland,tdl_fantasyland_poohs_hunny_hunt,2026-09-13T00:03:40.043Z,8,OPERATING,a88464b5-2cf5-4ef1-b38f-96e07b233bf2
tokyo_disneyland,tdl_toontown_roger_rabbits_car_toon_spin,2026-09-13T00:01:40.706Z,5,OPERATING,73384e33-a86a-4601-996f-61dbffba6ec2
tokyo_disneyland,tdl_toontown_minnies_house,2026-09-13T00:01:40.713Z,5,OPERATING,534ca90a-2626-4a45-9b7b-1964ed15678e
tokyo_disneyland,tdl_tomorrowland_baymax_happy_ride,2026-09-13T00:03:40.059Z,30,OPERATING,ca00a0e8-f069-4d0a-9d5e-10cb63010956
tokyo_disneyland,tdl_westernland_shooting_gallery,2026-09-13T00:01:40.574Z,5,OPERATING,4876ec54-92ed-4b0c-8b1b-292bba89c61c
tokyo_disneyland,tdl_fantasyland_pinocchios_daring_journey,2026-09-13T00:01:40.657Z,5,OPERATING,6922377e-0ff4-481f-9da3-35051938732a
tokyo_disneyland,tdl_toontown_chip_and_dales_treehouse,2026-09-13T00:01:40.722Z,5,OPERATING,a0a63e1c-3fc6-4433-b9b1-f5e798ab1f00
tokyo_disneyland,tdl_new_fantasyland_enchanted_tale_of_beauty_and_the_beast,2026-09-13T00:03:40.067Z,40,OPERATING,e76670f0-9f5f-4918-8491-9bf51e73a596
tokyo_disneyland,tdl_critter_country_splash_mountain,2026-09-13T00:07:32.379Z,5,OPERATING,dfe25d8e-e234-4020-a261-30c6825d0680
tokyo_disneyland,tdl_westernland_big_thunder_mountain,2026-09-13T00:09:39.921Z,10,OPERATING,e3577b4a-f1d9-4ec5-aacf-b99977ea88c9
tokyo_disneyland,tdl_tomorrowland_monsters_inc_ride_and_go_seek,2026-09-13T00:09:39.928Z,15,OPERATING,4ed6a812-df04-4aa8-acb9-c6b164dbb706
tokyo_disneyland,tdl_fantasyland_poohs_hunny_hunt,2026-09-13T00:07:32.386Z,8,OPERATING,a88464b5-2cf5-4ef1-b38f-96e07b233bf2
tokyo_disneyland,tdl_tomorrowland_baymax_happy_ride,2026-09-13T00:09:39.934Z,50,OPERATING,ca00a0e8-f069-4d0a-9d5e-10cb63010956
tokyo_disneyland,tdl_new_fantasyland_enchanted_tale_of_beauty_and_the_beast,2026-09-13T00:09:39.942Z,70,OPERATING,e76670f0-9f5f-4918-8491-9bf51e73a596
tokyo_disneyland,tdl_critter_country_splash_mountain,2026-09-13T00:14:21.629Z,15,OPERATING,dfe25d8e-e234-4020-a261-30c6825d0680
tokyo_disneyland,tdl_westernland_big_thunder_mountain,2026-09-13T00:14:21.622Z,20,OPERATING,e3577b4a-f1d9-4ec5-aacf-b99977ea88c9
tokyo_disneyland,tdl_tomorrowland_monsters_inc_ride_and_go_seek,2026-09-13T00:14:21.644Z,20,OPERATING,4ed6a812-df04-4aa8-acb9-c6b164dbb706
tokyo_disneyland,tdl_fantasyland_poohs_hunny_hunt,2026-09-13T00:14:21.636Z,15,OPERATING,a88464b5-2cf5-4ef1-b38f-96e07b233bf2
tokyo_disneyland,tdl_tomorrowland_baymax_happy_ride,2026-09-13T00:14:21.651Z,100,OPERATING,ca00a0e8-f069-4d0a-9d5e-10cb63010956
tokyo_disneyland,tdl_new_fantasyland_enchanted_tale_of_beauty_and_the_beast,2026-09-13T00:14:21.657Z,120,OPERATING,e76670f0-9f5f-4918-8491-9bf51e73a596
tokyo_disneyland,tdl_critter_country_splash_mountain,2026-09-13T00:17:02.876Z,30,OPERATING,dfe25d8e-e234-4020-a261-30c6825d0680
tokyo_disneyland,tdl_westernland_big_thunder_mountain,2026-09-13T00:19:02.599Z,30,OPERATING,e3577b4a-f1d9-4ec5-aacf-b99977ea88c9
tokyo_disneyland,tdl_tomorrowland_monsters_inc_ride_and_go_seek,2026-09-13T00:19:02.623Z,40,OPERATING,4ed6a812-df04-4aa8-acb9-c6b164dbb706
tokyo_disneyland,tdl_fantasyland_poohs_hunny_hunt,2026-09-13T00:19:02.612Z,40,OPERATING,a88464b5-2cf5-4ef1-b38f-96e07b233bf2
tokyo_disneyland,tdl_tomorrowland_baymax_happy_ride,2026-09-13T00:17:02.903Z,120,OPERATING,ca00a0e8-f069-4d0a-9d5e-10cb63010956
tokyo_disneyland,tdl_new_fantasyland_enchanted_tale_of_beauty_and_the_beast,2026-09-13T00:16:20.846Z,120,OPERATING,e76670f0-9f5f-4918-8491-9bf51e73a596
tokyo_disneyland,tdl_fantasyland_peter_pans_flight,2026-09-13T00:25:23.410Z,15,OPERATING,e541ad8f-1457-469a-8f35-457555f475ad
tokyo_disneyland,tdl_critter_country_splash_mountain,2026-09-13T00:25:23.403Z,60,OPERATING,dfe25d8e-e234-4020-a261-30c6825d0680
tokyo_disneyland,tdl_westernland_big_thunder_mountain,2026-09-13T00:25:23.396Z,60,OPERATING,e3577b4a-f1d9-4ec5-aacf-b99977ea88c9
tokyo_disneyland,tdl_tomorrowland_monsters_inc_ride_and_go_seek,2026-09-13T00:23:11.947Z,50,OPERATING,4ed6a812-df04-4aa8-acb9-c6b164dbb706
tokyo_disneyland,tdl_adventureland_pirates_of_the_caribbean,2026-09-13T00:25:23.389Z,15,OPERATING,52eb0fc9-5853-49c8-8c72-1e5e83aae1c1
tokyo_disneyland,tdl_fantasyland_poohs_hunny_hunt,2026-09-13T00:25:23.418Z,60,OPERATING,a88464b5-2cf5-4ef1-b38f-96e07b233bf2
tokyo_disneyland,tdl_tomorrowland_baymax_happy_ride,2026-09-13T00:25:23.426Z,160,OPERATING,ca00a0e8-f069-4d0a-9d5e-10cb63010956
tokyo_disneyland,tdl_new_fantasyland_enchanted_tale_of_beauty_and_the_beast,2026-09-13T00:22:57.323Z,160,OPERATING,e76670f0-9f5f-4918-8491-9bf51e73a596
tokyo_disneyland,tdl_critter_country_splash_mountain,2026-09-13T00:29:00.919Z,60,OPERATING,dfe25d8e-e234-4020-a261-30c6825d0680
tokyo_disneyland,tdl_westernland_big_thunder_mountain,2026-09-13T00:29:00.911Z,60,OPERATING,e3577b4a-f1d9-4ec5-aacf-b99977ea88c9
tokyo_disneyland,tdl_tomorrowland_monsters_inc_ride_and_go_seek,2026-09-13T00:29:00.934Z,50,OPERATING,4ed6a812-df04-4aa8-acb9-c6b164dbb706
tokyo_disneyland,tdl_fantasyland_poohs_hunny_hunt,2026-09-13T00:29:53.180Z,70,OPERATING,a88464b5-2cf5-4ef1-b38f-96e07b233bf2
tokyo_disneyland,tdl_tomorrowland_baymax_happy_ride,2026-09-13T00:29:00.942Z,160,OPERATING,ca00a0e8-f069-4d0a-9d5e-10cb63010956
tokyo_disneyland,tdl_fantasyland_peter_pans_flight,2026-09-13T00:31:43.736Z,30,OPERATING,e541ad8f-1457-469a-8f35-457555f475ad
tokyo_disneyland,tdl_critter_country_splash_mountain,2026-09-13T00:32:26.292Z,70,OPERATING,dfe25d8e-e234-4020-a261-30c6825d0680
tokyo_disneyland,tdl_westernland_big_thunder_mountain,2026-09-13T00:32:26.285Z,70,OPERATING,e3577b4a-f1d9-4ec5-aacf-b99977ea88c9
tokyo_disneyland,tdl_tomorrowland_monsters_inc_ride_and_go_seek,2026-09-13T00:32:26.299Z,60,OPERATING,4ed6a812-df04-4aa8-acb9-c6b164dbb706
tokyo_disneyland,tdl_adventureland_western_river_railroad,2026-09-13T00:31:43.716Z,15,OPERATING,6ee0697f-57ba-4c7b-8216-7c55b21288d4
tokyo_disneyland,tdl_tomorrowland_baymax_happy_ride,2026-09-13T00:32:26.306Z,160,OPERATING,ca00a0e8-f069-4d0a-9d5e-10cb63010956
tokyo_disneyland,tdl_new_fantasyland_enchanted_tale_of_beauty_and_the_beast,2026-09-13T00:32:26.313Z,160,OPERATING,e76670f0-9f5f-4918-8491-9bf51e73a596
tokyo_disneyland,tdl_fantasyland_peter_pans_flight,2026-09-13T00:38:16.095Z,40,OPERATING,e541ad8f-1457-469a-8f35-457555f475ad
tokyo_disneyland,tdl_toontown_gadgets_go_coaster,2026-09-13T00:38:16.104Z,15,OPERATING,52c5e406-67e2-4d37-aee8-987644d87b63
tokyo_disneyland,tdl_toontown_roger_rabbits_car_toon_spin,2026-09-13T00:35:33.660Z,15,OPERATING,73384e33-a86a-4601-996f-61dbffba6ec2
tokyo_disneyland,tdl_new_fantasyland_enchanted_tale_of_beauty_and_the_beast,2026-09-13T00:38:16.112Z,140,OPERATING,e76670f0-9f5f-4918-8491-9bf51e73a596
tokyo_disneyland,tdl_critter_country_splash_mountain,2026-09-13T00:45:05.419Z,70,OPERATING,dfe25d8e-e234-4020-a261-30c6825d0680
tokyo_disneyland,tdl_westernland_big_thunder_mountain,2026-09-13T00:41:51.183Z,60,OPERATING,e3577b4a-f1d9-4ec5-aacf-b99977ea88c9
tokyo_disneyland,tdl_tomorrowland_monsters_inc_ride_and_go_seek,2026-09-13T00:45:05.437Z,60,OPERATING,4ed6a812-df04-4aa8-acb9-c6b164dbb706
tokyo_disneyland,tdl_adventureland_jungle_cruise,2026-09-13T00:41:41.827Z,25,OPERATING,e0887415-3da2-458c-8b88-0691e6b8ab63
tokyo_disneyland,tdl_fantasyland_poohs_hunny_hunt,2026-09-13T00:45:05.429Z,70,OPERATING,a88464b5-2cf5-4ef1-b38f-96e07b233bf2
tokyo_disneyland,tdl_tomorrowland_baymax_happy_ride,2026-09-13T00:45:05.444Z,160,OPERATING,ca00a0e8-f069-4d0a-9d5e-10cb63010956
tokyo_disneyland,tdl_new_fantasyland_enchanted_tale_of_beauty_and_the_beast,2026-09-13T00:45:05.449Z,140,OPERATING,e76670f0-9f5f-4918-8491-9bf51e73a596
tokyo_disneyland,tdl_fantasyland_castle_carrousel,2026-09-13T00:47:57.511Z,10,OPERATING,1fb05b7d-953a-4fa7-b7ed-db2eb62b85bf
tokyo_disneyland,tdl_toontown_gadgets_go_coaster,2026-09-13T00:47:57.533Z,20,OPERATING,52c5e406-67e2-4d37-aee8-987644d87b63
tokyo_disneyland,tdl_fantasyland_alices_tea_party,2026-09-13T00:47:57.518Z,10,OPERATING,cfaa7d1c-111e-49b9-b21b-134eac4000e8
tokyo_disneyland,tdl_toontown_roger_rabbits_car_toon_spin,2026-09-13T00:47:57.526Z,20,OPERATING,73384e33-a86a-4601-996f-61dbffba6ec2
tokyo_disneyland,tdl_tomorrowland_baymax_happy_ride,2026-09-13T00:48:31.506Z,140,OPERATING,ca00a0e8-f069-4d0a-9d5e-10cb63010956
tokyo_disneyland,tdl_new_fantasyland_enchanted_tale_of_beauty_and_the_beast,2026-09-13T00:48:31.513Z,120,OPERATING,e76670f0-9f5f-4918-8491-9bf51e73a596
tokyo_disneyland,tdl_critter_country_splash_mountain,2026-09-13T00:54:38.733Z,60,OPERATING,dfe25d8e-e234-4020-a261-30c6825d0680
tokyo_disneyland,tdl_westernland_big_thunder_mountain,2026-09-13T00:54:38.726Z,60,OPERATING,e3577b4a-f1d9-4ec5-aacf-b99977ea88c9
tokyo_disneyland,tdl_tomorrowland_monsters_inc_ride_and_go_seek,2026-09-13T00:54:38.746Z,60,OPERATING,4ed6a812-df04-4aa8-acb9-c6b164dbb706
tokyo_disneyland,tdl_adventureland_jungle_cruise,2026-09-13T00:51:06.694Z,30,OPERATING,e0887415-3da2-458c-8b88-0691e6b8ab63
tokyo_disneyland,tdl_fantasyland_poohs_hunny_hunt,2026-09-13T00:54:38.739Z,70,OPERATING,a88464b5-2cf5-4ef1-b38f-96e07b233bf2
tokyo_disneyland,tdl_toontown_roger_rabbits_car_toon_spin,2026-09-13T00:51:06.709Z,25,OPERATING,73384e33-a86a-4601-996f-61dbffba6ec2
tokyo_disneyland,tdl_critter_country_splash_mountain,2026-09-13T00:57:30.693Z,60,OPERATING,dfe25d8e-e234-4020-a261-30c6825d0680
tokyo_disneyland,tdl_westernland_big_thunder_mountain,2026-09-13T00:57:30.686Z,60,OPERATING,e3577b4a-f1d9-4ec5-aacf-b99977ea88c9
tokyo_disneyland,tdl_tomorrowland_monsters_inc_ride_and_go_seek,2026-09-13T00:57:30.707Z,60,OPERATING,4ed6a812-df04-4aa8-acb9-c6b164dbb706
tokyo_disneyland,tdl_fantasyland_its_a_small_world,2026-09-13T00:57:08.067Z,15,OPERATING,0de1b543-46fd-4c3f-81c8-31d0cab9ef63
tokyo_disneyland,tdl_fantasyland_poohs_hunny_hunt,2026-09-13T00:57:30.701Z,70,OPERATING,a88464b5-2cf5-4ef1-b38f-96e07b233bf2
tokyo_disneyland,tdl_tomorrowland_baymax_happy_ride,2026-09-13T00:57:30.713Z,160,OPERATING,ca00a0e8-f069-4d0a-9d5e-10cb63010956
tokyo_disneyland,tdl_fantasyland_pinocchios_daring_journey,2026-09-13T00:57:08.059Z,10,OPERATING,6922377e-0ff4-481f-9da3-35051938732a
tokyo_disneyland,tdl_new_fantasyland_enchanted_tale_of_beauty_and_the_beast,2026-09-13T00:57:30.719Z,120,OPERATING,e76670f0-9f5f-4918-8491-9bf51e73a596
tokyo_disneyland,tdl_fantasyland_peter_pans_flight,2026-09-13T01:00:33.537Z,25,OPERATING,e541ad8f-1457-469a-8f35-457555f475ad
tokyo_disneyland,tdl_fantasyland_cinderella_fairy_tale_hall,2026-09-13T01:03:29.858Z,5,OPERATING,f82709b6-51a3-4b65-8d6f-c2472f5053df
tokyo_disneyland,tdl_fantasyland_castle_carrousel,2026-09-13T01:03:29.865Z,15,OPERATING,1fb05b7d-953a-4fa7-b7ed-db2eb62b85bf
tokyo_disneyland,tdl_tomorrowland_stitch_encounter,2026-09-13T01:03:29.891Z,10,OPERATING,05c7400b-866d-4d47-9cb1-8722fe6b22da
tokyo_disneyland,tdl_adventureland_tiki_room,2026-09-13T01:03:29.834Z,10,OPERATING,4f0b3416-0b0a-419b-ba8c-6ee00b7d7144
tokyo_disneyland,tdl_tomorrowland_monsters_inc_ride_and_go_seek,2026-09-13T01:03:49.093Z,50,OPERATING,4ed6a812-df04-4aa8-acb9-c6b164dbb706
tokyo_disneyland,tdl_westernland_mark_twain_riverboat,2026-09-13T01:03:29.851Z,10,OPERATING,02a96ff7-da13-48b5-b1a8-f29d9f6109fc
tokyo_disneyland,tdl_toontown_goofys_paint_and_play_house,2026-09-13T01:03:29.878Z,5,OPERATING,74f17654-ceb1-4f12-9c19-ce6ed0587f33
tokyo_disneyland,tdl_westernland_country_bear_theater,2026-09-13T01:03:29.843Z,15,OPERATING,83f11a48-0d22-4429-8e59-43fd611d6795
tokyo_disneyland,tdl_fantasyland_its_a_small_world,2026-09-13T01:03:29.871Z,20,OPERATING,0de1b543-46fd-4c3f-81c8-31d0cab9ef63
tokyo_disneyland,tdl_critter_country_splash_mountain,2026-09-13T01:09:44.668Z,50,OPERATING,dfe25d8e-e234-4020-a261-30c6825d0680
tokyo_disneyland,tdl_westernland_big_thunder_mountain,2026-09-13T01:09:44.659Z,60,OPERATING,e3577b4a-f1d9-4ec5-aacf-b99977ea88c9
tokyo_disneyland,tdl_tomorrowland_monsters_inc_ride_and_go_seek,2026-09-13T01:09:44.697Z,50,OPERATING,4ed6a812-df04-4aa8-acb9-c6b164dbb706
tokyo_disneyland,tdl_adventureland_western_river_railroad,2026-09-13T01:06:37.074Z,20,OPERATING,6ee0697f-57ba-4c7b-8216-7c55b21288d4
tokyo_disneyland,tdl_fantasyland_alices_tea_party,2026-09-13T01:09:44.677Z,5,OPERATING,cfaa7d1c-111e-49b9-b21b-134eac4000e8
tokyo_disneyland,tdl_fantasyland_poohs_hunny_hunt,2026-09-13T01:09:44.690Z,60,OPERATING,a88464b5-2cf5-4ef1-b38f-96e07b233bf2
tokyo_disneyland,tdl_tomorrowland_baymax_happy_ride,2026-09-13T01:09:44.705Z,160,OPERATING,ca00a0e8-f069-4d0a-9d5e-10cb63010956
tokyo_disneyland,tdl_new_fantasyland_enchanted_tale_of_beauty_and_the_beast,2026-09-13T01:09:44.711Z,120,OPERATING,e76670f0-9f5f-4918-8491-9bf51e73a596
tokyo_disneyland,tdl_critter_country_splash_mountain,2026-09-13T01:13:09.643Z,60,OPERATING,dfe25d8e-e234-4020-a261-30c6825d0680
tokyo_disneyland,tdl_tomorrowland_monsters_inc_ride_and_go_seek,2026-09-13T01:13:55.841Z,40,OPERATING,4ed6a812-df04-4aa8-acb9-c6b164dbb706
tokyo_disneyland,tdl_toontown_goofys_paint_and_play_house,2026-09-13T01:13:55.833Z,10,OPERATING,74f17654-ceb1-4f12-9c19-ce6ed0587f33
tokyo_disneyland,tdl_fantasyland_its_a_small_world,2026-09-13T01:13:55.824Z,15,OPERATING,0de1b543-46fd-4c3f-81c8-31d0cab9ef63
tokyo_disneyland,tdl_fantasyland_poohs_hunny_hunt,2026-09-13T01:09:56.558Z,60,OPERATING,a88464b5-2cf5-4ef1-b38f-96e07b233bf2
tokyo_disneyland,tdl_tomorrowland_baymax_happy_ride,2026-09-13T01:13:55.848Z,140,OPERATING,ca00a0e8-f069-4d0a-9d5e-10cb63010956
tokyo_disneyland,tdl_fantasyland_peter_pans_flight,2026-09-13T01:19:12.922Z,30,OPERATING,e541ad8f-1457-469a-8f35-457555f475ad
tokyo_disneyland,tdl_critter_country_splash_mountain,2026-09-13T01:17:52.569Z,50,OPERATING,dfe25d8e-e234-4020-a261-30c6825d0680
tokyo_disneyland,tdl_westernland_big_thunder_mountain,2026-09-13T01:17:52.544Z,50,OPERATING,e3577b4a-f1d9-4ec5-aacf-b99977ea88c9
tokyo_disneyland,tdl_toontown_gadgets_go_coaster,2026-09-13T01:15:57.427Z,15,OPERATING,52c5e406-67e2-4d37-aee8-987644d87b63
tokyo_disneyland,tdl_adventureland_jungle_cruise,2026-09-13T01:19:12.914Z,40,OPERATING,e0887415-3da2-458c-8b88-0691e6b8ab63
tokyo_disneyland,tdl_fantasyland_poohs_hunny_hunt,2026-09-13T01:19:12.929Z,50,OPERATING,a88464b5-2cf5-4ef1-b38f-96e07b233bf2
tokyo_disneyland,tdl_new_fantasyland_enchanted_tale_of_beauty_and_the_beast,2026-09-13T01:17:52.643Z,100,OPERATING,e76670f0-9f5f-4918-8491-9bf51e73a596
tokyo_disneyland,tdl_critter_country_splash_mountain,2026-09-13T01:22:26.349Z,50,OPERATING,dfe25d8e-e234-4020-a261-30c6825d0680
tokyo_disneyland,tdl_westernland_big_thunder_mountain,2026-09-13T01:22:26.340Z,50,OPERATING,e3577b4a-f1d9-4ec5-aacf-b99977ea88c9
tokyo_disneyland,tdl_tomorrowland_monsters_inc_ride_and_go_seek,2026-09-13T01:22:26.364Z,40,OPERATING,4ed6a812-df04-4aa8-acb9-c6b164dbb706
tokyo_disneyland,tdl_toontown_goofys_paint_and_play_house,2026-09-13T01:22:26.357Z,15,OPERATING,74f17654-ceb1-4f12-9c19-ce6ed0587f33
tokyo_disneyland,tdl_tomorrowland_baymax_happy_ride,2026-09-13T01:22:26.370Z,140,OPERATING,ca00a0e8-f069-4d0a-9d5e-10cb63010956
tokyo_disneyland,tdl_new_fantasyland_enchanted_tale_of_beauty_and_the_beast,2026-09-13T01:22:26.377Z,100,OPERATING,e76670f0-9f5f-4918-8491-9bf51e73a596
tokyo_disneyland,tdl_fantasyland_cinderella_fairy_tale_hall,2026-09-13T01:26:13.982Z,10,OPERATING,f82709b6-51a3-4b65-8d6f-c2472f5053df
tokyo_disneyland,tdl_fantasyland_castle_carrousel,2026-09-13T01:26:13.988Z,10,OPERATING,1fb05b7d-953a-4fa7-b7ed-db2eb62b85bf
tokyo_disneyland,tdl_toontown_gadgets_go_coaster,2026-09-13T01:26:13.993Z,20,OPERATING,52c5e406-67e2-4d37-aee8-987644d87b63
tokyo_disneyland,tdl_westernland_shooting_gallery,2026-09-13T01:26:13.975Z,10,OPERATING,4876ec54-92ed-4b0c-8b1b-292bba89c61c
tokyo_disneyland,tdl_world_bazaar_omnibus,2026-09-13T01:31:58.972Z,5,OPERATING,cf1e721e-ba51-4e48-a2bc-b07883091e88
tokyo_disneyland,tdl_critter_country_splash_mountain,2026-09-13T01:34:55.392Z,60,OPERATING,dfe25d8e-e234-4020-a261-30c6825d0680
tokyo_disneyland,tdl_westernland_big_thunder_mountain,2026-09-13T01:34:55.367Z,50,OPERATING,e3577b4a-f1d9-4ec5-aacf-b99977ea88c9
tokyo_disneyland,tdl_tomorrowland_monsters_inc_ride_and_go_seek,2026-09-13T01:34:55.406Z,40,OPERATING,4ed6a812-df04-4aa8-acb9-c6b164dbb706
tokyo_disneyland,tdl_adventureland_pirates_of_the_caribbean,2026-09-13T01:29:58.327Z,20,OPERATING,52eb0fc9-5853-49c8-8c72-1e5e83aae1c1
tokyo_disneyland,tdl_fantasyland_poohs_hunny_hunt,2026-09-13T01:34:55.399Z,50,OPERATING,a88464b5-2cf5-4ef1-b38f-96e07b233bf2
tokyo_disneyland,tdl_tomorrowland_baymax_happy_ride,2026-09-13T01:34:55.413Z,140,OPERATING,ca00a0e8-f069-4d0a-9d5e-10cb63010956
tokyo_disneyland,tdl_new_fantasyland_enchanted_tale_of_beauty_and_the_beast,2026-09-13T01:34:55.422Z,100,OPERATING,e76670f0-9f5f-4918-8491-9bf51e73a596
tokyo_disneyland,tdl_tomorrowland_monsters_inc_ride_and_go_seek,2026-09-13T01:38:09.261Z,50,OPERATING,4ed6a812-df04-4aa8-acb9-c6b164dbb706
tokyo_disneyland,tdl_westernland_shooting_gallery,2026-09-13T01:38:09.246Z,5,OPERATING,4876ec54-92ed-4b0c-8b1b-292bba89c61c
tokyo_disneyland,tdl_fantasyland_castle_carrousel,2026-09-13T01:41:16.339Z,15,OPERATING,1fb05b7d-953a-4fa7-b7ed-db2eb62b85bf
tokyo_disneyland,tdl_critter_country_splash_mountain,2026-09-13T01:42:37.622Z,60,OPERATING,dfe25d8e-e234-4020-a261-30c6825d0680
tokyo_disneyland,tdl_westernland_big_thunder_mountain,2026-09-13T01:42:37.614Z,50,OPERATING,e3577b4a-f1d9-4ec5-aacf-b99977ea88c9
tokyo_disneyland,tdl_tomorrowland_monsters_inc_ride_and_go_seek,2026-09-13T01:42:37.635Z,60,OPERATING,4ed6a812-df04-4aa8-acb9-c6b164dbb706
tokyo_disneyland,tdl_toontown_goofys_paint_and_play_house,2026-09-13T01:41:16.346Z,5,OPERATING,74f17654-ceb1-4f12-9c19-ce6ed0587f33
tokyo_disneyland,tdl_adventureland_pirates_of_the_caribbean,2026-09-13T01:41:16.322Z,15,OPERATING,52eb0fc9-5853-49c8-8c72-1e5e83aae1c1
tokyo_disneyland,tdl_adventureland_jungle_cruise,2026-09-13T01:41:16.330Z,30,OPERATING,e0887415-3da2-458c-8b88-0691e6b8ab63
tokyo_disneyland,tdl_fantasyland_poohs_hunny_hunt,2026-09-13T01:42:37.628Z,50,OPERATING,a88464b5-2cf5-4ef1-b38f-96e07b233bf2
tokyo_disneyland,tdl_tomorrowland_baymax_happy_ride,2026-09-13T01:45:24.796Z,100,OPERATING,ca00a0e8-f069-4d0a-9d5e-10cb63010956
tokyo_disneyland,tdl_new_fantasyland_enchanted_tale_of_beauty_and_the_beast,2026-09-13T01:42:37.647Z,100,OPERATING,e76670f0-9f5f-4918-8491-9bf51e73a596
tokyo_disneyland,tdl_fantasyland_cinderella_fairy_tale_hall,2026-09-13T01:47:27.275Z,5,OPERATING,f82709b6-51a3-4b65-8d6f-c2472f5053df
tokyo_disneyland,tdl_critter_country_splash_mountain,2026-09-13T01:47:27.269Z,60,OPERATING,dfe25d8e-e234-4020-a261-30c6825d0680
tokyo_disneyland,tdl_westernland_big_thunder_mountain,2026-09-13T01:47:27.261Z,50,OPERATING,e3577b4a-f1d9-4ec5-aacf-b99977ea88c9
tokyo_disneyland,tdl_tomorrowland_monsters_inc_ride_and_go_seek,2026-09-13T01:47:27.289Z,60,OPERATING,4ed6a812-df04-4aa8-acb9-c6b164dbb706
tokyo_disneyland,tdl_fantasyland_poohs_hunny_hunt,2026-09-13T01:49:29.924Z,60,OPERATING,a88464b5-2cf5-4ef1-b38f-96e07b233bf2
tokyo_disneyland,tdl_tomorrowland_baymax_happy_ride,2026-09-13T01:47:27.297Z,100,OPERATING,ca00a0e8-f069-4d0a-9d5e-10cb63010956
tokyo_disneyland,tdl_new_fantasyland_enchanted_tale_of_beauty_and_the_beast,2026-09-13T01:47:27.302Z,100,OPERATING,e76670f0-9f5f-4918-8491-9bf51e73a596
tokyo_disneyland,tdl_fantasyland_peter_pans_flight,2026-09-13T01:53:42.737Z,25,OPERATING,e541ad8f-1457-469a-8f35-457555f475ad
tokyo_disneyland,tdl_toontown_goofys_paint_and_play_house,2026-09-13T01:53:42.744Z,15,OPERATING,74f17654-ceb1-4f12-9c19-ce6ed0587f33
tokyo_disneyland,tdl_critter_country_splash_mountain,2026-09-13T01:59:40.993Z,60,OPERATING,dfe25d8e-e234-4020-a261-30c6825d0680
tokyo_disneyland,tdl_westernland_big_thunder_mountain,2026-09-13T01:59:40.985Z,50,OPERATING,e3577b4a-f1d9-4ec5-aacf-b99977ea88c9
tokyo_disneyland,tdl_tomorrowland_monsters_inc_ride_and_go_seek,2026-09-13T01:59:41.006Z,60,OPERATING,4ed6a812-df04-4aa8-acb9-c6b164dbb706
tokyo_disneyland,tdl_fantasyland_poohs_hunny_hunt,2026-09-13T01:59:40.999Z,82,OPERATING,a88464b5-2cf5-4ef1-b38f-96e07b233bf2
tokyo_disneyland,tdl_tomorrowland_baymax_happy_ride,2026-09-13T01:59:41.013Z,90,OPERATING,ca00a0e8-f069-4d0a-9d5e-10cb63010956
tokyo_disneyland,tdl_new_fantasyland_enchanted_tale_of_beauty_and_the_beast,2026-09-13T01:59:41.021Z,100,OPERATING,e76670f0-9f5f-4918-8491-9bf51e73a596
tokyo_disneyland,tdl_westernland_tom_sawyer_island_rafts,2026-09-13T02:02:02.826Z,5,OPERATING,077c390c-c214-40c4-83e9-93d8f8621141
tokyo_disneyland,tdl_tomorrowland_baymax_happy_ride,2026-09-13T02:02:02.841Z,90,OPERATING,ca00a0e8-f069-4d0a-9d5e-10cb63010956
tokyo_disneyland,tdl_critter_country_splash_mountain,2026-09-13T02:07:51.949Z,60,OPERATING,dfe25d8e-e234-4020-a261-30c6825d0680
tokyo_disneyland,tdl_westernland_big_thunder_mountain,2026-09-13T02:07:51.940Z,50,OPERATING,e3577b4a-f1d9-4ec5-aacf-b99977ea88c9
tokyo_disneyland,tdl_tomorrowland_monsters_inc_ride_and_go_seek,2026-09-13T02:07:51.971Z,60,OPERATING,4ed6a812-df04-4aa8-acb9-c6b164dbb706
tokyo_disneyland,tdl_toontown_goofys_paint_and_play_house,2026-09-13T02:07:51.966Z,10,OPERATING,74f17654-ceb1-4f12-9c19-ce6ed0587f33
tokyo_disneyland,tdl_adventureland_pirates_of_the_caribbean,2026-09-13T02:06:10.630Z,10,OPERATING,52eb0fc9-5853-49c8-8c72-1e5e83aae1c1
tokyo_disneyland,tdl_fantasyland_poohs_hunny_hunt,2026-09-13T02:07:51.955Z,82,OPERATING,a88464b5-2cf5-4ef1-b38f-96e07b233bf2
tokyo_disneyland,tdl_toontown_roger_rabbits_car_toon_spin,2026-09-13T02:07:51.960Z,20,OPERATING,73384e33-a86a-4601-996f-61dbffba6ec2
tokyo_disneyland,tdl_tomorrowland_baymax_happy_ride,2026-09-13T02:07:51.977Z,80,OPERATING,ca00a0e8-f069-4d0a-9d5e-10cb63010956
tokyo_disneyland,tdl_westernland_shooting_gallery,2026-09-13T02:06:10.637Z,15,OPERATING,4876ec54-92ed-4b0c-8b1b-292bba89c61c
tokyo_disneyland,tdl_new_fantasyland_enchanted_tale_of_beauty_and_the_beast,2026-09-13T02:07:51.983Z,100,OPERATING,e76670f0-9f5f-4918-8491-9bf51e73a596
tokyo_disneyland,tdl_critter_country_splash_mountain,2026-09-13T02:12:48.699Z,60,OPERATING,dfe25d8e-e234-4020-a261-30c6825d0680
tokyo_disneyland,tdl_westernland_big_thunder_mountain,2026-09-13T02:14:14.871Z,40,OPERATING,e3577b4a-f1d9-4ec5-aacf-b99977ea88c9
tokyo_disneyland,tdl_tomorrowland_monsters_inc_ride_and_go_seek,2026-09-13T02:14:14.885Z,50,OPERATING,4ed6a812-df04-4aa8-acb9-c6b164dbb706
tokyo_disneyland,tdl_fantasyland_poohs_hunny_hunt,2026-09-13T02:14:14.878Z,70,OPERATING,a88464b5-2cf5-4ef1-b38f-96e07b233bf2
tokyo_disneyland,tdl_tomorrowland_baymax_happy_ride,2026-09-13T02:12:48.716Z,80,OPERATING,ca00a0e8-f069-4d0a-9d5e-10cb63010956
tokyo_disneyland,tdl_new_fantasyland_enchanted_tale_of_beauty_and_the_beast,2026-09-13T02:12:48.722Z,100,OPERATING,e76670f0-9f5f-4918-8491-9bf51e73a596
tokyo_disneyland,tdl_fantasyland_peter_pans_flight,2026-09-13T02:18:39.933Z,20,OPERATING,e541ad8f-1457-469a-8f35-457555f475ad
tokyo_disneyland,tdl_tomorrowland_monsters_inc_ride_and_go_seek,2026-09-13T02:15:38.135Z,50,OPERATING,4ed6a812-df04-4aa8-acb9-c6b164dbb706
tokyo_disneyland,tdl_toontown_goofys_paint_and_play_house,2026-09-13T02:15:38.123Z,5,OPERATING,74f17654-ceb1-4f12-9c19-ce6ed0587f33
tokyo_disneyland,tdl_fantasyland_its_a_small_world,2026-09-13T02:18:39.947Z,10,OPERATING,0de1b543-46fd-4c3f-81c8-31d0cab9ef63
tokyo_disneyland,tdl_fantasyland_poohs_hunny_hunt,2026-09-13T02:15:38.116Z,70,OPERATING,a88464b5-2cf5-4ef1-b38f-96e07b233bf2
tokyo_disneyland,tdl_fantasyland_pinocchios_daring_journey,2026-09-13T02:18:39.941Z,15,OPERATING,6922377e-0ff4-481f-9da3-35051938732a
tokyo_disneyland,tdl_new_fantasyland_enchanted_tale_of_beauty_and_the_beast,2026-09-13T02:17:47.525Z,90,OPERATING,e76670f0-9f5f-4918-8491-9bf51e73a596
tokyo_disneyland,tdl_fantasyland_peter_pans_flight,2026-09-13T02:24:54.637Z,25,OPERATING,e541ad8f-1457-469a-8f35-457555f475ad
tokyo_disneyland,tdl_critter_country_splash_mountain,2026-09-13T02:24:54.630Z,60,OPERATING,dfe25d8e-e234-4020-a261-30c6825d0680
tokyo_disneyland,tdl_westernland_big_thunder_mountain,2026-09-13T02:24:54.622Z,40,OPERATING,e3577b4a-f1d9-4ec5-aacf-b99977ea88c9
tokyo_disneyland,tdl_tomorrowland_monsters_inc_ride_and_go_seek,2026-09-13T02:24:54.649Z,40,OPERATING,4ed6a812-df04-4aa8-acb9-c6b164dbb706
tokyo_disneyland,tdl_fantasyland_poohs_hunny_hunt,2026-09-13T02:24:54.643Z,70,OPERATING,a88464b5-2cf5-4ef1-b38f-96e07b233bf2
tokyo_disneyland,tdl_tomorrowland_baymax_happy_ride,2026-09-13T02:24:54.655Z,70,OPERATING,ca00a0e8-f069-4d0a-9d5e-10cb63010956
tokyo_disneyland,tdl_new_fantasyland_enchanted_tale_of_beauty_and_the_beast,2026-09-13T02:24:54.660Z,90,OPERATING,e76670f0-9f5f-4918-8491-9bf51e73a596
tokyo_disneyland,tdl_toontown_goofys_paint_and_play_house,2026-09-13T02:26:08.687Z,10,OPERATING,74f17654-ceb1-4f12-9c19-ce6ed0587f33
tokyo_disneyland,tdl_fantasyland_peter_pans_flight,2026-09-13T02:31:06.973Z,30,OPERATING,e541ad8f-1457-469a-8f35-457555f475ad
tokyo_disneyland,tdl_critter_country_splash_mountain,2026-09-13T02:32:08.799Z,60,OPERATING,dfe25d8e-e234-4020-a261-30c6825d0680
tokyo_disneyland,tdl_westernland_big_thunder_mountain,2026-09-13T02:32:08.790Z,40,OPERATING,e3577b4a-f1d9-4ec5-aacf-b99977ea88c9
tokyo_disneyland,tdl_tomorrowland_monsters_inc_ride_and_go_seek,2026-09-13T02:32:08.813Z,40,OPERATING,4ed6a812-df04-4aa8-acb9-c6b164dbb706
tokyo_disneyland,tdl_toontown_minnies_house,2026-09-13T02:34:25.743Z,10,OPERATING,534ca90a-2626-4a45-9b7b-1964ed15678e
tokyo_disneyland,tdl_fantasyland_poohs_hunny_hunt,2026-09-13T02:32:08.806Z,70,OPERATING,a88464b5-2cf5-4ef1-b38f-96e07b233bf2
tokyo_disneyland,tdl_tomorrowland_baymax_happy_ride,2026-09-13T02:32:08.820Z,70,OPERATING,ca00a0e8-f069-4d0a-9d5e-10cb63010956
tokyo_disneyland,tdl_new_fantasyland_enchanted_tale_of_beauty_and_the_beast,2026-09-13T02:32:08.829Z,90,OPERATING,e76670f0-9f5f-4918-8491-9bf51e73a596
tokyo_disneyland,tdl_critter_country_splash_mountain,2026-09-13T02:38:09.816Z,50,OPERATING,dfe25d8e-e234-4020-a261-30c6825d0680
tokyo_disneyland,tdl_westernland_big_thunder_mountain,2026-09-13T02:37:26.171Z,40,OPERATING,e3577b4a-f1d9-4ec5-aacf-b99977ea88c9
tokyo_disneyland,tdl_tomorrowland_monsters_inc_ride_and_go_seek,2026-09-13T02:38:09.825Z,30,OPERATING,4ed6a812-df04-4aa8-acb9-c6b164dbb706
tokyo_disneyland,tdl_fantasyland_poohs_hunny_hunt,2026-09-13T02:37:26.189Z,70,OPERATING,a88464b5-2cf5-4ef1-b38f-96e07b233bf2
tokyo_disneyland,tdl_tomorrowland_baymax_happy_ride,2026-09-13T02:37:26.207Z,70,OPERATING,ca00a0e8-f069-4d0a-9d5e-10cb63010956
tokyo_disneyland,tdl_new_fantasyland_enchanted_tale_of_beauty_and_the_beast,2026-09-13T02:37:26.216Z,90,OPERATING,e76670f0-9f5f-4918-8491-9bf51e73a596
tokyo_disneyland,tdl_fantasyland_peter_pans_flight,2026-09-13T02:43:52.722Z,25,OPERATING,e541ad8f-1457-469a-8f35-457555f475ad
tokyo_disneyland,tdl_critter_country_splash_mountain,2026-09-13T02:40:40.258Z,40,OPERATING,dfe25d8e-e234-4020-a261-30c6825d0680
tokyo_disneyland,tdl_westernland_big_thunder_mountain,2026-09-13T02:44:43.381Z,40,OPERATING,e3577b4a-f1d9-4ec5-aacf-b99977ea88c9
tokyo_disneyland,tdl_toontown_gadgets_go_coaster,2026-09-13T02:43:52.732Z,25,OPERATING,52c5e406-67e2-4d37-aee8-987644d87b63
tokyo_disneyland,tdl_fantasyland_poohs_hunny_hunt,2026-09-13T02:44:43.388Z,70,OPERATING,a88464b5-2cf5-4ef1-b38f-96e07b233bf2
tokyo_disneyland,tdl_tomorrowland_baymax_happy_ride,2026-09-13T02:44:43.397Z,70,OPERATING,ca00a0e8-f069-4d0a-9d5e-10cb63010956
tokyo_disneyland,tdl_fantasyland_pinocchios_daring_journey,2026-09-13T02:40:30.171Z,10,OPERATING,6922377e-0ff4-481f-9da3-35051938732a
tokyo_disneyland,tdl_new_fantasyland_enchanted_tale_of_beauty_and_the_beast,2026-09-13T02:44:43.406Z,90,OPERATING,e76670f0-9f5f-4918-8491-9bf51e73a596
tokyo_disneyland,tdl_critter_country_splash_mountain,2026-09-13T02:49:53.529Z,40,OPERATING,dfe25d8e-e234-4020-a261-30c6825d0680
tokyo_disneyland,tdl_westernland_big_thunder_mountain,2026-09-13T02:49:53.521Z,40,OPERATING,e3577b4a-f1d9-4ec5-aacf-b99977ea88c9
tokyo_disneyland,tdl_toontown_gadgets_go_coaster,2026-09-13T02:49:53.542Z,20,OPERATING,52c5e406-67e2-4d37-aee8-987644d87b63
tokyo_disneyland,tdl_tomorrowland_monsters_inc_ride_and_go_seek,2026-09-13T02:49:53.550Z,30,OPERATING,4ed6a812-df04-4aa8-acb9-c6b164dbb706
tokyo_disneyland,tdl_fantasyland_poohs_hunny_hunt,2026-09-13T02:49:53.535Z,70,OPERATING,a88464b5-2cf5-4ef1-b38f-96e07b233bf2
tokyo_disneyland,tdl_tomorrowland_baymax_happy_ride,2026-09-13T02:49:53.557Z,80,OPERATING,ca00a0e8-f069-4d0a-9d5e-10cb63010956
tokyo_disneyland,tdl_new_fantasyland_enchanted_tale_of_beauty_and_the_beast,2026-09-13T02:49:53.564Z,90,OPERATING,e76670f0-9f5f-4918-8491-9bf51e73a596
tokyo_disneyland,tdl_westernland_big_thunder_mountain,2026-09-13T02:53:31.934Z,50,OPERATING,e3577b4a-f1d9-4ec5-aacf-b99977ea88c9
tokyo_disneyland,tdl_tomorrowland_monsters_inc_ride_and_go_seek,2026-09-13T02:53:31.949Z,60,OPERATING,4ed6a812-df04-4aa8-acb9-c6b164dbb706
tokyo_disneyland,tdl_fantasyland_poohs_hunny_hunt,2026-09-13T02:53:31.941Z,60,OPERATING,a88464b5-2cf5-4ef1-b38f-96e07b233bf2
tokyo_disneyland,tdl_fantasyland_peter_pans_flight,2026-09-13T02:56:34.270Z,30,OPERATING,e541ad8f-1457-469a-8f35-457555f475ad
tokyo_disneyland,tdl_critter_country_splash_mountain,2026-09-13T02:59:55.465Z,50,OPERATING,dfe25d8e-e234-4020-a261-30c6825d0680
tokyo_disneyland,tdl_westernland_big_thunder_mountain,2026-09-13T02:59:55.457Z,50,OPERATING,e3577b4a-f1d9-4ec5-aacf-b99977ea88c9
tokyo_disneyland,tdl_toontown_gadgets_go_coaster,2026-09-13T02:56:34.296Z,15,OPERATING,52c5e406-67e2-4d37-aee8-987644d87b63
tokyo_disneyland,tdl_tomorrowland_monsters_inc_ride_and_go_seek,2026-09-13T02:59:55.497Z,60,OPERATING,4ed6a812-df04-4aa8-acb9-c6b164dbb706
tokyo_disneyland,tdl_adventureland_jungle_cruise,2026-09-13T02:59:30.317Z,25,OPERATING,e0887415-3da2-458c-8b88-0691e6b8ab63
tokyo_disneyland,tdl_fantasyland_alices_tea_party,2026-09-13T02:56:34.282Z,10,OPERATING,cfaa7d1c-111e-49b9-b21b-134eac4000e8
tokyo_disneyland,tdl_toontown_roger_rabbits_car_toon_spin,2026-09-13T02:56:34.290Z,15,OPERATING,73384e33-a86a-4601-996f-61dbffba6ec2
tokyo_disneyland,tdl_fantasyland_poohs_hunny_hunt,2026-09-13T02:59:55.477Z,60,OPERATING,a88464b5-2cf5-4ef1-b38f-96e07b233bf2
tokyo_disneyland,tdl_tomorrowland_baymax_happy_ride,2026-09-13T02:59:55.505Z,80,OPERATING,ca00a0e8-f069-4d0a-9d5e-10cb63010956
tokyo_disneyland,tdl_westernland_shooting_gallery,2026-09-13T02:56:34.262Z,20,OPERATING,4876ec54-92ed-4b0c-8b1b-292bba89c61c
tokyo_disneyland,tdl_new_fantasyland_enchanted_tale_of_beauty_and_the_beast,2026-09-13T02:59:55.512Z,90,OPERATING,e76670f0-9f5f-4918-8491-9bf51e73a596
tokyo_disneyland,tdl_new_fantasyland_enchanted_tale_of_beauty_and_the_beast,2026-09-13T03:03:04.564Z,100,OPERATING,e76670f0-9f5f-4918-8491-9bf51e73a596
tokyo_disneyland,tdl_fantasyland_peter_pans_flight,2026-09-13T03:05:32.888Z,25,OPERATING,e541ad8f-1457-469a-8f35-457555f475ad
tokyo_disneyland,tdl_critter_country_splash_mountain,2026-09-13T03:08:58.040Z,60,OPERATING,dfe25d8e-e234-4020-a261-30c6825d0680
tokyo_disneyland,tdl_westernland_big_thunder_mountain,2026-09-13T03:08:58.032Z,50,OPERATING,e3577b4a-f1d9-4ec5-aacf-b99977ea88c9
tokyo_disneyland,tdl_tomorrowland_monsters_inc_ride_and_go_seek,2026-09-13T03:08:58.053Z,60,OPERATING,4ed6a812-df04-4aa8-acb9-c6b164dbb706
tokyo_disneyland,tdl_fantasyland_its_a_small_world,2026-09-13T03:08:56.058Z,5,OPERATING,0de1b543-46fd-4c3f-81c8-31d0cab9ef63
tokyo_disneyland,tdl_fantasyland_poohs_hunny_hunt,2026-09-13T03:08:58.046Z,50,OPERATING,a88464b5-2cf5-4ef1-b38f-96e07b233bf2
tokyo_disneyland,tdl_toontown_roger_rabbits_car_toon_spin,2026-09-13T03:08:56.065Z,25,OPERATING,73384e33-a86a-4601-996f-61dbffba6ec2
tokyo_disneyland,tdl_tomorrowland_baymax_happy_ride,2026-09-13T03:08:58.061Z,90,OPERATING,ca00a0e8-f069-4d0a-9d5e-10cb63010956
tokyo_disneyland,tdl_westernland_shooting_gallery,2026-09-13T03:05:32.873Z,25,OPERATING,4876ec54-92ed-4b0c-8b1b-292bba89c61c
tokyo_disneyland,tdl_fantasyland_pinocchios_daring_journey,2026-09-13T03:05:32.895Z,5,OPERATING,6922377e-0ff4-481f-9da3-35051938732a
tokyo_disneyland,tdl_fantasyland_castle_carrousel,2026-09-13T03:15:11.394Z,10,OPERATING,1fb05b7d-953a-4fa7-b7ed-db2eb62b85bf
tokyo_disneyland,tdl_critter_country_splash_mountain,2026-09-13T03:12:18.099Z,60,OPERATING,dfe25d8e-e234-4020-a261-30c6825d0680
tokyo_disneyland,tdl_westernland_big_thunder_mountain,2026-09-13T03:15:11.383Z,30,OPERATING,e3577b4a-f1d9-4ec5-aacf-b99977ea88c9
tokyo_disneyland,tdl_toontown_gadgets_go_coaster,2026-09-13T03:11:29.342Z,20,OPERATING,52c5e406-67e2-4d37-aee8-987644d87b63
tokyo_disneyland,tdl_tomorrowland_monsters_inc_ride_and_go_seek,2026-09-13T03:12:18.120Z,50,OPERATING,4ed6a812-df04-4aa8-acb9-c6b164dbb706
tokyo_disneyland,tdl_toontown_roger_rabbits_car_toon_spin,2026-09-13T03:15:11.416Z,30,OPERATING,73384e33-a86a-4601-996f-61dbffba6ec2
tokyo_disneyland,tdl_fantasyland_poohs_hunny_hunt,2026-09-13T03:15:11.406Z,40,OPERATING,a88464b5-2cf5-4ef1-b38f-96e07b233bf2
tokyo_disneyland,tdl_tomorrowland_baymax_happy_ride,2026-09-13T03:12:18.127Z,90,OPERATING,ca00a0e8-f069-4d0a-9d5e-10cb63010956
tokyo_disneyland,tdl_westernland_shooting_gallery,2026-09-13T03:15:11.371Z,15,OPERATING,4876ec54-92ed-4b0c-8b1b-292bba89c61c
tokyo_disneyland,tdl_new_fantasyland_enchanted_tale_of_beauty_and_the_beast,2026-09-13T03:12:18.137Z,100,OPERATING,e76670f0-9f5f-4918-8491-9bf51e73a596
tokyo_disneyland,tdl_critter_country_splash_mountain,2026-09-13T03:19:42.524Z,60,OPERATING,dfe25d8e-e234-4020-a261-30c6825d0680
tokyo_disneyland,tdl_westernland_big_thunder_mountain,2026-09-13T03:17:44.587Z,30,OPERATING,e3577b4a-f1d9-4ec5-aacf-b99977ea88c9
tokyo_disneyland,tdl_tomorrowland_monsters_inc_ride_and_go_seek,2026-09-13T03:19:42.539Z,50,OPERATING,4ed6a812-df04-4aa8-acb9-c6b164dbb706
tokyo_disneyland,tdl_fantasyland_alices_tea_party,2026-09-13T03:17:44.595Z,5,OPERATING,cfaa7d1c-111e-49b9-b21b-134eac4000e8
tokyo_disneyland,tdl_fantasyland_poohs_hunny_hunt,2026-09-13T03:19:42.532Z,50,OPERATING,a88464b5-2cf5-4ef1-b38f-96e07b233bf2
tokyo_disneyland,tdl_tomorrowland_baymax_happy_ride,2026-09-13T03:19:42.546Z,90,OPERATING,ca00a0e8-f069-4d0a-9d5e-10cb63010956
tokyo_disneyland,tdl_new_fantasyland_enchanted_tale_of_beauty_and_the_beast,2026-09-13T03:19:42.553Z,100,OPERATING,e76670f0-9f5f-4918-8491-9bf51e73a596
tokyo_disneyland,tdl_tomorrowland_star_tours,2026-09-13T03:21:23.897Z,10,OPERATING,512fd34c-2f0a-4e0a-bcc1-ef4d15c5f803
tokyo_disneyland,tdl_critter_country_splash_mountain,2026-09-13T03:24:31.464Z,60,OPERATING,dfe25d8e-e234-4020-a261-30c6825d0680
tokyo_disneyland,tdl_westernland_big_thunder_mountain,2026-09-13T03:24:31.457Z,30,OPERATING,e3577b4a-f1d9-4ec5-aacf-b99977ea88c9
tokyo_disneyland,tdl_tomorrowland_monsters_inc_ride_and_go_seek,2026-09-13T03:24:37.808Z,40,OPERATING,4ed6a812-df04-4aa8-acb9-c6b164dbb706
tokyo_disneyland,tdl_fantasyland_poohs_hunny_hunt,2026-09-13T03:21:23.885Z,50,OPERATING,a88464b5-2cf5-4ef1-b38f-96e07b233bf2
tokyo_disneyland,tdl_toontown_roger_rabbits_car_toon_spin,2026-09-13T03:21:23.891Z,25,OPERATING,73384e33-a86a-4601-996f-61dbffba6ec2
tokyo_disneyland,tdl_tomorrowland_baymax_happy_ride,2026-09-13T03:24:31.470Z,90,OPERATING,ca00a0e8-f069-4d0a-9d5e-10cb63010956
tokyo_disneyland,tdl_new_fantasyland_enchanted_tale_of_beauty_and_the_beast,2026-09-13T03:24:31.478Z,100,OPERATING,e76670f0-9f5f-4918-8491-9bf51e73a596
tokyo_disneyland,tdl_fantasyland_peter_pans_flight,2026-09-13T03:30:13.259Z,25,OPERATING,e541ad8f-1457-469a-8f35-457555f475ad
tokyo_disneyland,tdl_critter_country_splash_mountain,2026-09-13T03:30:13.251Z,50,OPERATING,dfe25d8e-e234-4020-a261-30c6825d0680
tokyo_disneyland,tdl_westernland_big_thunder_mountain,2026-09-13T03:30:13.242Z,40,OPERATING,e3577b4a-f1d9-4ec5-aacf-b99977ea88c9
tokyo_disneyland,tdl_adventureland_western_river_railroad,2026-09-13T03:26:40.994Z,15,OPERATING,6ee0697f-57ba-4c7b-8216-7c55b21288d4
tokyo_disneyland,tdl_fantasyland_its_a_small_world,2026-09-13T03:29:57.046Z,10,OPERATING,0de1b543-46fd-4c3f-81c8-31d0cab9ef63
tokyo_disneyland,tdl_fantasyland_poohs_hunny_hunt,2026-09-13T03:30:13.266Z,50,OPERATING,a88464b5-2cf5-4ef1-b38f-96e07b233bf2
tokyo_disneyland,tdl_tomorrowland_baymax_happy_ride,2026-09-13T03:30:13.273Z,90,OPERATING,ca00a0e8-f069-4d0a-9d5e-10cb63010956
tokyo_disneyland,tdl_westernland_shooting_gallery,2026-09-13T03:26:41.002Z,20,OPERATING,4876ec54-92ed-4b0c-8b1b-292bba89c61c
tokyo_disneyland,tdl_new_fantasyland_enchanted_tale_of_beauty_and_the_beast,2026-09-13T03:30:13.280Z,90,OPERATING,e76670f0-9f5f-4918-8491-9bf51e73a596
tokyo_disneyland,tdl_fantasyland_castle_carrousel,2026-09-13T03:32:44.669Z,15,OPERATING,1fb05b7d-953a-4fa7-b7ed-db2eb62b85bf
tokyo_disneyland,tdl_critter_country_splash_mountain,2026-09-13T03:36:50.263Z,50,OPERATING,dfe25d8e-e234-4020-a261-30c6825d0680
tokyo_disneyland,tdl_westernland_big_thunder_mountain,2026-09-13T03:36:50.253Z,40,OPERATING,e3577b4a-f1d9-4ec5-aacf-b99977ea88c9
tokyo_disneyland,tdl_toontown_gadgets_go_coaster,2026-09-13T03:36:17.536Z,15,OPERATING,52c5e406-67e2-4d37-aee8-987644d87b63
tokyo_disneyland,tdl_tomorrowland_monsters_inc_ride_and_go_seek,2026-09-13T03:40:03.269Z,30,OPERATING,4ed6a812-df04-4aa8-acb9-c6b164dbb706
tokyo_disneyland,tdl_toontown_roger_rabbits_car_toon_spin,2026-09-13T03:36:17.529Z,20,OPERATING,73384e33-a86a-4601-996f-61dbffba6ec2
tokyo_disneyland,tdl_fantasyland_poohs_hunny_hunt,2026-09-13T03:36:50.270Z,50,OPERATING,a88464b5-2cf5-4ef1-b38f-96e07b233bf2
tokyo_disneyland,tdl_tomorrowland_baymax_happy_ride,2026-09-13T03:36:50.284Z,90,OPERATING,ca00a0e8-f069-4d0a-9d5e-10cb63010956
tokyo_disneyland,tdl_westernland_shooting_gallery,2026-09-13T03:38:55.493Z,25,OPERATING,4876ec54-92ed-4b0c-8b1b-292bba89c61c
tokyo_disneyland,tdl_new_fantasyland_enchanted_tale_of_beauty_and_the_beast,2026-09-13T03:36:50.290Z,80,OPERATING,e76670f0-9f5f-4918-8491-9bf51e73a596
tokyo_disneyland,tdl_critter_country_splash_mountain,2026-09-13T03:43:47.095Z,40,OPERATING,dfe25d8e-e234-4020-a261-30c6825d0680
tokyo_disneyland,tdl_westernland_big_thunder_mountain,2026-09-13T03:42:20.419Z,40,OPERATING,e3577b4a-f1d9-4ec5-aacf-b99977ea88c9
tokyo_disneyland,tdl_tomorrowland_monsters_inc_ride_and_go_seek,2026-09-13T03:42:21.005Z,30,OPERATING,4ed6a812-df04-4aa8-acb9-c6b164dbb706
tokyo_disneyland,tdl_fantasyland_poohs_hunny_hunt,2026-09-13T03:43:47.107Z,40,OPERATING,a88464b5-2cf5-4ef1-b38f-96e07b233bf2
tokyo_disneyland,tdl_tomorrowland_baymax_happy_ride,2026-09-13T03:42:21.082Z,90,OPERATING,ca00a0e8-f069-4d0a-9d5e-10cb63010956
tokyo_disneyland,tdl_new_fantasyland_enchanted_tale_of_beauty_and_the_beast,2026-09-13T03:42:21.108Z,80,OPERATING,e76670f0-9f5f-4918-8491-9bf51e73a596
tokyo_disneyland,tdl_fantasyland_peter_pans_flight,2026-09-13T03:49:33.244Z,30,OPERATING,e541ad8f-1457-469a-8f35-457555f475ad
tokyo_disneyland,tdl_fantasyland_castle_carrousel,2026-09-13T03:46:33.784Z,10,OPERATING,1fb05b7d-953a-4fa7-b7ed-db2eb62b85bf
tokyo_disneyland,tdl_critter_country_splash_mountain,2026-09-13T03:49:33.238Z,50,OPERATING,dfe25d8e-e234-4020-a261-30c6825d0680
tokyo_disneyland,tdl_westernland_big_thunder_mountain,2026-09-13T03:49:33.230Z,40,OPERATING,e3577b4a-f1d9-4ec5-aacf-b99977ea88c9
tokyo_disneyland,tdl_tomorrowland_monsters_inc_ride_and_go_seek,2026-09-13T03:49:33.258Z,25,OPERATING,4ed6a812-df04-4aa8-acb9-c6b164dbb706
tokyo_disneyland,tdl_toontown_goofys_paint_and_play_house,2026-09-13T03:46:33.791Z,5,OPERATING,74f17654-ceb1-4f12-9c19-ce6ed0587f33
tokyo_disneyland,tdl_fantasyland_its_a_small_world,2026-09-13T03:48:48.325Z,5,OPERATING,0de1b543-46fd-4c3f-81c8-31d0cab9ef63
tokyo_disneyland,tdl_fantasyland_poohs_hunny_hunt,2026-09-13T03:49:33.251Z,40,OPERATING,a88464b5-2cf5-4ef1-b38f-96e07b233bf2
tokyo_disneyland,tdl_tomorrowland_baymax_happy_ride,2026-09-13T03:49:33.264Z,90,OPERATING,ca00a0e8-f069-4d0a-9d5e-10cb63010956
tokyo_disneyland,tdl_westernland_shooting_gallery,2026-09-13T03:46:33.777Z,20,OPERATING,4876ec54-92ed-4b0c-8b1b-292bba89c61c
tokyo_disneyland,tdl_new_fantasyland_enchanted_tale_of_beauty_and_the_beast,2026-09-13T03:49:33.271Z,80,OPERATING,e76670f0-9f5f-4918-8491-9bf51e73a596
tokyo_disneyland,tdl_critter_country_splash_mountain,2026-09-13T03:54:38.023Z,40,OPERATING,dfe25d8e-e234-4020-a261-30c6825d0680
tokyo_disneyland,tdl_westernland_big_thunder_mountain,2026-09-13T03:54:38.012Z,40,OPERATING,e3577b4a-f1d9-4ec5-aacf-b99977ea88c9
tokyo_disneyland,tdl_tomorrowland_monsters_inc_ride_and_go_seek,2026-09-13T03:54:38.053Z,30,OPERATING,4ed6a812-df04-4aa8-acb9-c6b164dbb706
tokyo_disneyland,tdl_toontown_goofys_paint_and_play_house,2026-09-13T03:54:38.045Z,10,OPERATING,74f17654-ceb1-4f12-9c19-ce6ed0587f33
tokyo_disneyland,tdl_fantasyland_poohs_hunny_hunt,2026-09-13T03:54:38.036Z,40,OPERATING,a88464b5-2cf5-4ef1-b38f-96e07b233bf2
tokyo_disneyland,tdl_toontown_roger_rabbits_car_toon_spin,2026-09-13T03:52:40.507Z,25,OPERATING,73384e33-a86a-4601-996f-61dbffba6ec2
tokyo_disneyland,tdl_tomorrowland_baymax_happy_ride,2026-09-13T03:54:38.060Z,90,OPERATING,ca00a0e8-f069-4d0a-9d5e-10cb63010956
tokyo_disneyland,tdl_new_fantasyland_enchanted_tale_of_beauty_and_the_beast,2026-09-13T03:54:38.069Z,80,OPERATING,e76670f0-9f5f-4918-8491-9bf51e73a596
tokyo_disneyland,tdl_fantasyland_peter_pans_flight,2026-09-13T03:56:58.998Z,25,OPERATING,e541ad8f-1457-469a-8f35-457555f475ad
tokyo_disneyland,tdl_tomorrowland_monsters_inc_ride_and_go_seek,2026-09-13T03:59:03.536Z,40,OPERATING,4ed6a812-df04-4aa8-acb9-c6b164dbb706
tokyo_disneyland,tdl_toontown_goofys_paint_and_play_house,2026-09-13T03:59:03.526Z,15,OPERATING,74f17654-ceb1-4f12-9c19-ce6ed0587f33
tokyo_disneyland,tdl_adventureland_western_river_railroad,2026-09-13T03:56:58.986Z,20,OPERATING,6ee0697f-57ba-4c7b-8216-7c55b21288d4
tokyo_disneyland,tdl_critter_country_splash_mountain,2026-09-13T04:02:03.691Z,40,OPERATING,dfe25d8e-e234-4020-a261-30c6825d0680
tokyo_disneyland,tdl_westernland_big_thunder_mountain,2026-09-13T04:02:03.682Z,40,OPERATING,e3577b4a-f1d9-4ec5-aacf-b99977ea88c9
tokyo_disneyland,tdl_adventureland_western_river_railroad,2026-09-13T04:00:30.967Z,25,OPERATING,6ee0697f-57ba-4c7b-8216-7c55b21288d4
tokyo_disneyland,tdl_adventureland_pirates_of_the_caribbean,2026-09-13T04:03:06.388Z,15,OPERATING,52eb0fc9-5853-49c8-8c72-1e5e83aae1c1
tokyo_disneyland,tdl_fantasyland_alices_tea_party,2026-09-13T04:02:03.710Z,10,OPERATING,cfaa7d1c-111e-49b9-b21b-134eac4000e8
tokyo_disneyland,tdl_fantasyland_poohs_hunny_hunt,2026-09-13T04:02:03.720Z,40,OPERATING,a88464b5-2cf5-4ef1-b38f-96e07b233bf2
tokyo_disneyland,tdl_tomorrowland_baymax_happy_ride,2026-09-13T04:02:03.730Z,90,OPERATING,ca00a0e8-f069-4d0a-9d5e-10cb63010956
tokyo_disneyland,tdl_new_fantasyland_enchanted_tale_of_beauty_and_the_beast,2026-09-13T04:02:03.743Z,90,OPERATING,e76670f0-9f5f-4918-8491-9bf51e73a596
tokyo_disneyland,tdl_fantasyland_cinderella_fairy_tale_hall,2026-09-13T04:09:06.860Z,10,OPERATING,f82709b6-51a3-4b65-8d6f-c2472f5053df
tokyo_disneyland,tdl_critter_country_splash_mountain,2026-09-13T04:06:35.930Z,40,OPERATING,dfe25d8e-e234-4020-a261-30c6825d0680
tokyo_disneyland,tdl_westernland_big_thunder_mountain,2026-09-13T04:06:35.922Z,40,OPERATING,e3577b4a-f1d9-4ec5-aacf-b99977ea88c9
tokyo_disneyland,tdl_tomorrowland_monsters_inc_ride_and_go_seek,2026-09-13T04:06:35.953Z,40,OPERATING,4ed6a812-df04-4aa8-acb9-c6b164dbb706
tokyo_disneyland,tdl_toontown_goofys_paint_and_play_house,2026-09-13T04:06:35.946Z,10,OPERATING,74f17654-ceb1-4f12-9c19-ce6ed0587f33
tokyo_disneyland,tdl_adventureland_jungle_cruise,2026-09-13T04:09:06.810Z,30,OPERATING,e0887415-3da2-458c-8b88-0691e6b8ab63
tokyo_disneyland,tdl_fantasyland_its_a_small_world,2026-09-13T04:09:06.899Z,10,OPERATING,0de1b543-46fd-4c3f-81c8-31d0cab9ef63
tokyo_disneyland,tdl_fantasyland_poohs_hunny_hunt,2026-09-13T04:09:06.910Z,50,OPERATING,a88464b5-2cf5-4ef1-b38f-96e07b233bf2
tokyo_disneyland,tdl_tomorrowland_baymax_happy_ride,2026-09-13T04:06:35.961Z,90,OPERATING,ca00a0e8-f069-4d0a-9d5e-10cb63010956
tokyo_disneyland,tdl_fantasyland_pinocchios_daring_journey,2026-09-13T04:09:06.879Z,10,OPERATING,6922377e-0ff4-481f-9da3-35051938732a
tokyo_disneyland,tdl_new_fantasyland_enchanted_tale_of_beauty_and_the_beast,2026-09-13T04:06:35.968Z,90,OPERATING,e76670f0-9f5f-4918-8491-9bf51e73a596
tokyo_disneyland,tdl_world_bazaar_omnibus,2026-09-13T04:17:34.886Z,5,OPERATING,cf1e721e-ba51-4e48-a2bc-b07883091e88
tokyo_disneyland,tdl_fantasyland_castle_carrousel,2026-09-13T04:15:09.871Z,20,OPERATING,1fb05b7d-953a-4fa7-b7ed-db2eb62b85bf
tokyo_disneyland,tdl_tomorrowland_star_tours,2026-09-13T04:17:34.908Z,5,OPERATING,512fd34c-2f0a-4e0a-bcc1-ef4d15c5f803
tokyo_disneyland,tdl_critter_country_splash_mountain,2026-09-13T04:15:09.864Z,50,OPERATING,dfe25d8e-e234-4020-a261-30c6825d0680
tokyo_disneyland,tdl_westernland_big_thunder_mountain,2026-09-13T04:18:59.382Z,40,OPERATING,e3577b4a-f1d9-4ec5-aacf-b99977ea88c9
tokyo_disneyland,tdl_tomorrowland_monsters_inc_ride_and_go_seek,2026-09-13T04:18:59.404Z,40,OPERATING,4ed6a812-df04-4aa8-acb9-c6b164dbb706
tokyo_disneyland,tdl_adventureland_western_river_railroad,2026-09-13T04:14:43.845Z,20,OPERATING,6ee0697f-57ba-4c7b-8216-7c55b21288d4
tokyo_disneyland,tdl_fantasyland_poohs_hunny_hunt,2026-09-13T04:18:59.395Z,60,OPERATING,a88464b5-2cf5-4ef1-b38f-96e07b233bf2
tokyo_disneyland,tdl_tomorrowland_baymax_happy_ride,2026-09-13T04:15:09.878Z,100,OPERATING,ca00a0e8-f069-4d0a-9d5e-10cb63010956
tokyo_disneyland,tdl_westernland_shooting_gallery,2026-09-13T04:17:34.893Z,5,OPERATING,4876ec54-92ed-4b0c-8b1b-292bba89c61c
tokyo_disneyland,tdl_new_fantasyland_enchanted_tale_of_beauty_and_the_beast,2026-09-13T04:18:59.411Z,100,OPERATING,e76670f0-9f5f-4918-8491-9bf51e73a596
tokyo_disneyland,tdl_fantasyland_peter_pans_flight,2026-09-13T04:23:43.459Z,30,OPERATING,e541ad8f-1457-469a-8f35-457555f475ad
tokyo_disneyland,tdl_tomorrowland_monsters_inc_ride_and_go_seek,2026-09-13T04:23:43.467Z,50,OPERATING,4ed6a812-df04-4aa8-acb9-c6b164dbb706
tokyo_disneyland,tdl_fantasyland_alices_tea_party,2026-09-13T04:21:14.797Z,5,OPERATING,cfaa7d1c-111e-49b9-b21b-134eac4000e8
tokyo_disneyland,tdl_westernland_shooting_gallery,2026-09-13T04:20:37.519Z,20,OPERATING,4876ec54-92ed-4b0c-8b1b-292bba89c61c
tokyo_disneyland,tdl_fantasyland_castle_carrousel,2026-09-13T04:27:39.259Z,15,OPERATING,1fb05b7d-953a-4fa7-b7ed-db2eb62b85bf
tokyo_disneyland,tdl_critter_country_splash_mountain,2026-09-13T04:26:51.744Z,50,OPERATING,dfe25d8e-e234-4020-a261-30c6825d0680
tokyo_disneyland,tdl_westernland_big_thunder_mountain,2026-09-13T04:26:51.737Z,40,OPERATING,e3577b4a-f1d9-4ec5-aacf-b99977ea88c9
tokyo_disneyland,tdl_toontown_gadgets_go_coaster,2026-09-13T04:27:39.268Z,20,OPERATING,52c5e406-67e2-4d37-aee8-987644d87b63
tokyo_disneyland,tdl_adventureland_western_river_railroad,2026-09-13T04:26:51.728Z,25,OPERATING,6ee0697f-57ba-4c7b-8216-7c55b21288d4
tokyo_disneyland,tdl_fantasyland_poohs_hunny_hunt,2026-09-13T04:26:51.751Z,60,OPERATING,a88464b5-2cf5-4ef1-b38f-96e07b233bf2
tokyo_disneyland,tdl_tomorrowland_baymax_happy_ride,2026-09-13T04:26:51.758Z,100,OPERATING,ca00a0e8-f069-4d0a-9d5e-10cb63010956
tokyo_disneyland,tdl_new_fantasyland_enchanted_tale_of_beauty_and_the_beast,2026-09-13T04:26:51.765Z,100,OPERATING,e76670f0-9f5f-4918-8491-9bf51e73a596
tokyo_disneyland,tdl_fantasyland_cinderella_fairy_tale_hall,2026-09-13T04:33:38.873Z,5,OPERATING,f82709b6-51a3-4b65-8d6f-c2472f5053df
tokyo_disneyland,tdl_critter_country_splash_mountain,2026-09-13T04:31:10.647Z,60,OPERATING,dfe25d8e-e234-4020-a261-30c6825d0680
tokyo_disneyland,tdl_westernland_big_thunder_mountain,2026-09-13T04:31:10.640Z,40,OPERATING,e3577b4a-f1d9-4ec5-aacf-b99977ea88c9
tokyo_disneyland,tdl_tomorrowland_monsters_inc_ride_and_go_seek,2026-09-13T04:33:38.881Z,40,OPERATING,4ed6a812-df04-4aa8-acb9-c6b164dbb706
tokyo_disneyland,tdl_toontown_goofys_paint_and_play_house,2026-09-13T04:30:13.619Z,5,OPERATING,74f17654-ceb1-4f12-9c19-ce6ed0587f33
tokyo_disneyland,tdl_fantasyland_alices_tea_party,2026-09-13T04:30:13.611Z,10,OPERATING,cfaa7d1c-111e-49b9-b21b-134eac4000e8
tokyo_disneyland,tdl_fantasyland_poohs_hunny_hunt,2026-09-13T04:31:10.655Z,60,OPERATING,a88464b5-2cf5-4ef1-b38f-96e07b233bf2
tokyo_disneyland,tdl_tomorrowland_baymax_happy_ride,2026-09-13T04:31:10.670Z,100,OPERATING,ca00a0e8-f069-4d0a-9d5e-10cb63010956
tokyo_disneyland,tdl_new_fantasyland_enchanted_tale_of_beauty_and_the_beast,2026-09-13T04:31:10.679Z,100,OPERATING,e76670f0-9f5f-4918-8491-9bf51e73a596
tokyo_disneyland,tdl_fantasyland_cinderella_fairy_tale_hall,2026-09-13T04:39:14.649Z,10,OPERATING,f82709b6-51a3-4b65-8d6f-c2472f5053df
tokyo_disneyland,tdl_fantasyland_castle_carrousel,2026-09-13T04:39:14.665Z,20,OPERATING,1fb05b7d-953a-4fa7-b7ed-db2eb62b85bf
tokyo_disneyland,tdl_critter_country_splash_mountain,2026-09-13T04:39:14.642Z,60,OPERATING,dfe25d8e-e234-4020-a261-30c6825d0680
tokyo_disneyland,tdl_fantasyland_mickeys_philharmagic,2026-09-13T04:39:14.658Z,10,OPERATING,392ca2e8-afe0-4103-b296-c45bd373d036
tokyo_disneyland,tdl_westernland_big_thunder_mountain,2026-09-13T04:39:14.634Z,40,OPERATING,e3577b4a-f1d9-4ec5-aacf-b99977ea88c9
tokyo_disneyland,tdl_tomorrowland_monsters_inc_ride_and_go_seek,2026-09-13T04:39:14.680Z,40,OPERATING,4ed6a812-df04-4aa8-acb9-c6b164dbb706
tokyo_disneyland,tdl_fantasyland_poohs_hunny_hunt,2026-09-13T04:39:14.672Z,60,OPERATING,a88464b5-2cf5-4ef1-b38f-96e07b233bf2
tokyo_disneyland,tdl_tomorrowland_baymax_happy_ride,2026-09-13T04:39:14.687Z,100,OPERATING,ca00a0e8-f069-4d0a-9d5e-10cb63010956
tokyo_disneyland,tdl_new_fantasyland_enchanted_tale_of_beauty_and_the_beast,2026-09-13T04:39:14.695Z,100,OPERATING,e76670f0-9f5f-4918-8491-9bf51e73a596
tokyo_disneyland,tdl_fantasyland_castle_carrousel,2026-09-13T04:42:40.674Z,15,OPERATING,1fb05b7d-953a-4fa7-b7ed-db2eb62b85bf
tokyo_disneyland,tdl_critter_country_splash_mountain,2026-09-13T04:43:13.405Z,60,OPERATING,dfe25d8e-e234-4020-a261-30c6825d0680
tokyo_disneyland,tdl_westernland_big_thunder_mountain,2026-09-13T04:43:13.397Z,40,OPERATING,e3577b4a-f1d9-4ec5-aacf-b99977ea88c9
tokyo_disneyland,tdl_tomorrowland_monsters_inc_ride_and_go_seek,2026-09-13T04:43:13.420Z,40,OPERATING,4ed6a812-df04-4aa8-acb9-c6b164dbb706
tokyo_disneyland,tdl_fantasyland_poohs_hunny_hunt,2026-09-13T04:43:13.413Z,60,OPERATING,a88464b5-2cf5-4ef1-b38f-96e07b233bf2
tokyo_disneyland,tdl_tomorrowland_baymax_happy_ride,2026-09-13T04:43:13.427Z,100,OPERATING,ca00a0e8-f069-4d0a-9d5e-10cb63010956
tokyo_disneyland,tdl_new_fantasyland_enchanted_tale_of_beauty_and_the_beast,2026-09-13T04:43:13.434Z,100,OPERATING,e76670f0-9f5f-4918-8491-9bf51e73a596
tokyo_disneyland,tdl_fantasyland_peter_pans_flight,2026-09-13T04:45:27.172Z,25,OPERATING,e541ad8f-1457-469a-8f35-457555f475ad
tokyo_disneyland,tdl_fantasyland_cinderella_fairy_tale_hall,2026-09-13T04:45:27.182Z,5,OPERATING,f82709b6-51a3-4b65-8d6f-c2472f5053df
tokyo_disneyland,tdl_fantasyland_mickeys_philharmagic,2026-09-13T04:45:27.189Z,5,OPERATING,392ca2e8-afe0-4103-b296-c45bd373d036
tokyo_disneyland,tdl_tomorrowland_monsters_inc_ride_and_go_seek,2026-09-13T04:45:51.781Z,60,OPERATING,4ed6a812-df04-4aa8-acb9-c6b164dbb706
tokyo_disneyland,tdl_toontown_goofys_paint_and_play_house,2026-09-13T04:45:27.196Z,15,OPERATING,74f17654-ceb1-4f12-9c19-ce6ed0587f33
tokyo_disneyland,tdl_critter_country_splash_mountain,2026-09-13T04:51:40.681Z,60,OPERATING,dfe25d8e-e234-4020-a261-30c6825d0680
tokyo_disneyland,tdl_westernland_big_thunder_mountain,2026-09-13T04:51:40.674Z,40,OPERATING,e3577b4a-f1d9-4ec5-aacf-b99977ea88c9
tokyo_disneyland,tdl_tomorrowland_monsters_inc_ride_and_go_seek,2026-09-13T04:51:40.704Z,60,OPERATING,4ed6a812-df04-4aa8-acb9-c6b164dbb706
tokyo_disneyland,tdl_toontown_goofys_paint_and_play_house,2026-09-13T04:51:40.696Z,10,OPERATING,74f17654-ceb1-4f12-9c19-ce6ed0587f33
tokyo_disneyland,tdl_fantasyland_poohs_hunny_hunt,2026-09-13T04:51:40.689Z,60,OPERATING,a88464b5-2cf5-4ef1-b38f-96e07b233bf2
tokyo_disneyland,tdl_tomorrowland_baymax_happy_ride,2026-09-13T04:51:40.714Z,100,OPERATING,ca00a0e8-f069-4d0a-9d5e-10cb63010956
tokyo_disneyland,tdl_new_fantasyland_enchanted_tale_of_beauty_and_the_beast,2026-09-13T04:51:40.721Z,100,OPERATING,e76670f0-9f5f-4918-8491-9bf51e73a596
tokyo_disneyland,tdl_fantasyland_peter_pans_flight,2026-09-13T04:57:48.394Z,30,OPERATING,e541ad8f-1457-469a-8f35-457555f475ad
tokyo_disneyland,tdl_critter_country_splash_mountain,2026-09-13T04:55:16.844Z,50,OPERATING,dfe25d8e-e234-4020-a261-30c6825d0680
tokyo_disneyland,tdl_westernland_big_thunder_mountain,2026-09-13T04:55:16.807Z,40,OPERATING,e3577b4a-f1d9-4ec5-aacf-b99977ea88c9
tokyo_disneyland,tdl_tomorrowland_monsters_inc_ride_and_go_seek,2026-09-13T04:55:16.865Z,60,OPERATING,4ed6a812-df04-4aa8-acb9-c6b164dbb706
tokyo_disneyland,tdl_toontown_goofys_paint_and_play_house,2026-09-13T04:57:48.405Z,5,OPERATING,74f17654-ceb1-4f12-9c19-ce6ed0587f33
tokyo_disneyland,tdl_fantasyland_poohs_hunny_hunt,2026-09-13T04:55:16.855Z,70,OPERATING,a88464b5-2cf5-4ef1-b38f-96e07b233bf2
tokyo_disneyland,tdl_tomorrowland_baymax_happy_ride,2026-09-13T04:55:16.871Z,90,OPERATING,ca00a0e8-f069-4d0a-9d5e-10cb63010956
tokyo_disneyland,tdl_new_fantasyland_enchanted_tale_of_beauty_and_the_beast,2026-09-13T04:58:15.611Z,120,OPERATING,e76670f0-9f5f-4918-8491-9bf51e73a596
tokyo_disneyland,tdl_fantasyland_peter_pans_flight,2026-09-13T05:03:50.613Z,25,OPERATING,e541ad8f-1457-469a-8f35-457555f475ad
tokyo_disneyland,tdl_critter_country_splash_mountain,2026-09-13T05:04:17.312Z,50,OPERATING,dfe25d8e-e234-4020-a261-30c6825d0680
tokyo_disneyland,tdl_westernland_big_thunder_mountain,2026-09-13T05:04:17.303Z,40,OPERATING,e3577b4a-f1d9-4ec5-aacf-b99977ea88c9
tokyo_disneyland,tdl_tomorrowland_monsters_inc_ride_and_go_seek,2026-09-13T05:04:17.328Z,60,OPERATING,4ed6a812-df04-4aa8-acb9-c6b164dbb706
tokyo_disneyland,tdl_toontown_goofys_paint_and_play_house,2026-09-13T05:03:50.627Z,10,OPERATING,74f17654-ceb1-4f12-9c19-ce6ed0587f33
tokyo_disneyland,tdl_adventureland_pirates_of_the_caribbean,2026-09-13T05:03:50.597Z,10,OPERATING,52eb0fc9-5853-49c8-8c72-1e5e83aae1c1
tokyo_disneyland,tdl_adventureland_jungle_cruise,2026-09-13T05:03:50.606Z,40,OPERATING,e0887415-3da2-458c-8b88-0691e6b8ab63
tokyo_disneyland,tdl_toontown_roger_rabbits_car_toon_spin,2026-09-13T05:03:50.620Z,30,OPERATING,73384e33-a86a-4601-996f-61dbffba6ec2
tokyo_disneyland,tdl_fantasyland_poohs_hunny_hunt,2026-09-13T05:04:17.320Z,70,OPERATING,a88464b5-2cf5-4ef1-b38f-96e07b233bf2
tokyo_disneyland,tdl_tomorrowland_baymax_happy_ride,2026-09-13T05:04:17.336Z,90,OPERATING,ca00a0e8-f069-4d0a-9d5e-10cb63010956
tokyo_disneyland,tdl_fantasyland_cinderella_fairy_tale_hall,2026-09-13T05:09:53.340Z,10,OPERATING,f82709b6-51a3-4b65-8d6f-c2472f5053df
tokyo_disneyland,tdl_critter_country_splash_mountain,2026-09-13T05:09:53.331Z,40,OPERATING,dfe25d8e-e234-4020-a261-30c6825d0680
tokyo_disneyland,tdl_westernland_big_thunder_mountain,2026-09-13T05:07:38.887Z,40,OPERATING,e3577b4a-f1d9-4ec5-aacf-b99977ea88c9
tokyo_disneyland,tdl_tomorrowland_monsters_inc_ride_and_go_seek,2026-09-13T05:07:38.909Z,60,OPERATING,4ed6a812-df04-4aa8-acb9-c6b164dbb706
tokyo_disneyland,tdl_toontown_goofys_paint_and_play_house,2026-09-13T05:09:53.363Z,15,OPERATING,74f17654-ceb1-4f12-9c19-ce6ed0587f33
tokyo_disneyland,tdl_adventureland_jungle_cruise,2026-09-13T05:07:16.760Z,30,OPERATING,e0887415-3da2-458c-8b88-0691e6b8ab63
tokyo_disneyland,tdl_fantasyland_its_a_small_world,2026-09-13T05:09:53.348Z,15,OPERATING,0de1b543-46fd-4c3f-81c8-31d0cab9ef63
tokyo_disneyland,tdl_fantasyland_poohs_hunny_hunt,2026-09-13T05:09:53.356Z,60,OPERATING,a88464b5-2cf5-4ef1-b38f-96e07b233bf2
tokyo_disneyland,tdl_tomorrowland_baymax_happy_ride,2026-09-13T05:07:38.914Z,90,OPERATING,ca00a0e8-f069-4d0a-9d5e-10cb63010956
tokyo_disneyland,tdl_new_fantasyland_enchanted_tale_of_beauty_and_the_beast,2026-09-13T05:07:38.920Z,120,OPERATING,e76670f0-9f5f-4918-8491-9bf51e73a596
tokyo_disneyland,tdl_fantasyland_castle_carrousel,2026-09-13T05:13:46.272Z,20,OPERATING,1fb05b7d-953a-4fa7-b7ed-db2eb62b85bf
tokyo_disneyland,tdl_critter_country_splash_mountain,2026-09-13T05:10:20.604Z,40,OPERATING,dfe25d8e-e234-4020-a261-30c6825d0680
tokyo_disneyland,tdl_tomorrowland_monsters_inc_ride_and_go_seek,2026-09-13T05:13:46.280Z,40,OPERATING,4ed6a812-df04-4aa8-acb9-c6b164dbb706
tokyo_disneyland,tdl_toontown_goofys_paint_and_play_house,2026-09-13T05:13:36.656Z,10,OPERATING,74f17654-ceb1-4f12-9c19-ce6ed0587f33
tokyo_disneyland,tdl_westernland_big_thunder_mountain,2026-09-13T05:16:30.296Z,40,OPERATING,e3577b4a-f1d9-4ec5-aacf-b99977ea88c9
tokyo_disneyland,tdl_tomorrowland_monsters_inc_ride_and_go_seek,2026-09-13T05:17:20.505Z,40,OPERATING,4ed6a812-df04-4aa8-acb9-c6b164dbb706
tokyo_disneyland,tdl_toontown_goofys_paint_and_play_house,2026-09-13T05:16:30.316Z,15,OPERATING,74f17654-ceb1-4f12-9c19-ce6ed0587f33
tokyo_disneyland,tdl_fantasyland_poohs_hunny_hunt,2026-09-13T05:19:36.716Z,50,OPERATING,a88464b5-2cf5-4ef1-b38f-96e07b233bf2
tokyo_disneyland,tdl_fantasyland_alices_tea_party,2026-09-13T05:19:36.704Z,5,OPERATING,cfaa7d1c-111e-49b9-b21b-134eac4000e8
tokyo_disneyland,tdl_tomorrowland_baymax_happy_ride,2026-09-13T05:19:36.723Z,80,OPERATING,ca00a0e8-f069-4d0a-9d5e-10cb63010956
tokyo_disneyland,tdl_fantasyland_pinocchios_daring_journey,2026-09-13T05:16:30.303Z,15,OPERATING,6922377e-0ff4-481f-9da3-35051938732a
tokyo_disneyland,tdl_westernland_shooting_gallery,2026-09-13T05:17:20.485Z,15,OPERATING,4876ec54-92ed-4b0c-8b1b-292bba89c61c
tokyo_disneyland,tdl_new_fantasyland_enchanted_tale_of_beauty_and_the_beast,2026-09-13T05:16:30.329Z,120,OPERATING,e76670f0-9f5f-4918-8491-9bf51e73a596
tokyo_disneyland,tdl_critter_country_splash_mountain,2026-09-13T05:20:55.060Z,40,OPERATING,dfe25d8e-e234-4020-a261-30c6825d0680
tokyo_disneyland,tdl_westernland_big_thunder_mountain,2026-09-13T05:20:55.026Z,40,OPERATING,e3577b4a-f1d9-4ec5-aacf-b99977ea88c9
tokyo_disneyland,tdl_fantasyland_poohs_hunny_hunt,2026-09-13T05:20:55.069Z,50,OPERATING,a88464b5-2cf5-4ef1-b38f-96e07b233bf2
tokyo_disneyland,tdl_fantasyland_alices_tea_party,2026-09-13T05:22:04.281Z,10,OPERATING,cfaa7d1c-111e-49b9-b21b-134eac4000e8
tokyo_disneyland,tdl_tomorrowland_baymax_happy_ride,2026-09-13T05:20:55.076Z,80,OPERATING,ca00a0e8-f069-4d0a-9d5e-10cb63010956
tokyo_disneyland,tdl_new_fantasyland_enchanted_tale_of_beauty_and_the_beast,2026-09-13T05:20:55.084Z,120,OPERATING,e76670f0-9f5f-4918-8491-9bf51e73a596
tokyo_disneyland,tdl_fantasyland_castle_carrousel,2026-09-13T05:29:15.312Z,15,OPERATING,1fb05b7d-953a-4fa7-b7ed-db2eb62b85bf
tokyo_disneyland,tdl_critter_country_splash_mountain,2026-09-13T05:28:37.036Z,50,OPERATING,dfe25d8e-e234-4020-a261-30c6825d0680
tokyo_disneyland,tdl_fantasyland_mickeys_philharmagic,2026-09-13T05:25:06.362Z,10,OPERATING,392ca2e8-afe0-4103-b296-c45bd373d036
tokyo_disneyland,tdl_westernland_big_thunder_mountain,2026-09-13T05:27:46.963Z,40,OPERATING,e3577b4a-f1d9-4ec5-aacf-b99977ea88c9
tokyo_disneyland,tdl_tomorrowland_monsters_inc_ride_and_go_seek,2026-09-13T05:27:47.002Z,40,OPERATING,4ed6a812-df04-4aa8-acb9-c6b164dbb706
tokyo_disneyland,tdl_toontown_goofys_paint_and_play_house,2026-09-13T05:25:06.370Z,10,OPERATING,74f17654-ceb1-4f12-9c19-ce6ed0587f33
tokyo_disneyland,tdl_adventureland_jungle_cruise,2026-09-13T05:25:06.344Z,40,OPERATING,e0887415-3da2-458c-8b88-0691e6b8ab63
tokyo_disneyland,tdl_fantasyland_poohs_hunny_hunt,2026-09-13T05:27:46.992Z,50,OPERATING,a88464b5-2cf5-4ef1-b38f-96e07b233bf2
tokyo_disneyland,tdl_tomorrowland_baymax_happy_ride,2026-09-13T05:27:47.012Z,80,OPERATING,ca00a0e8-f069-4d0a-9d5e-10cb63010956
tokyo_disneyland,tdl_westernland_shooting_gallery,2026-09-13T05:25:06.355Z,20,OPERATING,4876ec54-92ed-4b0c-8b1b-292bba89c61c
tokyo_disneyland,tdl_fantasyland_pinocchios_daring_journey,2026-09-13T05:27:46.983Z,20,OPERATING,6922377e-0ff4-481f-9da3-35051938732a
tokyo_disneyland,tdl_new_fantasyland_enchanted_tale_of_beauty_and_the_beast,2026-09-13T05:27:47.026Z,100,OPERATING,e76670f0-9f5f-4918-8491-9bf51e73a596
tokyo_disneyland,tdl_critter_country_splash_mountain,2026-09-13T05:32:19.094Z,60,OPERATING,dfe25d8e-e234-4020-a261-30c6825d0680
tokyo_disneyland,tdl_fantasyland_mickeys_philharmagic,2026-09-13T05:34:40.454Z,10,OPERATING,392ca2e8-afe0-4103-b296-c45bd373d036
tokyo_disneyland,tdl_westernland_big_thunder_mountain,2026-09-13T05:31:14.769Z,40,OPERATING,e3577b4a-f1d9-4ec5-aacf-b99977ea88c9
tokyo_disneyland,tdl_tomorrowland_monsters_inc_ride_and_go_seek,2026-09-13T05:31:14.802Z,40,OPERATING,4ed6a812-df04-4aa8-acb9-c6b164dbb706
tokyo_disneyland,tdl_adventureland_pirates_of_the_caribbean,2026-09-13T05:31:14.760Z,15,OPERATING,52eb0fc9-5853-49c8-8c72-1e5e83aae1c1
tokyo_disneyland,tdl_fantasyland_alices_tea_party,2026-09-13T05:31:14.788Z,5,OPERATING,cfaa7d1c-111e-49b9-b21b-134eac4000e8
tokyo_disneyland,tdl_fantasyland_poohs_hunny_hunt,2026-09-13T05:31:14.795Z,50,OPERATING,a88464b5-2cf5-4ef1-b38f-96e07b233bf2
tokyo_disneyland,tdl_tomorrowland_baymax_happy_ride,2026-09-13T05:31:14.809Z,80,OPERATING,ca00a0e8-f069-4d0a-9d5e-10cb63010956
tokyo_disneyland,tdl_new_fantasyland_enchanted_tale_of_beauty_and_the_beast,2026-09-13T05:31:14.814Z,100,OPERATING,e76670f0-9f5f-4918-8491-9bf51e73a596
tokyo_disneyland,tdl_westernland_big_thunder_mountain,2026-09-13T05:38:29.400Z,40,OPERATING,e3577b4a-f1d9-4ec5-aacf-b99977ea88c9
tokyo_disneyland,tdl_toontown_gadgets_go_coaster,2026-09-13T05:37:28.444Z,30,OPERATING,52c5e406-67e2-4d37-aee8-987644d87b63
tokyo_disneyland,tdl_tomorrowland_monsters_inc_ride_and_go_seek,2026-09-13T05:38:29.415Z,40,OPERATING,4ed6a812-df04-4aa8-acb9-c6b164dbb706
tokyo_disneyland,tdl_toontown_goofys_paint_and_play_house,2026-09-13T05:37:28.452Z,5,OPERATING,74f17654-ceb1-4f12-9c19-ce6ed0587f33
tokyo_disneyland,tdl_fantasyland_poohs_hunny_hunt,2026-09-13T05:38:29.408Z,40,OPERATING,a88464b5-2cf5-4ef1-b38f-96e07b233bf2
tokyo_disneyland,tdl_tomorrowland_baymax_happy_ride,2026-09-13T05:38:29.423Z,80,OPERATING,ca00a0e8-f069-4d0a-9d5e-10cb63010956
tokyo_disneyland,tdl_new_fantasyland_enchanted_tale_of_beauty_and_the_beast,2026-09-13T05:38:29.429Z,100,OPERATING,e76670f0-9f5f-4918-8491-9bf51e73a596
tokyo_disneyland,tdl_fantasyland_cinderella_fairy_tale_hall,2026-09-13T05:43:23.490Z,5,OPERATING,f82709b6-51a3-4b65-8d6f-c2472f5053df
tokyo_disneyland,tdl_fantasyland_castle_carrousel,2026-09-13T05:43:23.506Z,10,OPERATING,1fb05b7d-953a-4fa7-b7ed-db2eb62b85bf
tokyo_disneyland,tdl_critter_country_splash_mountain,2026-09-13T05:41:18.499Z,60,OPERATING,dfe25d8e-e234-4020-a261-30c6825d0680
tokyo_disneyland,tdl_westernland_big_thunder_mountain,2026-09-13T05:41:18.491Z,40,OPERATING,e3577b4a-f1d9-4ec5-aacf-b99977ea88c9
tokyo_disneyland,tdl_tomorrowland_monsters_inc_ride_and_go_seek,2026-09-13T05:41:18.513Z,40,OPERATING,4ed6a812-df04-4aa8-acb9-c6b164dbb706
tokyo_disneyland,tdl_adventureland_pirates_of_the_caribbean,2026-09-13T05:41:18.479Z,10,OPERATING,52eb0fc9-5853-49c8-8c72-1e5e83aae1c1
tokyo_disneyland,tdl_fantasyland_poohs_hunny_hunt,2026-09-13T05:41:18.507Z,40,OPERATING,a88464b5-2cf5-4ef1-b38f-96e07b233bf2
tokyo_disneyland,tdl_tomorrowland_baymax_happy_ride,2026-09-13T05:41:18.520Z,80,OPERATING,ca00a0e8-f069-4d0a-9d5e-10cb63010956
tokyo_disneyland,tdl_new_fantasyland_enchanted_tale_of_beauty_and_the_beast,2026-09-13T05:41:18.527Z,100,OPERATING,e76670f0-9f5f-4918-8491-9bf51e73a596
tokyo_disneyland,tdl_fantasyland_cinderella_fairy_tale_hall,2026-09-13T05:47:49.523Z,10,OPERATING,f82709b6-51a3-4b65-8d6f-c2472f5053df
tokyo_disneyland,tdl_fantasyland_castle_carrousel,2026-09-13T05:47:49.533Z,15,OPERATING,1fb05b7d-953a-4fa7-b7ed-db2eb62b85bf
tokyo_disneyland,tdl_critter_country_splash_mountain,2026-09-13T05:49:24.454Z,50,OPERATING,dfe25d8e-e234-4020-a261-30c6825d0680
tokyo_disneyland,tdl_toontown_goofys_paint_and_play_house,2026-09-13T05:47:49.554Z,15,OPERATING,74f17654-ceb1-4f12-9c19-ce6ed0587f33
tokyo_disneyland,tdl_toontown_roger_rabbits_car_toon_spin,2026-09-13T05:47:49.542Z,25,OPERATING,73384e33-a86a-4601-996f-61dbffba6ec2
tokyo_disneyland,tdl_critter_country_splash_mountain,2026-09-13T05:52:26.901Z,50,OPERATING,dfe25d8e-e234-4020-a261-30c6825d0680
tokyo_disneyland,tdl_westernland_big_thunder_mountain,2026-09-13T05:52:26.888Z,40,OPERATING,e3577b4a-f1d9-4ec5-aacf-b99977ea88c9
tokyo_disneyland,tdl_tomorrowland_monsters_inc_ride_and_go_seek,2026-09-13T05:52:26.954Z,40,OPERATING,4ed6a812-df04-4aa8-acb9-c6b164dbb706
tokyo_disneyland,tdl_toontown_goofys_paint_and_play_house,2026-09-13T05:52:26.945Z,10,OPERATING,74f17654-ceb1-4f12-9c19-ce6ed0587f33
tokyo_disneyland,tdl_adventureland_western_river_railroad,2026-09-13T05:54:07.235Z,20,OPERATING,6ee0697f-57ba-4c7b-8216-7c55b21288d4
tokyo_disneyland,tdl_adventureland_jungle_cruise,2026-09-13T05:52:26.878Z,25,OPERATING,e0887415-3da2-458c-8b88-0691e6b8ab63
tokyo_disneyland,tdl_adventureland_pirates_of_the_caribbean,2026-09-13T05:54:07.227Z,15,OPERATING,52eb0fc9-5853-49c8-8c72-1e5e83aae1c1
tokyo_disneyland,tdl_fantasyland_poohs_hunny_hunt,2026-09-13T05:52:26.932Z,40,OPERATING,a88464b5-2cf5-4ef1-b38f-96e07b233bf2
tokyo_disneyland,tdl_fantasyland_alices_tea_party,2026-09-13T05:52:26.915Z,10,OPERATING,cfaa7d1c-111e-49b9-b21b-134eac4000e8
tokyo_disneyland,tdl_tomorrowland_baymax_happy_ride,2026-09-13T05:52:26.972Z,80,OPERATING,ca00a0e8-f069-4d0a-9d5e-10cb63010956
tokyo_disneyland,tdl_fantasyland_pinocchios_daring_journey,2026-09-13T05:50:58.919Z,10,OPERATING,6922377e-0ff4-481f-9da3-35051938732a
tokyo_disneyland,tdl_new_fantasyland_enchanted_tale_of_beauty_and_the_beast,2026-09-13T05:54:07.242Z,90,OPERATING,e76670f0-9f5f-4918-8491-9bf51e73a596
tokyo_disneyland,tdl_adventureland_western_river_railroad,2026-09-13T05:57:24.219Z,15,OPERATING,6ee0697f-57ba-4c7b-8216-7c55b21288d4
tokyo_disneyland,tdl_fantasyland_its_a_small_world,2026-09-13T05:55:59.322Z,10,OPERATING,0de1b543-46fd-4c3f-81c8-31d0cab9ef63
tokyo_disneyland,tdl_fantasyland_alices_tea_party,2026-09-13T05:55:59.329Z,5,OPERATING,cfaa7d1c-111e-49b9-b21b-134eac4000e8
tokyo_disneyland,tdl_fantasyland_poohs_hunny_hunt,2026-09-13T05:58:29.627Z,50,OPERATING,a88464b5-2cf5-4ef1-b38f-96e07b233bf2
tokyo_disneyland,tdl_westernland_shooting_gallery,2026-09-13T05:55:59.312Z,25,OPERATING,4876ec54-92ed-4b0c-8b1b-292bba89c61c
tokyo_disneyland,tdl_critter_country_splash_mountain,2026-09-13T06:04:39.896Z,50,OPERATING,dfe25d8e-e234-4020-a261-30c6825d0680
tokyo_disneyland,tdl_westernland_big_thunder_mountain,2026-09-13T06:04:39.887Z,40,OPERATING,e3577b4a-f1d9-4ec5-aacf-b99977ea88c9
tokyo_disneyland,tdl_toontown_gadgets_go_coaster,2026-09-13T06:03:29.305Z,25,OPERATING,52c5e406-67e2-4d37-aee8-987644d87b63
tokyo_disneyland,tdl_tomorrowland_monsters_inc_ride_and_go_seek,2026-09-13T06:04:39.909Z,40,OPERATING,4ed6a812-df04-4aa8-acb9-c6b164dbb706
tokyo_disneyland,tdl_fantasyland_poohs_hunny_hunt,2026-09-13T06:04:39.902Z,50,OPERATING,a88464b5-2cf5-4ef1-b38f-96e07b233bf2
tokyo_disneyland,tdl_fantasyland_alices_tea_party,2026-09-13T06:02:10.221Z,10,OPERATING,cfaa7d1c-111e-49b9-b21b-134eac4000e8
tokyo_disneyland,tdl_tomorrowland_baymax_happy_ride,2026-09-13T06:04:39.917Z,80,OPERATING,ca00a0e8-f069-4d0a-9d5e-10cb63010956
tokyo_disneyland,tdl_new_fantasyland_enchanted_tale_of_beauty_and_the_beast,2026-09-13T06:04:39.924Z,90,OPERATING,e76670f0-9f5f-4918-8491-9bf51e73a596
tokyo_disneyland,tdl_toontown_gadgets_go_coaster,2026-09-13T06:06:14.500Z,20,OPERATING,52c5e406-67e2-4d37-aee8-987644d87b63
tokyo_disneyland,tdl_toontown_goofys_paint_and_play_house,2026-09-13T06:09:14.369Z,5,OPERATING,74f17654-ceb1-4f12-9c19-ce6ed0587f33
tokyo_disneyland,tdl_adventureland_western_river_railroad,2026-09-13T06:09:14.354Z,25,OPERATING,6ee0697f-57ba-4c7b-8216-7c55b21288d4
tokyo_disneyland,tdl_adventureland_jungle_cruise,2026-09-13T06:08:24.946Z,30,OPERATING,e0887415-3da2-458c-8b88-0691e6b8ab63
tokyo_disneyland,tdl_fantasyland_poohs_hunny_hunt,2026-09-13T06:09:14.362Z,40,OPERATING,a88464b5-2cf5-4ef1-b38f-96e07b233bf2
tokyo_disneyland,tdl_tomorrowland_baymax_happy_ride,2026-09-13T06:09:14.375Z,90,OPERATING,ca00a0e8-f069-4d0a-9d5e-10cb63010956
tokyo_disneyland,tdl_fantasyland_cinderella_fairy_tale_hall,2026-09-13T06:12:17.832Z,15,OPERATING,f82709b6-51a3-4b65-8d6f-c2472f5053df
tokyo_disneyland,tdl_toontown_gadgets_go_coaster,2026-09-13T06:14:50.445Z,15,OPERATING,52c5e406-67e2-4d37-aee8-987644d87b63
tokyo_disneyland,tdl_fantasyland_poohs_hunny_hunt,2026-09-13T06:14:50.439Z,40,OPERATING,a88464b5-2cf5-4ef1-b38f-96e07b233bf2
tokyo_disneyland,tdl_tomorrowland_baymax_happy_ride,2026-09-13T06:10:57.333Z,90,OPERATING,ca00a0e8-f069-4d0a-9d5e-10cb63010956
tokyo_disneyland,tdl_westernland_shooting_gallery,2026-09-13T06:14:50.432Z,15,OPERATING,4876ec54-92ed-4b0c-8b1b-292bba89c61c
tokyo_disneyland,tdl_critter_country_splash_mountain,2026-09-13T06:18:15.219Z,60,OPERATING,dfe25d8e-e234-4020-a261-30c6825d0680
tokyo_disneyland,tdl_westernland_big_thunder_mountain,2026-09-13T06:15:14.951Z,40,OPERATING,e3577b4a-f1d9-4ec5-aacf-b99977ea88c9
tokyo_disneyland,tdl_tomorrowland_monsters_inc_ride_and_go_seek,2026-09-13T06:15:14.972Z,40,OPERATING,4ed6a812-df04-4aa8-acb9-c6b164dbb706
tokyo_disneyland,tdl_adventureland_jungle_cruise,2026-09-13T06:18:02.504Z,40,OPERATING,e0887415-3da2-458c-8b88-0691e6b8ab63
tokyo_disneyland,tdl_fantasyland_poohs_hunny_hunt,2026-09-13T06:15:14.966Z,40,OPERATING,a88464b5-2cf5-4ef1-b38f-96e07b233bf2
tokyo_disneyland,tdl_tomorrowland_baymax_happy_ride,2026-09-13T06:15:14.978Z,90,OPERATING,ca00a0e8-f069-4d0a-9d5e-10cb63010956
tokyo_disneyland,tdl_new_fantasyland_enchanted_tale_of_beauty_and_the_beast,2026-09-13T06:15:14.984Z,90,OPERATING,e76670f0-9f5f-4918-8491-9bf51e73a596
tokyo_disneyland,tdl_world_bazaar_omnibus,2026-09-13T06:23:35.149Z,5,OPERATING,cf1e721e-ba51-4e48-a2bc-b07883091e88
tokyo_disneyland,tdl_fantasyland_cinderella_fairy_tale_hall,2026-09-13T06:23:35.164Z,10,OPERATING,f82709b6-51a3-4b65-8d6f-c2472f5053df
tokyo_disneyland,tdl_critter_country_splash_mountain,2026-09-13T06:21:51.665Z,70,OPERATING,dfe25d8e-e234-4020-a261-30c6825d0680
tokyo_disneyland,tdl_toontown_gadgets_go_coaster,2026-09-13T06:23:35.189Z,20,OPERATING,52c5e406-67e2-4d37-aee8-987644d87b63
tokyo_disneyland,tdl_tomorrowland_monsters_inc_ride_and_go_seek,2026-09-13T06:24:15.535Z,50,OPERATING,4ed6a812-df04-4aa8-acb9-c6b164dbb706
tokyo_disneyland,tdl_toontown_goofys_paint_and_play_house,2026-09-13T06:23:35.195Z,10,OPERATING,74f17654-ceb1-4f12-9c19-ce6ed0587f33
tokyo_disneyland,tdl_adventureland_pirates_of_the_caribbean,2026-09-13T06:21:15.464Z,20,OPERATING,52eb0fc9-5853-49c8-8c72-1e5e83aae1c1
tokyo_disneyland,tdl_fantasyland_alices_tea_party,2026-09-13T06:23:35.171Z,5,OPERATING,cfaa7d1c-111e-49b9-b21b-134eac4000e8
tokyo_disneyland,tdl_fantasyland_poohs_hunny_hunt,2026-09-13T06:24:15.529Z,50,OPERATING,a88464b5-2cf5-4ef1-b38f-96e07b233bf2
tokyo_disneyland,tdl_toontown_roger_rabbits_car_toon_spin,2026-09-13T06:23:35.183Z,30,OPERATING,73384e33-a86a-4601-996f-61dbffba6ec2
tokyo_disneyland,tdl_tomorrowland_baymax_happy_ride,2026-09-13T06:24:15.541Z,100,OPERATING,ca00a0e8-f069-4d0a-9d5e-10cb63010956
tokyo_disneyland,tdl_westernland_shooting_gallery,2026-09-13T06:23:35.158Z,20,OPERATING,4876ec54-92ed-4b0c-8b1b-292bba89c61c
tokyo_disneyland,tdl_new_fantasyland_enchanted_tale_of_beauty_and_the_beast,2026-09-13T06:24:15.546Z,100,OPERATING,e76670f0-9f5f-4918-8491-9bf51e73a596
tokyo_disneyland,tdl_tomorrowland_star_tours,2026-09-13T06:30:14.002Z,10,OPERATING,512fd34c-2f0a-4e0a-bcc1-ef4d15c5f803
tokyo_disneyland,tdl_critter_country_splash_mountain,2026-09-13T06:27:18.029Z,70,OPERATING,dfe25d8e-e234-4020-a261-30c6825d0680
tokyo_disneyland,tdl_fantasyland_mickeys_philharmagic,2026-09-13T06:30:13.854Z,10,OPERATING,392ca2e8-afe0-4103-b296-c45bd373d036
tokyo_disneyland,tdl_westernland_big_thunder_mountain,2026-09-13T06:27:18.022Z,40,OPERATING,e3577b4a-f1d9-4ec5-aacf-b99977ea88c9
tokyo_disneyland,tdl_toontown_gadgets_go_coaster,2026-09-13T06:26:42.440Z,25,OPERATING,52c5e406-67e2-4d37-aee8-987644d87b63
tokyo_disneyland,tdl_tomorrowland_monsters_inc_ride_and_go_seek,2026-09-13T06:27:18.040Z,50,OPERATING,4ed6a812-df04-4aa8-acb9-c6b164dbb706
tokyo_disneyland,tdl_toontown_goofys_paint_and_play_house,2026-09-13T06:30:13.995Z,5,OPERATING,74f17654-ceb1-4f12-9c19-ce6ed0587f33
tokyo_disneyland,tdl_adventureland_western_river_railroad,2026-09-13T06:27:18.015Z,30,OPERATING,6ee0697f-57ba-4c7b-8216-7c55b21288d4
tokyo_disneyland,tdl_fantasyland_its_a_small_world,2026-09-13T06:30:13.948Z,15,OPERATING,0de1b543-46fd-4c3f-81c8-31d0cab9ef63
tokyo_disneyland,tdl_fantasyland_poohs_hunny_hunt,2026-09-13T06:27:18.035Z,50,OPERATING,a88464b5-2cf5-4ef1-b38f-96e07b233bf2
tokyo_disneyland,tdl_fantasyland_alices_tea_party,2026-09-13T06:30:13.976Z,10,OPERATING,cfaa7d1c-111e-49b9-b21b-134eac4000e8
tokyo_disneyland,tdl_toontown_roger_rabbits_car_toon_spin,2026-09-13T06:30:13.987Z,35,OPERATING,73384e33-a86a-4601-996f-61dbffba6ec2
tokyo_disneyland,tdl_tomorrowland_baymax_happy_ride,2026-09-13T06:27:18.046Z,100,OPERATING,ca00a0e8-f069-4d0a-9d5e-10cb63010956
tokyo_disneyland,tdl_new_fantasyland_enchanted_tale_of_beauty_and_the_beast,2026-09-13T06:27:18.051Z,100,OPERATING,e76670f0-9f5f-4918-8491-9bf51e73a596
tokyo_disneyland,tdl_fantasyland_cinderella_fairy_tale_hall,2026-09-13T06:33:04.643Z,15,OPERATING,f82709b6-51a3-4b65-8d6f-c2472f5053df
tokyo_disneyland,tdl_westernland_big_thunder_mountain,2026-09-13T06:33:37.993Z,50,OPERATING,e3577b4a-f1d9-4ec5-aacf-b99977ea88c9
tokyo_disneyland,tdl_fantasyland_its_a_small_world,2026-09-13T06:33:04.650Z,20,OPERATING,0de1b543-46fd-4c3f-81c8-31d0cab9ef63
tokyo_disneyland,tdl_fantasyland_cinderella_fairy_tale_hall,2026-09-13T06:38:37.121Z,10,OPERATING,f82709b6-51a3-4b65-8d6f-c2472f5053df
tokyo_disneyland,tdl_critter_country_splash_mountain,2026-09-13T06:39:26.150Z,70,OPERATING,dfe25d8e-e234-4020-a261-30c6825d0680
tokyo_disneyland,tdl_westernland_big_thunder_mountain,2026-09-13T06:39:26.143Z,50,OPERATING,e3577b4a-f1d9-4ec5-aacf-b99977ea88c9
tokyo_disneyland,tdl_toontown_gadgets_go_coaster,2026-09-13T06:38:37.147Z,30,OPERATING,52c5e406-67e2-4d37-aee8-987644d87b63
tokyo_disneyland,tdl_tomorrowland_monsters_inc_ride_and_go_seek,2026-09-13T06:39:26.168Z,60,OPERATING,4ed6a812-df04-4aa8-acb9-c6b164dbb706
tokyo_disneyland,tdl_toontown_goofys_paint_and_play_house,2026-09-13T06:39:26.162Z,15,OPERATING,74f17654-ceb1-4f12-9c19-ce6ed0587f33
tokyo_disneyland,tdl_adventureland_western_river_railroad,2026-09-13T06:38:37.100Z,25,OPERATING,6ee0697f-57ba-4c7b-8216-7c55b21288d4
tokyo_disneyland,tdl_fantasyland_its_a_small_world,2026-09-13T06:38:37.128Z,15,OPERATING,0de1b543-46fd-4c3f-81c8-31d0cab9ef63
tokyo_disneyland,tdl_adventureland_jungle_cruise,2026-09-13T06:39:26.133Z,30,OPERATING,e0887415-3da2-458c-8b88-0691e6b8ab63
tokyo_disneyland,tdl_fantasyland_poohs_hunny_hunt,2026-09-13T06:39:26.156Z,60,OPERATING,a88464b5-2cf5-4ef1-b38f-96e07b233bf2
tokyo_disneyland,tdl_toontown_roger_rabbits_car_toon_spin,2026-09-13T06:38:37.141Z,30,OPERATING,73384e33-a86a-4601-996f-61dbffba6ec2
tokyo_disneyland,tdl_tomorrowland_baymax_happy_ride,2026-09-13T06:39:26.174Z,100,OPERATING,ca00a0e8-f069-4d0a-9d5e-10cb63010956
tokyo_disneyland,tdl_new_fantasyland_enchanted_tale_of_beauty_and_the_beast,2026-09-13T06:39:26.180Z,100,OPERATING,e76670f0-9f5f-4918-8491-9bf51e73a596
tokyo_disneyland,tdl_critter_country_splash_mountain,2026-09-13T06:49:26.377Z,70,OPERATING,dfe25d8e-e234-4020-a261-30c6825d0680
tokyo_disneyland,tdl_westernland_big_thunder_mountain,2026-09-13T06:49:26.367Z,50,OPERATING,e3577b4a-f1d9-4ec5-aacf-b99977ea88c9
tokyo_disneyland,tdl_tomorrowland_monsters_inc_ride_and_go_seek,2026-09-13T06:49:26.393Z,60,OPERATING,4ed6a812-df04-4aa8-acb9-c6b164dbb706
tokyo_disneyland,tdl_fantasyland_poohs_hunny_hunt,2026-09-13T06:49:26.385Z,60,OPERATING,a88464b5-2cf5-4ef1-b38f-96e07b233bf2
tokyo_disneyland,tdl_tomorrowland_baymax_happy_ride,2026-09-13T06:49:26.404Z,100,OPERATING,ca00a0e8-f069-4d0a-9d5e-10cb63010956
tokyo_disneyland,tdl_new_fantasyland_enchanted_tale_of_beauty_and_the_beast,2026-09-13T06:49:26.411Z,90,OPERATING,e76670f0-9f5f-4918-8491-9bf51e73a596
tokyo_disneyland,tdl_critter_country_splash_mountain,2026-09-13T06:51:29.885Z,70,OPERATING,dfe25d8e-e234-4020-a261-30c6825d0680
tokyo_disneyland,tdl_westernland_big_thunder_mountain,2026-09-13T06:51:29.875Z,50,OPERATING,e3577b4a-f1d9-4ec5-aacf-b99977ea88c9
tokyo_disneyland,tdl_tomorrowland_monsters_inc_ride_and_go_seek,2026-09-13T06:51:29.902Z,60,OPERATING,4ed6a812-df04-4aa8-acb9-c6b164dbb706
tokyo_disneyland,tdl_toontown_goofys_paint_and_play_house,2026-09-13T06:54:30.220Z,10,OPERATING,74f17654-ceb1-4f12-9c19-ce6ed0587f33
tokyo_disneyland,tdl_fantasyland_poohs_hunny_hunt,2026-09-13T06:51:29.895Z,60,OPERATING,a88464b5-2cf5-4ef1-b38f-96e07b233bf2
tokyo_disneyland,tdl_tomorrowland_baymax_happy_ride,2026-09-13T06:51:29.911Z,100,OPERATING,ca00a0e8-f069-4d0a-9d5e-10cb63010956
tokyo_disneyland,tdl_new_fantasyland_enchanted_tale_of_beauty_and_the_beast,2026-09-13T06:51:29.927Z,90,OPERATING,e76670f0-9f5f-4918-8491-9bf51e73a596
tokyo_disneyland,tdl_critter_country_splash_mountain,2026-09-13T06:57:37.252Z,60,OPERATING,dfe25d8e-e234-4020-a261-30c6825d0680
tokyo_disneyland,tdl_adventureland_pirates_of_the_caribbean,2026-09-13T07:00:30.591Z,20,OPERATING,52eb0fc9-5853-49c8-8c72-1e5e83aae1c1
tokyo_disneyland,tdl_fantasyland_poohs_hunny_hunt,2026-09-13T06:57:37.258Z,50,OPERATING,a88464b5-2cf5-4ef1-b38f-96e07b233bf2
tokyo_disneyland,tdl_fantasyland_pinocchios_daring_journey,2026-09-13T07:00:30.605Z,15,OPERATING,6922377e-0ff4-481f-9da3-35051938732a
tokyo_disneyland,tdl_critter_country_splash_mountain,2026-09-13T07:03:30.999Z,60,OPERATING,dfe25d8e-e234-4020-a261-30c6825d0680
tokyo_disneyland,tdl_fantasyland_mickeys_philharmagic,2026-09-13T07:03:31.007Z,15,OPERATING,392ca2e8-afe0-4103-b296-c45bd373d036
tokyo_disneyland,tdl_westernland_big_thunder_mountain,2026-09-13T07:04:00.340Z,40,OPERATING,e3577b4a-f1d9-4ec5-aacf-b99977ea88c9
tokyo_disneyland,tdl_toontown_gadgets_go_coaster,2026-09-13T07:03:31.022Z,25,OPERATING,52c5e406-67e2-4d37-aee8-987644d87b63
tokyo_disneyland,tdl_tomorrowland_monsters_inc_ride_and_go_seek,2026-09-13T07:03:31.028Z,60,OPERATING,4ed6a812-df04-4aa8-acb9-c6b164dbb706
tokyo_disneyland,tdl_fantasyland_poohs_hunny_hunt,2026-09-13T07:03:31.015Z,50,OPERATING,a88464b5-2cf5-4ef1-b38f-96e07b233bf2
tokyo_disneyland,tdl_tomorrowland_baymax_happy_ride,2026-09-13T07:04:00.366Z,90,OPERATING,ca00a0e8-f069-4d0a-9d5e-10cb63010956
tokyo_disneyland,tdl_new_fantasyland_enchanted_tale_of_beauty_and_the_beast,2026-09-13T07:03:31.042Z,90,OPERATING,e76670f0-9f5f-4918-8491-9bf51e73a596
tokyo_disneyland,tdl_fantasyland_peter_pans_flight,2026-09-13T07:07:53.365Z,5,OPERATING,e541ad8f-1457-469a-8f35-457555f475ad
tokyo_disneyland,tdl_fantasyland_cinderella_fairy_tale_hall,2026-09-13T07:09:31.342Z,15,OPERATING,f82709b6-51a3-4b65-8d6f-c2472f5053df
tokyo_disneyland,tdl_tomorrowland_star_tours,2026-09-13T07:07:53.372Z,15,OPERATING,512fd34c-2f0a-4e0a-bcc1-ef4d15c5f803
tokyo_disneyland,tdl_critter_country_splash_mountain,2026-09-13T07:07:53.357Z,50,OPERATING,dfe25d8e-e234-4020-a261-30c6825d0680
tokyo_disneyland,tdl_toontown_goofys_paint_and_play_house,2026-09-13T07:06:31.278Z,5,OPERATING,74f17654-ceb1-4f12-9c19-ce6ed0587f33
tokyo_disneyland,tdl_adventureland_jungle_cruise,2026-09-13T07:06:31.262Z,40,OPERATING,e0887415-3da2-458c-8b88-0691e6b8ab63
tokyo_disneyland,tdl_fantasyland_peter_pans_flight,2026-09-13T07:14:25.270Z,20,OPERATING,e541ad8f-1457-469a-8f35-457555f475ad
tokyo_disneyland,tdl_critter_country_splash_mountain,2026-09-13T07:14:25.264Z,40,OPERATING,dfe25d8e-e234-4020-a261-30c6825d0680
tokyo_disneyland,tdl_fantasyland_mickeys_philharmagic,2026-09-13T07:12:31.904Z,10,OPERATING,392ca2e8-afe0-4103-b296-c45bd373d036
tokyo_disneyland,tdl_westernland_big_thunder_mountain,2026-09-13T07:14:25.258Z,30,OPERATING,e3577b4a-f1d9-4ec5-aacf-b99977ea88c9
tokyo_disneyland,tdl_tomorrowland_monsters_inc_ride_and_go_seek,2026-09-13T07:14:25.281Z,60,OPERATING,4ed6a812-df04-4aa8-acb9-c6b164dbb706
tokyo_disneyland,tdl_toontown_goofys_paint_and_play_house,2026-09-13T07:12:31.911Z,10,OPERATING,74f17654-ceb1-4f12-9c19-ce6ed0587f33
tokyo_disneyland,tdl_adventureland_pirates_of_the_caribbean,2026-09-13T07:12:31.875Z,5,OPERATING,52eb0fc9-5853-49c8-8c72-1e5e83aae1c1
tokyo_disneyland,tdl_fantasyland_poohs_hunny_hunt,2026-09-13T07:14:25.275Z,50,OPERATING,a88464b5-2cf5-4ef1-b38f-96e07b233bf2
tokyo_disneyland,tdl_westernland_shooting_gallery,2026-09-13T07:14:25.251Z,15,OPERATING,4876ec54-92ed-4b0c-8b1b-292bba89c61c
tokyo_disneyland,tdl_new_fantasyland_enchanted_tale_of_beauty_and_the_beast,2026-09-13T07:14:25.287Z,80,OPERATING,e76670f0-9f5f-4918-8491-9bf51e73a596
tokyo_disneyland,tdl_fantasyland_peter_pans_flight,2026-09-13T07:18:32.076Z,30,OPERATING,e541ad8f-1457-469a-8f35-457555f475ad
tokyo_disneyland,tdl_tomorrowland_star_tours,2026-09-13T07:15:31.897Z,20,OPERATING,512fd34c-2f0a-4e0a-bcc1-ef4d15c5f803
tokyo_disneyland,tdl_critter_country_splash_mountain,2026-09-13T07:18:32.069Z,50,OPERATING,dfe25d8e-e234-4020-a261-30c6825d0680
tokyo_disneyland,tdl_westernland_big_thunder_mountain,2026-09-13T07:18:32.060Z,40,OPERATING,e3577b4a-f1d9-4ec5-aacf-b99977ea88c9
tokyo_disneyland,tdl_tomorrowland_monsters_inc_ride_and_go_seek,2026-09-13T07:15:31.903Z,50,OPERATING,4ed6a812-df04-4aa8-acb9-c6b164dbb706
tokyo_disneyland,tdl_toontown_goofys_paint_and_play_house,2026-09-13T07:18:32.090Z,10,OPERATING,74f17654-ceb1-4f12-9c19-ce6ed0587f33
tokyo_disneyland,tdl_fantasyland_poohs_hunny_hunt,2026-09-13T07:18:32.083Z,40,OPERATING,a88464b5-2cf5-4ef1-b38f-96e07b233bf2
tokyo_disneyland,tdl_tomorrowland_baymax_happy_ride,2026-09-13T07:15:31.910Z,90,OPERATING,ca00a0e8-f069-4d0a-9d5e-10cb63010956
tokyo_disneyland,tdl_new_fantasyland_enchanted_tale_of_beauty_and_the_beast,2026-09-13T07:15:31.916Z,80,OPERATING,e76670f0-9f5f-4918-8491-9bf51e73a596
tokyo_disneyland,tdl_critter_country_splash_mountain,2026-09-13T07:20:32.003Z,50,OPERATING,dfe25d8e-e234-4020-a261-30c6825d0680
tokyo_disneyland,tdl_westernland_big_thunder_mountain,2026-09-13T07:20:31.993Z,40,OPERATING,e3577b4a-f1d9-4ec5-aacf-b99977ea88c9
tokyo_disneyland,tdl_tomorrowland_monsters_inc_ride_and_go_seek,2026-09-13T07:20:32.017Z,50,OPERATING,4ed6a812-df04-4aa8-acb9-c6b164dbb706
tokyo_disneyland,tdl_fantasyland_poohs_hunny_hunt,2026-09-13T07:20:32.009Z,40,OPERATING,a88464b5-2cf5-4ef1-b38f-96e07b233bf2
tokyo_disneyland,tdl_fantasyland_peter_pans_flight,2026-09-13T07:28:29.422Z,30,OPERATING,e541ad8f-1457-469a-8f35-457555f475ad
tokyo_disneyland,tdl_fantasyland_cinderella_fairy_tale_hall,2026-09-13T07:26:13.909Z,10,OPERATING,f82709b6-51a3-4b65-8d6f-c2472f5053df
tokyo_disneyland,tdl_critter_country_splash_mountain,2026-09-13T07:26:27.949Z,70,OPERATING,dfe25d8e-e234-4020-a261-30c6825d0680
tokyo_disneyland,tdl_westernland_big_thunder_mountain,2026-09-13T07:26:27.940Z,40,OPERATING,e3577b4a-f1d9-4ec5-aacf-b99977ea88c9
tokyo_disneyland,tdl_tomorrowland_monsters_inc_ride_and_go_seek,2026-09-13T07:26:27.962Z,50,OPERATING,4ed6a812-df04-4aa8-acb9-c6b164dbb706
tokyo_disneyland,tdl_adventureland_pirates_of_the_caribbean,2026-09-13T07:26:13.886Z,10,OPERATING,52eb0fc9-5853-49c8-8c72-1e5e83aae1c1
tokyo_disneyland,tdl_toontown_roger_rabbits_car_toon_spin,2026-09-13T07:26:13.915Z,25,OPERATING,73384e33-a86a-4601-996f-61dbffba6ec2
tokyo_disneyland,tdl_fantasyland_poohs_hunny_hunt,2026-09-13T07:28:46.039Z,50,OPERATING,a88464b5-2cf5-4ef1-b38f-96e07b233bf2
tokyo_disneyland,tdl_tomorrowland_baymax_happy_ride,2026-09-13T07:26:27.970Z,90,OPERATING,ca00a0e8-f069-4d0a-9d5e-10cb63010956
tokyo_disneyland,tdl_westernland_shooting_gallery,2026-09-13T07:28:29.413Z,30,OPERATING,4876ec54-92ed-4b0c-8b1b-292bba89c61c
tokyo_disneyland,tdl_new_fantasyland_enchanted_tale_of_beauty_and_the_beast,2026-09-13T07:26:27.977Z,90,OPERATING,e76670f0-9f5f-4918-8491-9bf51e73a596
tokyo_disneyland,tdl_tomorrowland_star_tours,2026-09-13T07:30:38.705Z,15,OPERATING,512fd34c-2f0a-4e0a-bcc1-ef4d15c5f803
tokyo_disneyland,tdl_critter_country_splash_mountain,2026-09-13T07:32:17.581Z,60,OPERATING,dfe25d8e-e234-4020-a261-30c6825d0680
tokyo_disneyland,tdl_tomorrowland_monsters_inc_ride_and_go_seek,2026-09-13T07:32:17.591Z,40,OPERATING,4ed6a812-df04-4aa8-acb9-c6b164dbb706
tokyo_disneyland,tdl_tomorrowland_baymax_happy_ride,2026-09-13T07:32:17.601Z,100,OPERATING,ca00a0e8-f069-4d0a-9d5e-10cb63010956
tokyo_disneyland,tdl_westernland_shooting_gallery,2026-09-13T07:33:57.128Z,25,OPERATING,4876ec54-92ed-4b0c-8b1b-292bba89c61c
tokyo_disneyland,tdl_fantasyland_cinderella_fairy_tale_hall,2026-09-13T07:38:19.619Z,15,OPERATING,f82709b6-51a3-4b65-8d6f-c2472f5053df
tokyo_disneyland,tdl_critter_country_splash_mountain,2026-09-13T07:38:19.612Z,60,OPERATING,dfe25d8e-e234-4020-a261-30c6825d0680
tokyo_disneyland,tdl_westernland_big_thunder_mountain,2026-09-13T07:38:19.606Z,40,OPERATING,e3577b4a-f1d9-4ec5-aacf-b99977ea88c9
tokyo_disneyland,tdl_toontown_gadgets_go_coaster,2026-09-13T07:36:50.621Z,20,OPERATING,52c5e406-67e2-4d37-aee8-987644d87b63
tokyo_disneyland,tdl_tomorrowland_monsters_inc_ride_and_go_seek,2026-09-13T07:38:19.642Z,40,OPERATING,4ed6a812-df04-4aa8-acb9-c6b164dbb706
tokyo_disneyland,tdl_toontown_goofys_paint_and_play_house,2026-09-13T07:38:19.635Z,5,OPERATING,74f17654-ceb1-4f12-9c19-ce6ed0587f33
tokyo_disneyland,tdl_adventureland_jungle_cruise,2026-09-13T07:36:50.598Z,20,OPERATING,e0887415-3da2-458c-8b88-0691e6b8ab63
tokyo_disneyland,tdl_adventureland_pirates_of_the_caribbean,2026-09-13T07:38:19.590Z,15,OPERATING,52eb0fc9-5853-49c8-8c72-1e5e83aae1c1
tokyo_disneyland,tdl_fantasyland_poohs_hunny_hunt,2026-09-13T07:38:19.627Z,50,OPERATING,a88464b5-2cf5-4ef1-b38f-96e07b233bf2
tokyo_disneyland,tdl_tomorrowland_baymax_happy_ride,2026-09-13T07:38:19.650Z,100,OPERATING,ca00a0e8-f069-4d0a-9d5e-10cb63010956
tokyo_disneyland,tdl_westernland_shooting_gallery,2026-09-13T07:38:19.599Z,30,OPERATING,4876ec54-92ed-4b0c-8b1b-292bba89c61c
tokyo_disneyland,tdl_new_fantasyland_enchanted_tale_of_beauty_and_the_beast,2026-09-13T07:38:19.657Z,90,OPERATING,e76670f0-9f5f-4918-8491-9bf51e73a596
tokyo_disneyland,tdl_toontown_goofys_paint_and_play_house,2026-09-13T07:43:23.024Z,10,OPERATING,74f17654-ceb1-4f12-9c19-ce6ed0587f33
tokyo_disneyland,tdl_adventureland_western_river_railroad,2026-09-13T07:43:23.014Z,20,OPERATING,6ee0697f-57ba-4c7b-8216-7c55b21288d4
tokyo_disneyland,tdl_new_fantasyland_enchanted_tale_of_beauty_and_the_beast,2026-09-13T07:44:18.508Z,80,OPERATING,e76670f0-9f5f-4918-8491-9bf51e73a596
tokyo_disneyland,tdl_fantasyland_cinderella_fairy_tale_hall,2026-09-13T07:48:13.696Z,10,OPERATING,f82709b6-51a3-4b65-8d6f-c2472f5053df
tokyo_disneyland,tdl_fantasyland_castle_carrousel,2026-09-13T07:48:13.704Z,10,OPERATING,1fb05b7d-953a-4fa7-b7ed-db2eb62b85bf
tokyo_disneyland,tdl_tomorrowland_star_tours,2026-09-13T07:49:56.777Z,10,OPERATING,512fd34c-2f0a-4e0a-bcc1-ef4d15c5f803
tokyo_disneyland,tdl_critter_country_splash_mountain,2026-09-13T07:49:56.739Z,60,OPERATING,dfe25d8e-e234-4020-a261-30c6825d0680
tokyo_disneyland,tdl_fantasyland_mickeys_philharmagic,2026-09-13T07:49:56.756Z,5,OPERATING,392ca2e8-afe0-4103-b296-c45bd373d036
tokyo_disneyland,tdl_westernland_big_thunder_mountain,2026-09-13T07:49:56.732Z,50,OPERATING,e3577b4a-f1d9-4ec5-aacf-b99977ea88c9
tokyo_disneyland,tdl_tomorrowland_monsters_inc_ride_and_go_seek,2026-09-13T07:49:56.786Z,40,OPERATING,4ed6a812-df04-4aa8-acb9-c6b164dbb706
tokyo_disneyland,tdl_fantasyland_poohs_hunny_hunt,2026-09-13T07:49:56.768Z,40,OPERATING,a88464b5-2cf5-4ef1-b38f-96e07b233bf2
tokyo_disneyland,tdl_tomorrowland_baymax_happy_ride,2026-09-13T07:49:56.794Z,100,OPERATING,ca00a0e8-f069-4d0a-9d5e-10cb63010956
tokyo_disneyland,tdl_westernland_shooting_gallery,2026-09-13T07:46:29.645Z,20,OPERATING,4876ec54-92ed-4b0c-8b1b-292bba89c61c
tokyo_disneyland,tdl_new_fantasyland_enchanted_tale_of_beauty_and_the_beast,2026-09-13T07:49:56.800Z,80,OPERATING,e76670f0-9f5f-4918-8491-9bf51e73a596
tokyo_disneyland,tdl_critter_country_splash_mountain,2026-09-13T07:50:46.524Z,60,OPERATING,dfe25d8e-e234-4020-a261-30c6825d0680
tokyo_disneyland,tdl_westernland_big_thunder_mountain,2026-09-13T07:50:46.514Z,50,OPERATING,e3577b4a-f1d9-4ec5-aacf-b99977ea88c9
tokyo_disneyland,tdl_tomorrowland_monsters_inc_ride_and_go_seek,2026-09-13T07:50:46.540Z,40,OPERATING,4ed6a812-df04-4aa8-acb9-c6b164dbb706
tokyo_disneyland,tdl_toontown_goofys_paint_and_play_house,2026-09-13T07:52:26.287Z,5,OPERATING,74f17654-ceb1-4f12-9c19-ce6ed0587f33
tokyo_disneyland,tdl_fantasyland_poohs_hunny_hunt,2026-09-13T07:50:46.533Z,40,OPERATING,a88464b5-2cf5-4ef1-b38f-96e07b233bf2
tokyo_disneyland,tdl_toontown_roger_rabbits_car_toon_spin,2026-09-13T07:52:26.279Z,20,OPERATING,73384e33-a86a-4601-996f-61dbffba6ec2
tokyo_disneyland,tdl_tomorrowland_baymax_happy_ride,2026-09-13T07:50:46.547Z,100,OPERATING,ca00a0e8-f069-4d0a-9d5e-10cb63010956
tokyo_disneyland,tdl_new_fantasyland_enchanted_tale_of_beauty_and_the_beast,2026-09-13T07:50:46.554Z,80,OPERATING,e76670f0-9f5f-4918-8491-9bf51e73a596
tokyo_disneyland,tdl_critter_country_splash_mountain,2026-09-13T07:59:45.965Z,50,OPERATING,dfe25d8e-e234-4020-a261-30c6825d0680
tokyo_disneyland,tdl_westernland_big_thunder_mountain,2026-09-13T07:59:45.959Z,40,OPERATING,e3577b4a-f1d9-4ec5-aacf-b99977ea88c9
tokyo_disneyland,tdl_adventureland_western_river_railroad,2026-09-13T07:59:45.951Z,20,OPERATING,6ee0697f-57ba-4c7b-8216-7c55b21288d4
tokyo_disneyland,tdl_adventureland_pirates_of_the_caribbean,2026-09-13T07:58:31.328Z,10,OPERATING,52eb0fc9-5853-49c8-8c72-1e5e83aae1c1
tokyo_disneyland,tdl_fantasyland_its_a_small_world,2026-09-13T07:58:31.350Z,10,OPERATING,0de1b543-46fd-4c3f-81c8-31d0cab9ef63
tokyo_disneyland,tdl_westernland_shooting_gallery,2026-09-13T07:58:31.336Z,15,OPERATING,4876ec54-92ed-4b0c-8b1b-292bba89c61c
tokyo_disneyland,tdl_critter_country_splash_mountain,2026-09-13T08:04:19.081Z,50,OPERATING,dfe25d8e-e234-4020-a261-30c6825d0680
tokyo_disneyland,tdl_westernland_big_thunder_mountain,2026-09-13T08:04:19.074Z,40,OPERATING,e3577b4a-f1d9-4ec5-aacf-b99977ea88c9
tokyo_disneyland,tdl_tomorrowland_monsters_inc_ride_and_go_seek,2026-09-13T08:04:19.094Z,40,OPERATING,4ed6a812-df04-4aa8-acb9-c6b164dbb706
tokyo_disneyland,tdl_fantasyland_poohs_hunny_hunt,2026-09-13T08:04:19.088Z,40,OPERATING,a88464b5-2cf5-4ef1-b38f-96e07b233bf2
tokyo_disneyland,tdl_tomorrowland_baymax_happy_ride,2026-09-13T08:04:19.101Z,100,OPERATING,ca00a0e8-f069-4d0a-9d5e-10cb63010956
tokyo_disneyland,tdl_new_fantasyland_enchanted_tale_of_beauty_and_the_beast,2026-09-13T08:04:19.107Z,80,OPERATING,e76670f0-9f5f-4918-8491-9bf51e73a596
tokyo_disneyland,tdl_fantasyland_castle_carrousel,2026-09-13T08:07:30.669Z,5,OPERATING,1fb05b7d-953a-4fa7-b7ed-db2eb62b85bf
tokyo_disneyland,tdl_fantasyland_alices_tea_party,2026-09-13T08:07:30.675Z,5,OPERATING,cfaa7d1c-111e-49b9-b21b-134eac4000e8
tokyo_disneyland,tdl_fantasyland_poohs_hunny_hunt,2026-09-13T08:07:30.681Z,30,OPERATING,a88464b5-2cf5-4ef1-b38f-96e07b233bf2
tokyo_disneyland,tdl_tomorrowland_star_tours,2026-09-13T08:13:42.520Z,5,OPERATING,512fd34c-2f0a-4e0a-bcc1-ef4d15c5f803
tokyo_disneyland,tdl_critter_country_splash_mountain,2026-09-13T08:13:42.506Z,50,OPERATING,dfe25d8e-e234-4020-a261-30c6825d0680
tokyo_disneyland,tdl_westernland_big_thunder_mountain,2026-09-13T08:13:42.499Z,40,OPERATING,e3577b4a-f1d9-4ec5-aacf-b99977ea88c9
tokyo_disneyland,tdl_tomorrowland_monsters_inc_ride_and_go_seek,2026-09-13T08:13:42.530Z,40,OPERATING,4ed6a812-df04-4aa8-acb9-c6b164dbb706
tokyo_disneyland,tdl_adventureland_jungle_cruise,2026-09-13T08:13:42.492Z,20,OPERATING,e0887415-3da2-458c-8b88-0691e6b8ab63
tokyo_disneyland,tdl_fantasyland_poohs_hunny_hunt,2026-09-13T08:13:42.513Z,30,OPERATING,a88464b5-2cf5-4ef1-b38f-96e07b233bf2
tokyo_disneyland,tdl_toontown_roger_rabbits_car_toon_spin,2026-09-13T08:12:10.050Z,15,OPERATING,73384e33-a86a-4601-996f-61dbffba6ec2
tokyo_disneyland,tdl_tomorrowland_baymax_happy_ride,2026-09-13T08:13:42.538Z,90,OPERATING,ca00a0e8-f069-4d0a-9d5e-10cb63010956
tokyo_disneyland,tdl_new_fantasyland_enchanted_tale_of_beauty_and_the_beast,2026-09-13T08:13:42.545Z,80,OPERATING,e76670f0-9f5f-4918-8491-9bf51e73a596
tokyo_disneyland,tdl_critter_country_splash_mountain,2026-09-13T08:15:10.493Z,50,OPERATING,dfe25d8e-e234-4020-a261-30c6825d0680
tokyo_disneyland,tdl_westernland_big_thunder_mountain,2026-09-13T08:15:10.485Z,40,OPERATING,e3577b4a-f1d9-4ec5-aacf-b99977ea88c9
tokyo_disneyland,tdl_toontown_gadgets_go_coaster,2026-09-13T08:19:33.152Z,15,OPERATING,52c5e406-67e2-4d37-aee8-987644d87b63
tokyo_disneyland,tdl_tomorrowland_monsters_inc_ride_and_go_seek,2026-09-13T08:15:10.508Z,40,OPERATING,4ed6a812-df04-4aa8-acb9-c6b164dbb706
tokyo_disneyland,tdl_toontown_roger_rabbits_car_toon_spin,2026-09-13T08:18:56.452Z,25,OPERATING,73384e33-a86a-4601-996f-61dbffba6ec2
tokyo_disneyland,tdl_fantasyland_poohs_hunny_hunt,2026-09-13T08:15:10.500Z,30,OPERATING,a88464b5-2cf5-4ef1-b38f-96e07b233bf2
tokyo_disneyland,tdl_tomorrowland_baymax_happy_ride,2026-09-13T08:19:33.161Z,80,OPERATING,ca00a0e8-f069-4d0a-9d5e-10cb63010956
tokyo_disneyland,tdl_new_fantasyland_enchanted_tale_of_beauty_and_the_beast,2026-09-13T08:19:33.166Z,60,OPERATING,e76670f0-9f5f-4918-8491-9bf51e73a596
tokyo_disneyland,tdl_tomorrowland_monsters_inc_ride_and_go_seek,2026-09-13T08:22:33.982Z,50,OPERATING,4ed6a812-df04-4aa8-acb9-c6b164dbb706
tokyo_disneyland,tdl_fantasyland_its_a_small_world,2026-09-13T08:21:13.259Z,5,OPERATING,0de1b543-46fd-4c3f-81c8-31d0cab9ef63
tokyo_disneyland,tdl_fantasyland_poohs_hunny_hunt,2026-09-13T08:24:43.838Z,40,OPERATING,a88464b5-2cf5-4ef1-b38f-96e07b233bf2
tokyo_disneyland,tdl_new_fantasyland_enchanted_tale_of_beauty_and_the_beast,2026-09-13T08:21:13.273Z,60,OPERATING,e76670f0-9f5f-4918-8491-9bf51e73a596
tokyo_disneyland,tdl_critter_country_splash_mountain,2026-09-13T08:27:12.865Z,60,OPERATING,dfe25d8e-e234-4020-a261-30c6825d0680
tokyo_disneyland,tdl_westernland_big_thunder_mountain,2026-09-13T08:27:12.858Z,40,OPERATING,e3577b4a-f1d9-4ec5-aacf-b99977ea88c9
tokyo_disneyland,tdl_tomorrowland_monsters_inc_ride_and_go_seek,2026-09-13T08:27:12.885Z,50,OPERATING,4ed6a812-df04-4aa8-acb9-c6b164dbb706
tokyo_disneyland,tdl_adventureland_jungle_cruise,2026-09-13T08:27:12.851Z,25,OPERATING,e0887415-3da2-458c-8b88-0691e6b8ab63
tokyo_disneyland,tdl_fantasyland_poohs_hunny_hunt,2026-09-13T08:28:35.101Z,50,OPERATING,a88464b5-2cf5-4ef1-b38f-96e07b233bf2
tokyo_disneyland,tdl_toontown_roger_rabbits_car_toon_spin,2026-09-13T08:27:12.878Z,20,OPERATING,73384e33-a86a-4601-996f-61dbffba6ec2
tokyo_disneyland,tdl_tomorrowland_baymax_happy_ride,2026-09-13T08:27:12.891Z,80,OPERATING,ca00a0e8-f069-4d0a-9d5e-10cb63010956
tokyo_disneyland,tdl_new_fantasyland_enchanted_tale_of_beauty_and_the_beast,2026-09-13T08:28:35.107Z,70,OPERATING,e76670f0-9f5f-4918-8491-9bf51e73a596
tokyo_disneyland,tdl_fantasyland_castle_carrousel,2026-09-13T08:30:43.624Z,10,OPERATING,1fb05b7d-953a-4fa7-b7ed-db2eb62b85bf
tokyo_disneyland,tdl_critter_country_splash_mountain,2026-09-13T08:31:35.682Z,70,OPERATING,dfe25d8e-e234-4020-a261-30c6825d0680
tokyo_disneyland,tdl_adventureland_pirates_of_the_caribbean,2026-09-13T08:31:35.665Z,15,OPERATING,52eb0fc9-5853-49c8-8c72-1e5e83aae1c1
tokyo_disneyland,tdl_adventureland_jungle_cruise,2026-09-13T08:31:35.673Z,30,OPERATING,e0887415-3da2-458c-8b88-0691e6b8ab63
tokyo_disneyland,tdl_critter_country_splash_mountain,2026-09-13T08:37:49.288Z,70,OPERATING,dfe25d8e-e234-4020-a261-30c6825d0680
tokyo_disneyland,tdl_westernland_big_thunder_mountain,2026-09-13T08:37:49.281Z,40,OPERATING,e3577b4a-f1d9-4ec5-aacf-b99977ea88c9
tokyo_disneyland,tdl_toontown_gadgets_go_coaster,2026-09-13T08:37:49.308Z,10,OPERATING,52c5e406-67e2-4d37-aee8-987644d87b63
tokyo_disneyland,tdl_tomorrowland_monsters_inc_ride_and_go_seek,2026-09-13T08:39:51.615Z,40,OPERATING,4ed6a812-df04-4aa8-acb9-c6b164dbb706
tokyo_disneyland,tdl_adventureland_western_river_railroad,2026-09-13T08:37:14.974Z,25,OPERATING,6ee0697f-57ba-4c7b-8216-7c55b21288d4
tokyo_disneyland,tdl_fantasyland_poohs_hunny_hunt,2026-09-13T08:37:49.293Z,50,OPERATING,a88464b5-2cf5-4ef1-b38f-96e07b233bf2
tokyo_disneyland,tdl_toontown_roger_rabbits_car_toon_spin,2026-09-13T08:37:49.299Z,15,OPERATING,73384e33-a86a-4601-996f-61dbffba6ec2
tokyo_disneyland,tdl_tomorrowland_baymax_happy_ride,2026-09-13T08:37:49.326Z,80,OPERATING,ca00a0e8-f069-4d0a-9d5e-10cb63010956
tokyo_disneyland,tdl_new_fantasyland_enchanted_tale_of_beauty_and_the_beast,2026-09-13T08:37:49.334Z,70,OPERATING,e76670f0-9f5f-4918-8491-9bf51e73a596
tokyo_disneyland,tdl_fantasyland_peter_pans_flight,2026-09-13T08:50:00.813Z,40,OPERATING,e541ad8f-1457-469a-8f35-457555f475ad
tokyo_disneyland,tdl_fantasyland_castle_carrousel,2026-09-13T08:59:47.595Z,20,OPERATING,1fb05b7d-953a-4fa7-b7ed-db2eb62b85bf
tokyo_disneyland,tdl_tomorrowland_star_tours,2026-09-13T08:52:19.406Z,10,OPERATING,512fd34c-2f0a-4e0a-bcc1-ef4d15c5f803
tokyo_disneyland,tdl_critter_country_splash_mountain,2026-09-13T09:04:19.962Z,50,OPERATING,dfe25d8e-e234-4020-a261-30c6825d0680
tokyo_disneyland,tdl_fantasyland_mickeys_philharmagic,2026-09-13T08:58:20.611Z,10,OPERATING,392ca2e8-afe0-4103-b296-c45bd373d036
tokyo_disneyland,tdl_westernland_big_thunder_mountain,2026-09-13T09:02:49.117Z,40,OPERATING,e3577b4a-f1d9-4ec5-aacf-b99977ea88c9
tokyo_disneyland,tdl_toontown_gadgets_go_coaster,2026-09-13T09:04:19.971Z,25,OPERATING,52c5e406-67e2-4d37-aee8-987644d87b63
tokyo_disneyland,tdl_tomorrowland_monsters_inc_ride_and_go_seek,2026-09-13T09:02:49.149Z,40,OPERATING,4ed6a812-df04-4aa8-acb9-c6b164dbb706
tokyo_disneyland,tdl_toontown_goofys_paint_and_play_house,2026-09-13T08:50:00.856Z,10,OPERATING,74f17654-ceb1-4f12-9c19-ce6ed0587f33
tokyo_disneyland,tdl_adventureland_western_river_railroad,2026-09-13T08:59:47.576Z,25,OPERATING,6ee0697f-57ba-4c7b-8216-7c55b21288d4
tokyo_disneyland,tdl_fantasyland_its_a_small_world,2026-09-13T08:52:19.393Z,15,OPERATING,0de1b543-46fd-4c3f-81c8-31d0cab9ef63
tokyo_disneyland,tdl_adventureland_jungle_cruise,2026-09-13T08:53:15.763Z,40,OPERATING,e0887415-3da2-458c-8b88-0691e6b8ab63
tokyo_disneyland,tdl_fantasyland_poohs_hunny_hunt,2026-09-13T09:02:49.133Z,40,OPERATING,a88464b5-2cf5-4ef1-b38f-96e07b233bf2
tokyo_disneyland,tdl_toontown_minnies_house,2026-09-13T08:43:16.013Z,5,OPERATING,534ca90a-2626-4a45-9b7b-1964ed15678e
tokyo_disneyland,tdl_toontown_roger_rabbits_car_toon_spin,2026-09-13T08:59:47.624Z,25,OPERATING,73384e33-a86a-4601-996f-61dbffba6ec2
tokyo_disneyland,tdl_fantasyland_alices_tea_party,2026-09-13T08:50:00.832Z,10,OPERATING,cfaa7d1c-111e-49b9-b21b-134eac4000e8
tokyo_disneyland,tdl_tomorrowland_baymax_happy_ride,2026-09-13T09:04:19.980Z,100,OPERATING,ca00a0e8-f069-4d0a-9d5e-10cb63010956
tokyo_disneyland,tdl_fantasyland_pinocchios_daring_journey,2026-09-13T08:58:20.617Z,10,OPERATING,6922377e-0ff4-481f-9da3-35051938732a
tokyo_disneyland,tdl_new_fantasyland_enchanted_tale_of_beauty_and_the_beast,2026-09-13T09:02:49.171Z,80,OPERATING,e76670f0-9f5f-4918-8491-9bf51e73a596
tokyo_disneyland,tdl_fantasyland_castle_carrousel,2026-09-13T09:09:08.525Z,15,OPERATING,1fb05b7d-953a-4fa7-b7ed-db2eb62b85bf
tokyo_disneyland,tdl_toontown_gadgets_go_coaster,2026-09-13T09:09:08.532Z,20,OPERATING,52c5e406-67e2-4d37-aee8-987644d87b63
tokyo_disneyland,tdl_toontown_goofys_paint_and_play_house,2026-09-13T09:09:08.539Z,5,OPERATING,74f17654-ceb1-4f12-9c19-ce6ed0587f33
tokyo_disneyland,tdl_adventureland_jungle_cruise,2026-09-13T09:05:58.721Z,30,OPERATING,e0887415-3da2-458c-8b88-0691e6b8ab63
tokyo_disneyland,tdl_critter_country_splash_mountain,2026-09-13T09:15:27.049Z,50,OPERATING,dfe25d8e-e234-4020-a261-30c6825d0680
tokyo_disneyland,tdl_westernland_big_thunder_mountain,2026-09-13T09:15:27.042Z,40,OPERATING,e3577b4a-f1d9-4ec5-aacf-b99977ea88c9
tokyo_disneyland,tdl_tomorrowland_monsters_inc_ride_and_go_seek,2026-09-13T09:15:27.064Z,30,OPERATING,4ed6a812-df04-4aa8-acb9-c6b164dbb706
tokyo_disneyland,tdl_fantasyland_poohs_hunny_hunt,2026-09-13T09:15:27.056Z,40,OPERATING,a88464b5-2cf5-4ef1-b38f-96e07b233bf2
tokyo_disneyland,tdl_toontown_roger_rabbits_car_toon_spin,2026-09-13T09:12:21.835Z,20,OPERATING,73384e33-a86a-4601-996f-61dbffba6ec2
tokyo_disneyland,tdl_tomorrowland_baymax_happy_ride,2026-09-13T09:15:27.070Z,100,OPERATING,ca00a0e8-f069-4d0a-9d5e-10cb63010956
tokyo_disneyland,tdl_new_fantasyland_enchanted_tale_of_beauty_and_the_beast,2026-09-13T09:15:27.078Z,60,OPERATING,e76670f0-9f5f-4918-8491-9bf51e73a596
tokyo_disneyland,tdl_tomorrowland_monsters_inc_ride_and_go_seek,2026-09-13T09:18:36.908Z,30,OPERATING,4ed6a812-df04-4aa8-acb9-c6b164dbb706
tokyo_disneyland,tdl_adventureland_western_river_railroad,2026-09-13T09:22:47.517Z,25,OPERATING,6ee0697f-57ba-4c7b-8216-7c55b21288d4
tokyo_disneyland,tdl_adventureland_jungle_cruise,2026-09-13T09:20:30.786Z,25,OPERATING,e0887415-3da2-458c-8b88-0691e6b8ab63
tokyo_disneyland,tdl_adventureland_pirates_of_the_caribbean,2026-09-13T09:18:04.038Z,10,OPERATING,52eb0fc9-5853-49c8-8c72-1e5e83aae1c1
tokyo_disneyland,tdl_fantasyland_poohs_hunny_hunt,2026-09-13T09:22:47.527Z,30,OPERATING,a88464b5-2cf5-4ef1-b38f-96e07b233bf2
tokyo_disneyland,tdl_tomorrowland_baymax_happy_ride,2026-09-13T09:24:04.361Z,120,OPERATING,ca00a0e8-f069-4d0a-9d5e-10cb63010956
tokyo_disneyland,tdl_new_fantasyland_enchanted_tale_of_beauty_and_the_beast,2026-09-13T09:18:36.918Z,60,OPERATING,e76670f0-9f5f-4918-8491-9bf51e73a596
tokyo_disneyland,tdl_critter_country_splash_mountain,2026-09-13T09:29:49.072Z,50,OPERATING,dfe25d8e-e234-4020-a261-30c6825d0680
tokyo_disneyland,tdl_westernland_big_thunder_mountain,2026-09-13T09:29:49.065Z,30,OPERATING,e3577b4a-f1d9-4ec5-aacf-b99977ea88c9
tokyo_disneyland,tdl_toontown_gadgets_go_coaster,2026-09-13T09:29:12.815Z,15,OPERATING,52c5e406-67e2-4d37-aee8-987644d87b63
tokyo_disneyland,tdl_tomorrowland_monsters_inc_ride_and_go_seek,2026-09-13T09:29:49.087Z,30,OPERATING,4ed6a812-df04-4aa8-acb9-c6b164dbb706
tokyo_disneyland,tdl_adventureland_pirates_of_the_caribbean,2026-09-13T09:26:24.870Z,15,OPERATING,52eb0fc9-5853-49c8-8c72-1e5e83aae1c1
tokyo_disneyland,tdl_fantasyland_poohs_hunny_hunt,2026-09-13T09:29:49.079Z,30,OPERATING,a88464b5-2cf5-4ef1-b38f-96e07b233bf2
tokyo_disneyland,tdl_toontown_roger_rabbits_car_toon_spin,2026-09-13T09:26:24.895Z,25,OPERATING,73384e33-a86a-4601-996f-61dbffba6ec2
tokyo_disneyland,tdl_tomorrowland_baymax_happy_ride,2026-09-13T09:29:49.094Z,100,OPERATING,ca00a0e8-f069-4d0a-9d5e-10cb63010956
tokyo_disneyland,tdl_new_fantasyland_enchanted_tale_of_beauty_and_the_beast,2026-09-13T09:29:49.099Z,60,OPERATING,e76670f0-9f5f-4918-8491-9bf51e73a596
tokyo_disneyland,tdl_toontown_roger_rabbits_car_toon_spin,2026-09-13T09:33:09.673Z,20,OPERATING,73384e33-a86a-4601-996f-61dbffba6ec2
tokyo_disneyland,tdl_critter_country_splash_mountain,2026-09-13T09:39:27.053Z,40,OPERATING,dfe25d8e-e234-4020-a261-30c6825d0680
tokyo_disneyland,tdl_westernland_big_thunder_mountain,2026-09-13T09:39:27.041Z,30,OPERATING,e3577b4a-f1d9-4ec5-aacf-b99977ea88c9
tokyo_disneyland,tdl_tomorrowland_monsters_inc_ride_and_go_seek,2026-09-13T09:39:27.080Z,30,OPERATING,4ed6a812-df04-4aa8-acb9-c6b164dbb706
tokyo_disneyland,tdl_adventureland_jungle_cruise,2026-09-13T09:35:35.691Z,30,OPERATING,e0887415-3da2-458c-8b88-0691e6b8ab63
tokyo_disneyland,tdl_adventureland_pirates_of_the_caribbean,2026-09-13T09:39:27.018Z,15,OPERATING,52eb0fc9-5853-49c8-8c72-1e5e83aae1c1
tokyo_disneyland,tdl_fantasyland_poohs_hunny_hunt,2026-09-13T09:39:27.069Z,30,OPERATING,a88464b5-2cf5-4ef1-b38f-96e07b233bf2
tokyo_disneyland,tdl_tomorrowland_baymax_happy_ride,2026-09-13T09:39:27.090Z,120,OPERATING,ca00a0e8-f069-4d0a-9d5e-10cb63010956
tokyo_disneyland,tdl_westernland_shooting_gallery,2026-09-13T09:35:35.697Z,10,OPERATING,4876ec54-92ed-4b0c-8b1b-292bba89c61c
tokyo_disneyland,tdl_new_fantasyland_enchanted_tale_of_beauty_and_the_beast,2026-09-13T09:39:27.099Z,60,OPERATING,e76670f0-9f5f-4918-8491-9bf51e73a596
tokyo_disneyland,tdl_critter_country_splash_mountain,2026-09-13T09:42:09.828Z,40,OPERATING,dfe25d8e-e234-4020-a261-30c6825d0680
tokyo_disneyland,tdl_westernland_big_thunder_mountain,2026-09-13T09:42:09.821Z,30,OPERATING,e3577b4a-f1d9-4ec5-aacf-b99977ea88c9
tokyo_disneyland,tdl_adventureland_tiki_room,2026-09-13T09:42:08.878Z,5,OPERATING,4f0b3416-0b0a-419b-ba8c-6ee00b7d7144
tokyo_disneyland,tdl_tomorrowland_monsters_inc_ride_and_go_seek,2026-09-13T09:42:09.842Z,30,OPERATING,4ed6a812-df04-4aa8-acb9-c6b164dbb706
tokyo_disneyland,tdl_adventureland_pirates_of_the_caribbean,2026-09-13T09:42:08.871Z,10,OPERATING,52eb0fc9-5853-49c8-8c72-1e5e83aae1c1
tokyo_disneyland,tdl_fantasyland_poohs_hunny_hunt,2026-09-13T09:42:09.835Z,30,OPERATING,a88464b5-2cf5-4ef1-b38f-96e07b233bf2
tokyo_disneyland,tdl_tomorrowland_baymax_happy_ride,2026-09-13T09:42:09.848Z,120,OPERATING,ca00a0e8-f069-4d0a-9d5e-10cb63010956
tokyo_disneyland,tdl_new_fantasyland_enchanted_tale_of_beauty_and_the_beast,2026-09-13T09:42:09.854Z,60,OPERATING,e76670f0-9f5f-4918-8491-9bf51e73a596
tokyo_disneyland,tdl_tomorrowland_star_tours,2026-09-13T09:48:12.660Z,5,OPERATING,512fd34c-2f0a-4e0a-bcc1-ef4d15c5f803
tokyo_disneyland,tdl_critter_country_splash_mountain,2026-09-13T09:49:02.889Z,30,OPERATING,dfe25d8e-e234-4020-a261-30c6825d0680
tokyo_disneyland,tdl_adventureland_tiki_room,2026-09-13T09:49:02.878Z,10,OPERATING,4f0b3416-0b0a-419b-ba8c-6ee00b7d7144
tokyo_disneyland,tdl_adventureland_western_river_railroad,2026-09-13T09:49:02.869Z,30,OPERATING,6ee0697f-57ba-4c7b-8216-7c55b21288d4
tokyo_disneyland,tdl_toontown_roger_rabbits_car_toon_spin,2026-09-13T09:45:16.554Z,15,OPERATING,73384e33-a86a-4601-996f-61dbffba6ec2
tokyo_disneyland,tdl_new_fantasyland_enchanted_tale_of_beauty_and_the_beast,2026-09-13T09:45:19.963Z,50,OPERATING,e76670f0-9f5f-4918-8491-9bf51e73a596
tokyo_disneyland,tdl_critter_country_splash_mountain,2026-09-13T09:51:21.467Z,30,OPERATING,dfe25d8e-e234-4020-a261-30c6825d0680
tokyo_disneyland,tdl_westernland_big_thunder_mountain,2026-09-13T09:54:22.201Z,30,OPERATING,e3577b4a-f1d9-4ec5-aacf-b99977ea88c9
tokyo_disneyland,tdl_tomorrowland_monsters_inc_ride_and_go_seek,2026-09-13T09:54:22.216Z,30,OPERATING,4ed6a812-df04-4aa8-acb9-c6b164dbb706
tokyo_disneyland,tdl_fantasyland_poohs_hunny_hunt,2026-09-13T09:54:22.209Z,30,OPERATING,a88464b5-2cf5-4ef1-b38f-96e07b233bf2
tokyo_disneyland,tdl_toontown_roger_rabbits_car_toon_spin,2026-09-13T09:51:21.474Z,10,OPERATING,73384e33-a86a-4601-996f-61dbffba6ec2
tokyo_disneyland,tdl_tomorrowland_baymax_happy_ride,2026-09-13T09:54:22.223Z,120,OPERATING,ca00a0e8-f069-4d0a-9d5e-10cb63010956
tokyo_disneyland,tdl_new_fantasyland_enchanted_tale_of_beauty_and_the_beast,2026-09-13T09:54:22.229Z,50,OPERATING,e76670f0-9f5f-4918-8491-9bf51e73a596
tokyo_disneyland,tdl_toontown_gadgets_go_coaster,2026-09-13T09:57:08.393Z,10,OPERATING,52c5e406-67e2-4d37-aee8-987644d87b63
tokyo_disneyland,tdl_tomorrowland_monsters_inc_ride_and_go_seek,2026-09-13T09:59:38.470Z,25,OPERATING,4ed6a812-df04-4aa8-acb9-c6b164dbb706
tokyo_disneyland,tdl_adventureland_pirates_of_the_caribbean,2026-09-13T09:57:08.378Z,5,OPERATING,52eb0fc9-5853-49c8-8c72-1e5e83aae1c1
tokyo_disneyland,tdl_adventureland_jungle_cruise,2026-09-13T09:57:39.039Z,20,OPERATING,e0887415-3da2-458c-8b88-0691e6b8ab63
tokyo_disneyland,tdl_critter_country_splash_mountain,2026-09-13T10:03:40.380Z,30,OPERATING,dfe25d8e-e234-4020-a261-30c6825d0680
tokyo_disneyland,tdl_westernland_big_thunder_mountain,2026-09-13T10:03:40.374Z,25,OPERATING,e3577b4a-f1d9-4ec5-aacf-b99977ea88c9
tokyo_disneyland,tdl_tomorrowland_baymax_happy_ride,2026-09-13T10:03:17.204Z,120,OPERATING,ca00a0e8-f069-4d0a-9d5e-10cb63010956
tokyo_disneyland,tdl_new_fantasyland_enchanted_tale_of_beauty_and_the_beast,2026-09-13T10:03:17.210Z,50,OPERATING,e76670f0-9f5f-4918-8491-9bf51e73a596
tokyo_disneyland,tdl_tomorrowland_monsters_inc_ride_and_go_seek,2026-09-13T10:06:53.124Z,20,OPERATING,4ed6a812-df04-4aa8-acb9-c6b164dbb706
tokyo_disneyland,tdl_adventureland_western_river_railroad,2026-09-13T10:09:56.707Z,10,OPERATING,6ee0697f-57ba-4c7b-8216-7c55b21288d4
tokyo_disneyland,tdl_adventureland_jungle_cruise,2026-09-13T10:09:56.698Z,15,OPERATING,e0887415-3da2-458c-8b88-0691e6b8ab63
tokyo_disneyland,tdl_toontown_roger_rabbits_car_toon_spin,2026-09-13T10:06:10.212Z,5,OPERATING,73384e33-a86a-4601-996f-61dbffba6ec2
tokyo_disneyland,tdl_tomorrowland_baymax_happy_ride,2026-09-13T10:06:53.131Z,120,OPERATING,ca00a0e8-f069-4d0a-9d5e-10cb63010956
tokyo_disneyland,tdl_new_fantasyland_enchanted_tale_of_beauty_and_the_beast,2026-09-13T10:10:04.431Z,40,OPERATING,e76670f0-9f5f-4918-8491-9bf51e73a596
tokyo_disneyland,tdl_westernland_big_thunder_mountain,2026-09-13T10:13:22.917Z,20,OPERATING,e3577b4a-f1d9-4ec5-aacf-b99977ea88c9
tokyo_disneyland,tdl_tomorrowland_monsters_inc_ride_and_go_seek,2026-09-13T10:13:22.926Z,25,OPERATING,4ed6a812-df04-4aa8-acb9-c6b164dbb706
tokyo_disneyland,tdl_tomorrowland_baymax_happy_ride,2026-09-13T10:13:22.932Z,100,OPERATING,ca00a0e8-f069-4d0a-9d5e-10cb63010956
tokyo_disneyland,tdl_critter_country_splash_mountain,2026-09-13T10:19:28.828Z,30,OPERATING,dfe25d8e-e234-4020-a261-30c6825d0680
tokyo_disneyland,tdl_westernland_big_thunder_mountain,2026-09-13T10:19:28.819Z,20,OPERATING,e3577b4a-f1d9-4ec5-aacf-b99977ea88c9
tokyo_disneyland,tdl_toontown_gadgets_go_coaster,2026-09-13T10:19:24.524Z,5,OPERATING,52c5e406-67e2-4d37-aee8-987644d87b63
tokyo_disneyland,tdl_tomorrowland_monsters_inc_ride_and_go_seek,2026-09-13T10:19:28.845Z,25,OPERATING,4ed6a812-df04-4aa8-acb9-c6b164dbb706
tokyo_disneyland,tdl_tomorrowland_baymax_happy_ride,2026-09-13T10:19:28.853Z,100,OPERATING,ca00a0e8-f069-4d0a-9d5e-10cb63010956
tokyo_disneyland,tdl_new_fantasyland_enchanted_tale_of_beauty_and_the_beast,2026-09-13T10:19:28.861Z,30,OPERATING,e76670f0-9f5f-4918-8491-9bf51e73a596
tokyo_disneyland,tdl_critter_country_splash_mountain,2026-09-13T10:22:32.508Z,20,OPERATING,dfe25d8e-e234-4020-a261-30c6825d0680
tokyo_disneyland,tdl_westernland_shooting_gallery,2026-09-13T10:24:28.282Z,5,OPERATING,4876ec54-92ed-4b0c-8b1b-292bba89c61c
tokyo_disneyland,tdl_critter_country_splash_mountain,2026-09-13T10:28:00.485Z,30,OPERATING,dfe25d8e-e234-4020-a261-30c6825d0680
tokyo_disneyland,tdl_westernland_big_thunder_mountain,2026-09-13T10:28:00.476Z,20,OPERATING,e3577b4a-f1d9-4ec5-aacf-b99977ea88c9
tokyo_disneyland,tdl_tomorrowland_monsters_inc_ride_and_go_seek,2026-09-13T10:28:00.506Z,20,OPERATING,4ed6a812-df04-4aa8-acb9-c6b164dbb706
tokyo_disneyland,tdl_tomorrowland_baymax_happy_ride,2026-09-13T10:28:00.513Z,100,OPERATING,ca00a0e8-f069-4d0a-9d5e-10cb63010956
tokyo_disneyland,tdl_new_fantasyland_enchanted_tale_of_beauty_and_the_beast,2026-09-13T10:28:00.521Z,30,OPERATING,e76670f0-9f5f-4918-8491-9bf51e73a596
tokyo_disneyland,tdl_critter_country_splash_mountain,2026-09-13T10:32:08.512Z,30,OPERATING,dfe25d8e-e234-4020-a261-30c6825d0680
tokyo_disneyland,tdl_westernland_big_thunder_mountain,2026-09-13T10:32:08.505Z,20,OPERATING,e3577b4a-f1d9-4ec5-aacf-b99977ea88c9
tokyo_disneyland,tdl_tomorrowland_monsters_inc_ride_and_go_seek,2026-09-13T10:34:05.746Z,25,OPERATING,4ed6a812-df04-4aa8-acb9-c6b164dbb706
tokyo_disneyland,tdl_tomorrowland_baymax_happy_ride,2026-09-13T10:32:08.542Z,100,OPERATING,ca00a0e8-f069-4d0a-9d5e-10cb63010956
tokyo_disneyland,tdl_new_fantasyland_enchanted_tale_of_beauty_and_the_beast,2026-09-13T10:32:08.550Z,30,OPERATING,e76670f0-9f5f-4918-8491-9bf51e73a596
tokyo_disneyland,tdl_critter_country_splash_mountain,2026-09-13T10:38:03.386Z,20,OPERATING,dfe25d8e-e234-4020-a261-30c6825d0680
tokyo_disneyland,tdl_westernland_big_thunder_mountain,2026-09-13T10:38:03.374Z,30,OPERATING,e3577b4a-f1d9-4ec5-aacf-b99977ea88c9
tokyo_disneyland,tdl_critter_country_splash_mountain,2026-09-13T10:44:42.518Z,20,OPERATING,dfe25d8e-e234-4020-a261-30c6825d0680
tokyo_disneyland,tdl_westernland_big_thunder_mountain,2026-09-13T10:44:42.504Z,30,OPERATING,e3577b4a-f1d9-4ec5-aacf-b99977ea88c9
tokyo_disneyland,tdl_tomorrowland_monsters_inc_ride_and_go_seek,2026-09-13T10:44:42.540Z,30,OPERATING,4ed6a812-df04-4aa8-acb9-c6b164dbb706
tokyo_disneyland,tdl_tomorrowland_baymax_happy_ride,2026-09-13T10:44:42.551Z,100,OPERATING,ca00a0e8-f069-4d0a-9d5e-10cb63010956
tokyo_disneyland,tdl_new_fantasyland_enchanted_tale_of_beauty_and_the_beast,2026-09-13T10:44:42.559Z,30,OPERATING,e76670f0-9f5f-4918-8491-9bf51e73a596
tokyo_disneyland,tdl_critter_country_splash_mountain,2026-09-13T10:48:57.829Z,30,OPERATING,dfe25d8e-e234-4020-a261-30c6825d0680
tokyo_disneyland,tdl_westernland_big_thunder_mountain,2026-09-13T10:48:57.821Z,40,OPERATING,e3577b4a-f1d9-4ec5-aacf-b99977ea88c9
tokyo_disneyland,tdl_tomorrowland_monsters_inc_ride_and_go_seek,2026-09-13T10:47:47.198Z,40,OPERATING,4ed6a812-df04-4aa8-acb9-c6b164dbb706
tokyo_disneyland,tdl_adventureland_pirates_of_the_caribbean,2026-09-13T10:47:47.171Z,10,OPERATING,52eb0fc9-5853-49c8-8c72-1e5e83aae1c1
tokyo_disneyland,tdl_new_fantasyland_enchanted_tale_of_beauty_and_the_beast,2026-09-13T10:48:57.836Z,40,OPERATING,e76670f0-9f5f-4918-8491-9bf51e73a596
tokyo_disneyland,tdl_fantasyland_peter_pans_flight,2026-09-13T10:54:04.643Z,10,OPERATING,e541ad8f-1457-469a-8f35-457555f475ad
tokyo_disneyland,tdl_critter_country_splash_mountain,2026-09-13T10:54:04.634Z,60,OPERATING,dfe25d8e-e234-4020-a261-30c6825d0680
tokyo_disneyland,tdl_westernland_big_thunder_mountain,2026-09-13T10:54:04.626Z,50,OPERATING,e3577b4a-f1d9-4ec5-aacf-b99977ea88c9
tokyo_disneyland,tdl_tomorrowland_monsters_inc_ride_and_go_seek,2026-09-13T10:54:04.652Z,50,OPERATING,4ed6a812-df04-4aa8-acb9-c6b164dbb706
tokyo_disneyland,tdl_adventureland_western_river_railroad,2026-09-13T10:54:04.611Z,25,OPERATING,6ee0697f-57ba-4c7b-8216-7c55b21288d4
tokyo_disneyland,tdl_adventureland_pirates_of_the_caribbean,2026-09-13T10:53:07.391Z,20,OPERATING,52eb0fc9-5853-49c8-8c72-1e5e83aae1c1
tokyo_disneyland,tdl_tomorrowland_baymax_happy_ride,2026-09-13T10:53:07.436Z,100,OPERATING,ca00a0e8-f069-4d0a-9d5e-10cb63010956
tokyo_disneyland,tdl_new_fantasyland_enchanted_tale_of_beauty_and_the_beast,2026-09-13T10:54:04.663Z,60,OPERATING,e76670f0-9f5f-4918-8491-9bf51e73a596
tokyo_disneyland,tdl_fantasyland_peter_pans_flight,2026-09-13T10:55:35.755Z,30,OPERATING,e541ad8f-1457-469a-8f35-457555f475ad
tokyo_disneyland,tdl_fantasyland_castle_carrousel,2026-09-13T10:55:35.763Z,5,OPERATING,1fb05b7d-953a-4fa7-b7ed-db2eb62b85bf
tokyo_disneyland,tdl_tomorrowland_star_tours,2026-09-13T10:55:35.791Z,15,OPERATING,512fd34c-2f0a-4e0a-bcc1-ef4d15c5f803
tokyo_disneyland,tdl_critter_country_splash_mountain,2026-09-13T10:59:18.172Z,70,OPERATING,dfe25d8e-e234-4020-a261-30c6825d0680
tokyo_disneyland,tdl_fantasyland_mickeys_philharmagic,2026-09-13T10:59:18.180Z,5,OPERATING,392ca2e8-afe0-4103-b296-c45bd373d036
tokyo_disneyland,tdl_toontown_gadgets_go_coaster,2026-09-13T10:59:18.196Z,10,OPERATING,52c5e406-67e2-4d37-aee8-987644d87b63
tokyo_disneyland,tdl_fantasyland_its_a_small_world,2026-09-13T10:55:35.774Z,5,OPERATING,0de1b543-46fd-4c3f-81c8-31d0cab9ef63
tokyo_disneyland,tdl_adventureland_pirates_of_the_caribbean,2026-09-13T10:59:18.162Z,15,OPERATING,52eb0fc9-5853-49c8-8c72-1e5e83aae1c1
tokyo_disneyland,tdl_fantasyland_alices_tea_party,2026-09-13T10:55:35.783Z,5,OPERATING,cfaa7d1c-111e-49b9-b21b-134eac4000e8
tokyo_disneyland,tdl_toontown_roger_rabbits_car_toon_spin,2026-09-13T10:59:18.188Z,10,OPERATING,73384e33-a86a-4601-996f-61dbffba6ec2
tokyo_disneyland,tdl_new_fantasyland_enchanted_tale_of_beauty_and_the_beast,2026-09-13T10:59:18.207Z,60,OPERATING,e76670f0-9f5f-4918-8491-9bf51e73a596
tokyo_disneyland,tdl_tomorrowland_star_tours,2026-09-13T11:03:49.981Z,15,OPERATING,512fd34c-2f0a-4e0a-bcc1-ef4d15c5f803
tokyo_disneyland,tdl_critter_country_splash_mountain,2026-09-13T11:03:49.972Z,60,OPERATING,dfe25d8e-e234-4020-a261-30c6825d0680
tokyo_disneyland,tdl_toontown_gadgets_go_coaster,2026-09-13T11:02:11.584Z,15,OPERATING,52c5e406-67e2-4d37-aee8-987644d87b63
tokyo_disneyland,tdl_toontown_roger_rabbits_car_toon_spin,2026-09-13T11:00:32.042Z,15,OPERATING,73384e33-a86a-4601-996f-61dbffba6ec2
tokyo_disneyland,tdl_new_fantasyland_enchanted_tale_of_beauty_and_the_beast,2026-09-13T11:00:32.153Z,60,OPERATING,e76670f0-9f5f-4918-8491-9bf51e73a596
