parkId,facilityId,observedAt,waitMinutes,status,sourceEntityId
tokyo_disneysea,tds_fs_a_001,2026-09-17T00:03:03.867Z,60,OPERATING,9fb0c97c-ebf7-4c25-8ea7-a3f4fe2aa9ec
tokyo_disneysea,tds_fs_a_003,2026-09-17T00:03:03.890Z,10,OPERATING,e8c15bc6-aaab-44ef-8285-1d92ebd2c47d
tokyo_disneysea,tds_ml_a_003,2026-09-17T00:01:29.176Z,5,OPERATING,58815e8e-7c01-4a42-8a00-1bd1c82a0252
tokyo_disneysea,tds_fs_a_002,2026-09-17T00:03:03.880Z,10,OPERATING,10b5b89e-02a6-4456-9ddd-69e06c2bded4
tokyo_disneysea,tds_lrd_a_002,2026-09-17T00:03:03.845Z,5,OPERATING,dd942cd2-b364-4262-af12-ca1a5012528b
tokyo_disneysea,tds_ml_a_004,2026-09-17T00:01:29.165Z,5,OPERATING,2d56558a-d4d2-4f79-898c-178c2c20cf67
tokyo_disneysea,tds_aw_a_004,2026-09-17T00:01:29.144Z,5,OPERATING,2daf12ac-21fd-4bfd-bbf6-0c98bed03e8f
tokyo_disneysea,tds_ac_a_002,2026-09-17T00:01:29.062Z,5,OPERATING,abbf5b3e-94e5-420a-8257-34594cd9d590
tokyo_disneysea,tds_mh_a_001,2026-09-17T00:01:29.123Z,5,OPERATING,2ca8f848-b8e2-4ba5-aa6e-e0fb37e85d0b
tokyo_disneysea,tds_aw_a_001,2026-09-17T00:01:29.244Z,5,OPERATING,71943126-e4ac-49c5-ac61-ac1687ad33af
tokyo_disneysea,tds_pd_a_003,2026-09-17T00:01:29.133Z,5,OPERATING,c8744918-42c0-427d-8947-c3dbd1abf8d5
tokyo_disneysea,tds_ac_a_003,2026-09-17T00:01:29.154Z,5,OPERATING,63ef07eb-9bfb-4782-885e-cfd08ced82f0
tokyo_disneysea,tds_mi_a_001,2026-09-17T00:01:29.091Z,5,OPERATING,c15da0f5-9668-48ee-b93a-8b737b6acf5b
tokyo_disneysea,tds_ml_a_005,2026-09-17T00:01:29.197Z,5,OPERATING,f37d7fe8-169f-459d-86f3-4843655358bd
tokyo_disneysea,tds_aw_a_003,2026-09-17T00:04:07.243Z,80,OPERATING,abb5d6ec-469e-4ab0-8685-5f04e9749653
tokyo_disneysea,tds_ml_a_007,2026-09-17T00:01:29.207Z,5,OPERATING,7594d3f2-b3d1-47a0-b64f-8bc01d373830
tokyo_disneysea,tds_mh_a_003,2026-09-17T00:03:03.829Z,120,OPERATING,3407ebac-c575-4c31-b794-1d271014d303
tokyo_disneysea,tds_fs_a_004,2026-09-17T00:01:29.290Z,10,OPERATING,c0224e78-abf6-4f89-b0d4-38647a98dd4d
tokyo_disneysea,tds_aw_a_002,2026-09-17T00:03:03.856Z,50,OPERATING,4ca7254c-7abc-4e52-82e0-9c562c096494
tokyo_disneysea,tds_pd_a_002,2026-09-17T00:01:29.254Z,15,OPERATING,179e4e82-26ed-4b04-bf21-f03808b61df4
tokyo_disneysea,tds_aw_a_001,2026-09-17T00:07:14.402Z,20,OPERATING,71943126-e4ac-49c5-ac61-ac1687ad33af
tokyo_disneysea,tds_aw_a_003,2026-09-17T00:09:05.259Z,90,OPERATING,abb5d6ec-469e-4ab0-8685-5f04e9749653
tokyo_disneysea,tds_mh_a_003,2026-09-17T00:09:05.269Z,100,OPERATING,3407ebac-c575-4c31-b794-1d271014d303
tokyo_disneysea,tds_fs_a_004,2026-09-17T00:05:33.171Z,5,OPERATING,c0224e78-abf6-4f89-b0d4-38647a98dd4d
tokyo_disneysea,tds_aw_a_002,2026-09-17T00:07:14.394Z,70,OPERATING,4ca7254c-7abc-4e52-82e0-9c562c096494
tokyo_disneysea,tds_fs_a_001,2026-09-17T00:13:31.858Z,50,OPERATING,9fb0c97c-ebf7-4c25-8ea7-a3f4fe2aa9ec
tokyo_disneysea,tds_fs_a_003,2026-09-17T00:11:30.311Z,10,OPERATING,e8c15bc6-aaab-44ef-8285-1d92ebd2c47d
tokyo_disneysea,tds_fs_a_002,2026-09-17T00:11:30.303Z,10,OPERATING,10b5b89e-02a6-4456-9ddd-69e06c2bded4
tokyo_disneysea,tds_lrd_a_002,2026-09-17T00:13:31.836Z,15,OPERATING,dd942cd2-b364-4262-af12-ca1a5012528b
tokyo_disneysea,tds_aw_a_001,2026-09-17T00:13:31.851Z,15,OPERATING,71943126-e4ac-49c5-ac61-ac1687ad33af
tokyo_disneysea,tds_aw_a_003,2026-09-17T00:13:31.828Z,120,OPERATING,abb5d6ec-469e-4ab0-8685-5f04e9749653
tokyo_disneysea,tds_mh_a_003,2026-09-17T00:11:30.272Z,100,OPERATING,3407ebac-c575-4c31-b794-1d271014d303
tokyo_disneysea,tds_aw_a_002,2026-09-17T00:13:31.844Z,80,OPERATING,4ca7254c-7abc-4e52-82e0-9c562c096494
tokyo_disneysea,tds_fs_a_001,2026-09-17T00:19:29.907Z,100,OPERATING,9fb0c97c-ebf7-4c25-8ea7-a3f4fe2aa9ec
tokyo_disneysea,tds_fs_a_003,2026-09-17T00:17:35.999Z,10,OPERATING,e8c15bc6-aaab-44ef-8285-1d92ebd2c47d
tokyo_disneysea,tds_fs_a_002,2026-09-17T00:19:29.914Z,15,OPERATING,10b5b89e-02a6-4456-9ddd-69e06c2bded4
tokyo_disneysea,tds_lrd_a_002,2026-09-17T00:19:29.891Z,20,OPERATING,dd942cd2-b364-4262-af12-ca1a5012528b
tokyo_disneysea,tds_aw_a_001,2026-09-17T00:19:29.899Z,20,OPERATING,71943126-e4ac-49c5-ac61-ac1687ad33af
tokyo_disneysea,tds_aw_a_003,2026-09-17T00:15:05.101Z,120,OPERATING,abb5d6ec-469e-4ab0-8685-5f04e9749653
tokyo_disneysea,tds_mh_a_003,2026-09-17T00:17:35.960Z,100,OPERATING,3407ebac-c575-4c31-b794-1d271014d303
tokyo_disneysea,tds_aw_a_002,2026-09-17T00:17:35.976Z,90,OPERATING,4ca7254c-7abc-4e52-82e0-9c562c096494
tokyo_disneysea,tds_fs_a_001,2026-09-17T00:23:37.238Z,140,OPERATING,9fb0c97c-ebf7-4c25-8ea7-a3f4fe2aa9ec
tokyo_disneysea,tds_fs_a_003,2026-09-17T00:23:37.253Z,20,OPERATING,e8c15bc6-aaab-44ef-8285-1d92ebd2c47d
tokyo_disneysea,tds_fs_a_002,2026-09-17T00:23:37.247Z,20,OPERATING,10b5b89e-02a6-4456-9ddd-69e06c2bded4
tokyo_disneysea,tds_lrd_a_002,2026-09-17T00:23:37.231Z,25,OPERATING,dd942cd2-b364-4262-af12-ca1a5012528b
tokyo_disneysea,tds_aw_a_003,2026-09-17T00:22:36.743Z,120,OPERATING,abb5d6ec-469e-4ab0-8685-5f04e9749653
tokyo_disneysea,tds_mh_a_003,2026-09-17T00:22:36.752Z,100,OPERATING,3407ebac-c575-4c31-b794-1d271014d303
tokyo_disneysea,tds_fs_a_004,2026-09-17T00:23:37.261Z,10,OPERATING,c0224e78-abf6-4f89-b0d4-38647a98dd4d
tokyo_disneysea,tds_aw_a_002,2026-09-17T00:22:36.795Z,90,OPERATING,4ca7254c-7abc-4e52-82e0-9c562c096494
tokyo_disneysea,tds_fs_a_003,2026-09-17T00:29:38.097Z,30,OPERATING,e8c15bc6-aaab-44ef-8285-1d92ebd2c47d
tokyo_disneysea,tds_fs_a_002,2026-09-17T00:29:38.089Z,35,OPERATING,10b5b89e-02a6-4456-9ddd-69e06c2bded4
tokyo_disneysea,tds_lrd_a_002,2026-09-17T00:29:38.068Z,40,OPERATING,dd942cd2-b364-4262-af12-ca1a5012528b
tokyo_disneysea,tds_aw_a_001,2026-09-17T00:28:55.734Z,15,OPERATING,71943126-e4ac-49c5-ac61-ac1687ad33af
tokyo_disneysea,tds_aw_a_003,2026-09-17T00:27:07.644Z,140,OPERATING,abb5d6ec-469e-4ab0-8685-5f04e9749653
tokyo_disneysea,tds_mh_a_003,2026-09-17T00:29:38.054Z,100,OPERATING,3407ebac-c575-4c31-b794-1d271014d303
tokyo_disneysea,tds_fs_a_004,2026-09-17T00:28:55.753Z,15,OPERATING,c0224e78-abf6-4f89-b0d4-38647a98dd4d
tokyo_disneysea,tds_aw_a_002,2026-09-17T00:29:38.075Z,90,OPERATING,4ca7254c-7abc-4e52-82e0-9c562c096494
tokyo_disneysea,tds_ml_a_002,2026-09-17T00:25:38.291Z,5,OPERATING,c6c0d34d-531a-40d9-b711-3497fd53c28b
tokyo_disneysea,tds_fs_a_003,2026-09-17T00:31:44.205Z,30,OPERATING,e8c15bc6-aaab-44ef-8285-1d92ebd2c47d
tokyo_disneysea,tds_fs_a_002,2026-09-17T00:34:45.873Z,40,OPERATING,10b5b89e-02a6-4456-9ddd-69e06c2bded4
tokyo_disneysea,tds_lrd_a_002,2026-09-17T00:34:45.854Z,50,OPERATING,dd942cd2-b364-4262-af12-ca1a5012528b
tokyo_disneysea,tds_mi_a_001,2026-09-17T00:34:45.844Z,10,OPERATING,c15da0f5-9668-48ee-b93a-8b737b6acf5b
tokyo_disneysea,tds_aw_a_003,2026-09-17T00:34:45.817Z,140,OPERATING,abb5d6ec-469e-4ab0-8685-5f04e9749653
tokyo_disneysea,tds_mh_a_003,2026-09-17T00:34:45.828Z,100,OPERATING,3407ebac-c575-4c31-b794-1d271014d303
tokyo_disneysea,tds_fs_a_004,2026-09-17T00:31:44.215Z,30,OPERATING,c0224e78-abf6-4f89-b0d4-38647a98dd4d
tokyo_disneysea,tds_aw_a_002,2026-09-17T00:34:45.863Z,100,OPERATING,4ca7254c-7abc-4e52-82e0-9c562c096494
tokyo_disneysea,tds_fs_a_003,2026-09-17T00:37:50.218Z,60,OPERATING,e8c15bc6-aaab-44ef-8285-1d92ebd2c47d
tokyo_disneysea,tds_mh_a_001,2026-09-17T00:37:50.208Z,10,OPERATING,2ca8f848-b8e2-4ba5-aa6e-e0fb37e85d0b
tokyo_disneysea,tds_mi_a_001,2026-09-17T00:37:50.199Z,15,OPERATING,c15da0f5-9668-48ee-b93a-8b737b6acf5b
tokyo_disneysea,tds_fs_a_004,2026-09-17T00:37:50.225Z,40,OPERATING,c0224e78-abf6-4f89-b0d4-38647a98dd4d
tokyo_disneysea,tds_fs_a_003,2026-09-17T00:42:18.360Z,60,OPERATING,e8c15bc6-aaab-44ef-8285-1d92ebd2c47d
tokyo_disneysea,tds_fs_a_002,2026-09-17T00:44:19.729Z,60,OPERATING,10b5b89e-02a6-4456-9ddd-69e06c2bded4
tokyo_disneysea,tds_lrd_a_002,2026-09-17T00:42:18.319Z,50,OPERATING,dd942cd2-b364-4262-af12-ca1a5012528b
tokyo_disneysea,tds_aw_a_001,2026-09-17T00:42:18.335Z,15,OPERATING,71943126-e4ac-49c5-ac61-ac1687ad33af
tokyo_disneysea,tds_mi_a_001,2026-09-17T00:42:18.311Z,20,OPERATING,c15da0f5-9668-48ee-b93a-8b737b6acf5b
tokyo_disneysea,tds_aw_a_003,2026-09-17T00:42:18.286Z,140,OPERATING,abb5d6ec-469e-4ab0-8685-5f04e9749653
tokyo_disneysea,tds_mh_a_003,2026-09-17T00:42:18.295Z,100,OPERATING,3407ebac-c575-4c31-b794-1d271014d303
tokyo_disneysea,tds_aw_a_002,2026-09-17T00:42:18.327Z,100,OPERATING,4ca7254c-7abc-4e52-82e0-9c562c096494
tokyo_disneysea,tds_fs_a_003,2026-09-17T00:46:49.001Z,60,OPERATING,e8c15bc6-aaab-44ef-8285-1d92ebd2c47d
tokyo_disneysea,tds_lrd_a_002,2026-09-17T00:46:48.980Z,50,OPERATING,dd942cd2-b364-4262-af12-ca1a5012528b
tokyo_disneysea,tds_ac_a_002,2026-09-17T00:46:48.965Z,10,OPERATING,abbf5b3e-94e5-420a-8257-34594cd9d590
tokyo_disneysea,tds_aw_a_003,2026-09-17T00:46:48.949Z,140,OPERATING,abb5d6ec-469e-4ab0-8685-5f04e9749653
tokyo_disneysea,tds_mh_a_003,2026-09-17T00:46:48.958Z,100,OPERATING,3407ebac-c575-4c31-b794-1d271014d303
tokyo_disneysea,tds_fs_a_004,2026-09-17T00:46:49.010Z,50,OPERATING,c0224e78-abf6-4f89-b0d4-38647a98dd4d
tokyo_disneysea,tds_aw_a_002,2026-09-17T00:46:48.988Z,100,OPERATING,4ca7254c-7abc-4e52-82e0-9c562c096494
tokyo_disneysea,tds_fs_a_003,2026-09-17T00:54:27.970Z,60,OPERATING,e8c15bc6-aaab-44ef-8285-1d92ebd2c47d
tokyo_disneysea,tds_ml_a_003,2026-09-17T00:54:27.931Z,10,OPERATING,58815e8e-7c01-4a42-8a00-1bd1c82a0252
tokyo_disneysea,tds_fs_a_002,2026-09-17T00:54:27.962Z,60,OPERATING,10b5b89e-02a6-4456-9ddd-69e06c2bded4
tokyo_disneysea,tds_lrd_a_002,2026-09-17T00:54:27.939Z,50,OPERATING,dd942cd2-b364-4262-af12-ca1a5012528b
tokyo_disneysea,tds_mh_a_001,2026-09-17T00:52:49.502Z,15,OPERATING,2ca8f848-b8e2-4ba5-aa6e-e0fb37e85d0b
tokyo_disneysea,tds_aw_a_001,2026-09-17T00:52:49.527Z,20,OPERATING,71943126-e4ac-49c5-ac61-ac1687ad33af
tokyo_disneysea,tds_ac_a_003,2026-09-17T00:52:49.512Z,10,OPERATING,63ef07eb-9bfb-4782-885e-cfd08ced82f0
tokyo_disneysea,tds_mi_a_001,2026-09-17T00:49:49.132Z,25,OPERATING,c15da0f5-9668-48ee-b93a-8b737b6acf5b
tokyo_disneysea,tds_ml_a_005,2026-09-17T00:52:49.519Z,10,OPERATING,f37d7fe8-169f-459d-86f3-4843655358bd
tokyo_disneysea,tds_aw_a_003,2026-09-17T00:54:27.915Z,140,OPERATING,abb5d6ec-469e-4ab0-8685-5f04e9749653
tokyo_disneysea,tds_mh_a_003,2026-09-17T00:50:54.652Z,120,OPERATING,3407ebac-c575-4c31-b794-1d271014d303
tokyo_disneysea,tds_aw_a_002,2026-09-17T00:54:27.946Z,100,OPERATING,4ca7254c-7abc-4e52-82e0-9c562c096494
tokyo_disneysea,tds_fs_a_003,2026-09-17T00:58:50.774Z,60,OPERATING,e8c15bc6-aaab-44ef-8285-1d92ebd2c47d
tokyo_disneysea,tds_fs_a_002,2026-09-17T00:58:50.761Z,60,OPERATING,10b5b89e-02a6-4456-9ddd-69e06c2bded4
tokyo_disneysea,tds_lrd_a_002,2026-09-17T00:58:50.732Z,60,OPERATING,dd942cd2-b364-4262-af12-ca1a5012528b
tokyo_disneysea,tds_aw_a_004,2026-09-17T00:55:49.805Z,10,OPERATING,2daf12ac-21fd-4bfd-bbf6-0c98bed03e8f
tokyo_disneysea,tds_ac_a_002,2026-09-17T00:58:50.717Z,15,OPERATING,abbf5b3e-94e5-420a-8257-34594cd9d590
tokyo_disneysea,tds_aw_a_001,2026-09-17T00:58:50.747Z,15,OPERATING,71943126-e4ac-49c5-ac61-ac1687ad33af
tokyo_disneysea,tds_aw_a_003,2026-09-17T00:58:50.702Z,180,OPERATING,abb5d6ec-469e-4ab0-8685-5f04e9749653
tokyo_disneysea,tds_mh_a_003,2026-09-17T00:58:50.709Z,120,OPERATING,3407ebac-c575-4c31-b794-1d271014d303
tokyo_disneysea,tds_aw_a_002,2026-09-17T00:58:50.739Z,100,OPERATING,4ca7254c-7abc-4e52-82e0-9c562c096494
tokyo_disneysea,tds_ac_a_001,2026-09-17T01:01:50.734Z,5,OPERATING,76aed95a-dce8-4d03-8c2a-8ad69b3d0d4a
tokyo_disneysea,tds_ac_a_004,2026-09-17T01:01:50.721Z,15,OPERATING,dcad67fe-76bb-4df2-bf5b-aaf70e8efc12
tokyo_disneysea,tds_fs_a_003,2026-09-17T01:07:17.967Z,60,OPERATING,e8c15bc6-aaab-44ef-8285-1d92ebd2c47d
tokyo_disneysea,tds_fs_a_002,2026-09-17T01:07:17.959Z,60,OPERATING,10b5b89e-02a6-4456-9ddd-69e06c2bded4
tokyo_disneysea,tds_lrd_a_002,2026-09-17T01:07:17.933Z,60,OPERATING,dd942cd2-b364-4262-af12-ca1a5012528b
tokyo_disneysea,tds_aw_a_001,2026-09-17T01:04:50.664Z,20,OPERATING,71943126-e4ac-49c5-ac61-ac1687ad33af
tokyo_disneysea,tds_aw_a_003,2026-09-17T01:07:17.907Z,180,OPERATING,abb5d6ec-469e-4ab0-8685-5f04e9749653
tokyo_disneysea,tds_mh_a_003,2026-09-17T01:07:17.916Z,120,OPERATING,3407ebac-c575-4c31-b794-1d271014d303
tokyo_disneysea,tds_aw_a_002,2026-09-17T01:07:17.942Z,100,OPERATING,4ca7254c-7abc-4e52-82e0-9c562c096494
tokyo_disneysea,tds_fs_a_003,2026-09-17T01:13:31.861Z,60,OPERATING,e8c15bc6-aaab-44ef-8285-1d92ebd2c47d
tokyo_disneysea,tds_ml_a_003,2026-09-17T01:13:31.815Z,15,OPERATING,58815e8e-7c01-4a42-8a00-1bd1c82a0252
tokyo_disneysea,tds_fs_a_002,2026-09-17T01:13:31.853Z,60,OPERATING,10b5b89e-02a6-4456-9ddd-69e06c2bded4
tokyo_disneysea,tds_lrd_a_002,2026-09-17T01:13:31.831Z,60,OPERATING,dd942cd2-b364-4262-af12-ca1a5012528b
tokyo_disneysea,tds_ml_a_004,2026-09-17T01:13:31.807Z,10,OPERATING,2d56558a-d4d2-4f79-898c-178c2c20cf67
tokyo_disneysea,tds_aw_a_001,2026-09-17T01:12:55.358Z,15,OPERATING,71943126-e4ac-49c5-ac61-ac1687ad33af
tokyo_disneysea,tds_ac_a_003,2026-09-17T01:12:55.348Z,5,OPERATING,63ef07eb-9bfb-4782-885e-cfd08ced82f0
tokyo_disneysea,tds_ml_a_005,2026-09-17T01:13:31.823Z,15,OPERATING,f37d7fe8-169f-459d-86f3-4843655358bd
tokyo_disneysea,tds_aw_a_003,2026-09-17T01:13:31.782Z,120,OPERATING,abb5d6ec-469e-4ab0-8685-5f04e9749653
tokyo_disneysea,tds_mh_a_003,2026-09-17T01:13:31.791Z,120,OPERATING,3407ebac-c575-4c31-b794-1d271014d303
tokyo_disneysea,tds_aw_a_002,2026-09-17T01:13:31.838Z,100,OPERATING,4ca7254c-7abc-4e52-82e0-9c562c096494
tokyo_disneysea,tds_fs_a_003,2026-09-17T01:19:21.194Z,50,OPERATING,e8c15bc6-aaab-44ef-8285-1d92ebd2c47d
tokyo_disneysea,tds_fs_a_002,2026-09-17T01:19:21.185Z,60,OPERATING,10b5b89e-02a6-4456-9ddd-69e06c2bded4
tokyo_disneysea,tds_lrd_a_002,2026-09-17T01:19:21.158Z,70,OPERATING,dd942cd2-b364-4262-af12-ca1a5012528b
tokyo_disneysea,tds_ml_a_004,2026-09-17T01:15:13.491Z,15,OPERATING,2d56558a-d4d2-4f79-898c-178c2c20cf67
tokyo_disneysea,tds_ac_a_002,2026-09-17T01:19:55.984Z,20,OPERATING,abbf5b3e-94e5-420a-8257-34594cd9d590
tokyo_disneysea,tds_mh_a_001,2026-09-17T01:15:13.482Z,10,OPERATING,2ca8f848-b8e2-4ba5-aa6e-e0fb37e85d0b
tokyo_disneysea,tds_aw_a_003,2026-09-17T01:15:13.463Z,120,OPERATING,abb5d6ec-469e-4ab0-8685-5f04e9749653
tokyo_disneysea,tds_ml_a_007,2026-09-17T01:19:21.148Z,10,OPERATING,7594d3f2-b3d1-47a0-b64f-8bc01d373830
tokyo_disneysea,tds_mh_a_003,2026-09-17T01:19:21.129Z,120,OPERATING,3407ebac-c575-4c31-b794-1d271014d303
tokyo_disneysea,tds_fs_a_004,2026-09-17T01:19:21.203Z,60,OPERATING,c0224e78-abf6-4f89-b0d4-38647a98dd4d
tokyo_disneysea,tds_aw_a_002,2026-09-17T01:19:21.167Z,100,OPERATING,4ca7254c-7abc-4e52-82e0-9c562c096494
tokyo_disneysea,tds_ml_a_002,2026-09-17T01:15:13.499Z,10,OPERATING,c6c0d34d-531a-40d9-b711-3497fd53c28b
tokyo_disneysea,tds_ml_a_003,2026-09-17T01:21:35.302Z,10,OPERATING,58815e8e-7c01-4a42-8a00-1bd1c82a0252
tokyo_disneysea,tds_aw_a_001,2026-09-17T01:21:35.318Z,20,OPERATING,71943126-e4ac-49c5-ac61-ac1687ad33af
tokyo_disneysea,tds_ml_a_007,2026-09-17T01:21:35.310Z,15,OPERATING,7594d3f2-b3d1-47a0-b64f-8bc01d373830
tokyo_disneysea,tds_pd_a_002,2026-09-17T01:21:35.327Z,20,OPERATING,179e4e82-26ed-4b04-bf21-f03808b61df4
tokyo_disneysea,tds_fs_a_003,2026-09-17T01:25:58.368Z,50,OPERATING,e8c15bc6-aaab-44ef-8285-1d92ebd2c47d
tokyo_disneysea,tds_ml_a_003,2026-09-17T01:25:58.317Z,15,OPERATING,58815e8e-7c01-4a42-8a00-1bd1c82a0252
tokyo_disneysea,tds_fs_a_002,2026-09-17T01:25:58.361Z,60,OPERATING,10b5b89e-02a6-4456-9ddd-69e06c2bded4
tokyo_disneysea,tds_mi_a_002,2026-09-17T01:28:59.606Z,30,OPERATING,c8526be3-e82c-4692-ae44-e8f2d1142c8a
tokyo_disneysea,tds_lrd_a_002,2026-09-17T01:25:58.339Z,70,OPERATING,dd942cd2-b364-4262-af12-ca1a5012528b
tokyo_disneysea,tds_aw_a_001,2026-09-17T01:27:37.567Z,15,OPERATING,71943126-e4ac-49c5-ac61-ac1687ad33af
tokyo_disneysea,tds_ml_a_005,2026-09-17T01:27:37.558Z,15,OPERATING,f37d7fe8-169f-459d-86f3-4843655358bd
tokyo_disneysea,tds_aw_a_003,2026-09-17T01:28:59.583Z,100,OPERATING,abb5d6ec-469e-4ab0-8685-5f04e9749653
tokyo_disneysea,tds_mh_a_003,2026-09-17T01:26:24.317Z,140,OPERATING,3407ebac-c575-4c31-b794-1d271014d303
tokyo_disneysea,tds_aw_a_002,2026-09-17T01:25:58.347Z,100,OPERATING,4ca7254c-7abc-4e52-82e0-9c562c096494
tokyo_disneysea,tds_ml_a_002,2026-09-17T01:25:58.324Z,5,OPERATING,c6c0d34d-531a-40d9-b711-3497fd53c28b
tokyo_disneysea,tds_pd_a_002,2026-09-17T01:27:37.576Z,15,OPERATING,179e4e82-26ed-4b04-bf21-f03808b61df4
tokyo_disneysea,tds_fs_a_001,2026-09-17T01:31:59.404Z,120,OPERATING,9fb0c97c-ebf7-4c25-8ea7-a3f4fe2aa9ec
tokyo_disneysea,tds_fs_a_003,2026-09-17T01:30:51.058Z,50,OPERATING,e8c15bc6-aaab-44ef-8285-1d92ebd2c47d
tokyo_disneysea,tds_ml_a_003,2026-09-17T01:31:59.384Z,10,OPERATING,58815e8e-7c01-4a42-8a00-1bd1c82a0252
tokyo_disneysea,tds_fs_a_002,2026-09-17T01:30:51.044Z,60,OPERATING,10b5b89e-02a6-4456-9ddd-69e06c2bded4
tokyo_disneysea,tds_mi_a_002,2026-09-17T01:34:59.544Z,60,OPERATING,c8526be3-e82c-4692-ae44-e8f2d1142c8a
tokyo_disneysea,tds_lrd_a_002,2026-09-17T01:34:27.821Z,80,OPERATING,dd942cd2-b364-4262-af12-ca1a5012528b
tokyo_disneysea,tds_aw_a_004,2026-09-17T01:31:59.373Z,15,OPERATING,2daf12ac-21fd-4bfd-bbf6-0c98bed03e8f
tokyo_disneysea,tds_aw_a_003,2026-09-17T01:34:27.797Z,90,OPERATING,abb5d6ec-469e-4ab0-8685-5f04e9749653
tokyo_disneysea,tds_fs_a_004,2026-09-17T01:30:51.068Z,50,OPERATING,c0224e78-abf6-4f89-b0d4-38647a98dd4d
tokyo_disneysea,tds_aw_a_002,2026-09-17T01:30:51.024Z,100,OPERATING,4ca7254c-7abc-4e52-82e0-9c562c096494
tokyo_disneysea,tds_fs_a_003,2026-09-17T01:38:00.146Z,50,OPERATING,e8c15bc6-aaab-44ef-8285-1d92ebd2c47d
tokyo_disneysea,tds_fs_a_002,2026-09-17T01:38:00.130Z,50,OPERATING,10b5b89e-02a6-4456-9ddd-69e06c2bded4
tokyo_disneysea,tds_mi_a_002,2026-09-17T01:38:00.090Z,90,OPERATING,c8526be3-e82c-4692-ae44-e8f2d1142c8a
tokyo_disneysea,tds_lrd_a_002,2026-09-17T01:38:00.103Z,80,OPERATING,dd942cd2-b364-4262-af12-ca1a5012528b
tokyo_disneysea,tds_aw_a_001,2026-09-17T01:36:57.078Z,20,OPERATING,71943126-e4ac-49c5-ac61-ac1687ad33af
tokyo_disneysea,tds_aw_a_003,2026-09-17T01:38:00.066Z,80,OPERATING,abb5d6ec-469e-4ab0-8685-5f04e9749653
tokyo_disneysea,tds_mh_a_003,2026-09-17T01:38:00.079Z,140,OPERATING,3407ebac-c575-4c31-b794-1d271014d303
tokyo_disneysea,tds_aw_a_002,2026-09-17T01:38:00.118Z,100,OPERATING,4ca7254c-7abc-4e52-82e0-9c562c096494
tokyo_disneysea,tds_fs_a_001,2026-09-17T01:40:59.875Z,140,OPERATING,9fb0c97c-ebf7-4c25-8ea7-a3f4fe2aa9ec
tokyo_disneysea,tds_fs_a_003,2026-09-17T01:40:56.329Z,50,OPERATING,e8c15bc6-aaab-44ef-8285-1d92ebd2c47d
tokyo_disneysea,tds_fs_a_002,2026-09-17T01:40:56.320Z,50,OPERATING,10b5b89e-02a6-4456-9ddd-69e06c2bded4
tokyo_disneysea,tds_mi_a_002,2026-09-17T01:44:00.121Z,140,OPERATING,c8526be3-e82c-4692-ae44-e8f2d1142c8a
tokyo_disneysea,tds_lrd_a_002,2026-09-17T01:44:00.144Z,70,OPERATING,dd942cd2-b364-4262-af12-ca1a5012528b
tokyo_disneysea,tds_aw_a_001,2026-09-17T01:43:15.440Z,15,OPERATING,71943126-e4ac-49c5-ac61-ac1687ad33af
tokyo_disneysea,tds_ml_a_005,2026-09-17T01:43:15.420Z,10,OPERATING,f37d7fe8-169f-459d-86f3-4843655358bd
tokyo_disneysea,tds_aw_a_003,2026-09-17T01:40:56.266Z,80,OPERATING,abb5d6ec-469e-4ab0-8685-5f04e9749653
tokyo_disneysea,tds_mh_a_003,2026-09-17T01:40:56.273Z,140,OPERATING,3407ebac-c575-4c31-b794-1d271014d303
tokyo_disneysea,tds_fs_a_004,2026-09-17T01:40:56.337Z,40,OPERATING,c0224e78-abf6-4f89-b0d4-38647a98dd4d
tokyo_disneysea,tds_aw_a_002,2026-09-17T01:40:56.298Z,100,OPERATING,4ca7254c-7abc-4e52-82e0-9c562c096494
tokyo_disneysea,tds_fs_a_003,2026-09-17T01:50:01.262Z,50,OPERATING,e8c15bc6-aaab-44ef-8285-1d92ebd2c47d
tokyo_disneysea,tds_fs_a_002,2026-09-17T01:47:00.153Z,60,OPERATING,10b5b89e-02a6-4456-9ddd-69e06c2bded4
tokyo_disneysea,tds_mi_a_002,2026-09-17T01:50:01.235Z,160,OPERATING,c8526be3-e82c-4692-ae44-e8f2d1142c8a
tokyo_disneysea,tds_lrd_a_002,2026-09-17T01:50:01.242Z,80,OPERATING,dd942cd2-b364-4262-af12-ca1a5012528b
tokyo_disneysea,tds_aw_a_004,2026-09-17T01:49:21.277Z,20,OPERATING,2daf12ac-21fd-4bfd-bbf6-0c98bed03e8f
tokyo_disneysea,tds_aw_a_001,2026-09-17T01:49:21.302Z,20,OPERATING,71943126-e4ac-49c5-ac61-ac1687ad33af
tokyo_disneysea,tds_ml_a_005,2026-09-17T01:46:54.741Z,15,OPERATING,f37d7fe8-169f-459d-86f3-4843655358bd
tokyo_disneysea,tds_aw_a_003,2026-09-17T01:50:01.210Z,70,OPERATING,abb5d6ec-469e-4ab0-8685-5f04e9749653
tokyo_disneysea,tds_mh_a_003,2026-09-17T01:50:01.217Z,140,OPERATING,3407ebac-c575-4c31-b794-1d271014d303
tokyo_disneysea,tds_aw_a_002,2026-09-17T01:50:01.252Z,90,OPERATING,4ca7254c-7abc-4e52-82e0-9c562c096494
tokyo_disneysea,tds_fs_a_001,2026-09-17T01:53:08.518Z,140,OPERATING,9fb0c97c-ebf7-4c25-8ea7-a3f4fe2aa9ec
tokyo_disneysea,tds_fs_a_003,2026-09-17T01:53:08.536Z,50,OPERATING,e8c15bc6-aaab-44ef-8285-1d92ebd2c47d
tokyo_disneysea,tds_fs_a_002,2026-09-17T01:53:08.527Z,60,OPERATING,10b5b89e-02a6-4456-9ddd-69e06c2bded4
tokyo_disneysea,tds_mi_a_002,2026-09-17T01:53:08.486Z,160,OPERATING,c8526be3-e82c-4692-ae44-e8f2d1142c8a
tokyo_disneysea,tds_lrd_a_002,2026-09-17T01:53:08.495Z,70,OPERATING,dd942cd2-b364-4262-af12-ca1a5012528b
tokyo_disneysea,tds_aw_a_003,2026-09-17T01:53:08.468Z,70,OPERATING,abb5d6ec-469e-4ab0-8685-5f04e9749653
tokyo_disneysea,tds_mh_a_003,2026-09-17T01:53:08.477Z,120,OPERATING,3407ebac-c575-4c31-b794-1d271014d303
tokyo_disneysea,tds_aw_a_002,2026-09-17T01:53:08.508Z,90,OPERATING,4ca7254c-7abc-4e52-82e0-9c562c096494
tokyo_disneysea,tds_ml_a_002,2026-09-17T01:53:00.760Z,10,OPERATING,c6c0d34d-531a-40d9-b711-3497fd53c28b
tokyo_disneysea,tds_fs_a_003,2026-09-17T01:56:03.561Z,60,OPERATING,e8c15bc6-aaab-44ef-8285-1d92ebd2c47d
tokyo_disneysea,tds_ml_a_003,2026-09-17T01:59:01.781Z,15,OPERATING,58815e8e-7c01-4a42-8a00-1bd1c82a0252
tokyo_disneysea,tds_fs_a_002,2026-09-17T01:59:07.836Z,50,OPERATING,10b5b89e-02a6-4456-9ddd-69e06c2bded4
tokyo_disneysea,tds_mi_a_002,2026-09-17T01:59:07.823Z,140,OPERATING,c8526be3-e82c-4692-ae44-e8f2d1142c8a
tokyo_disneysea,tds_lrd_a_002,2026-09-17T01:56:03.551Z,60,OPERATING,dd942cd2-b364-4262-af12-ca1a5012528b
tokyo_disneysea,tds_aw_a_001,2026-09-17T01:59:01.793Z,15,OPERATING,71943126-e4ac-49c5-ac61-ac1687ad33af
tokyo_disneysea,tds_aw_a_003,2026-09-17T01:56:03.541Z,60,OPERATING,abb5d6ec-469e-4ab0-8685-5f04e9749653
tokyo_disneysea,tds_ml_a_007,2026-09-17T01:55:52.541Z,10,OPERATING,7594d3f2-b3d1-47a0-b64f-8bc01d373830
tokyo_disneysea,tds_fs_a_001,2026-09-17T02:02:02.710Z,140,OPERATING,9fb0c97c-ebf7-4c25-8ea7-a3f4fe2aa9ec
tokyo_disneysea,tds_fs_a_003,2026-09-17T02:02:02.737Z,50,OPERATING,e8c15bc6-aaab-44ef-8285-1d92ebd2c47d
tokyo_disneysea,tds_fs_a_002,2026-09-17T02:02:02.721Z,50,OPERATING,10b5b89e-02a6-4456-9ddd-69e06c2bded4
tokyo_disneysea,tds_mi_a_002,2026-09-17T02:02:02.676Z,140,OPERATING,c8526be3-e82c-4692-ae44-e8f2d1142c8a
tokyo_disneysea,tds_lrd_a_002,2026-09-17T02:02:02.690Z,50,OPERATING,dd942cd2-b364-4262-af12-ca1a5012528b
tokyo_disneysea,tds_ac_a_002,2026-09-17T02:01:41.507Z,15,OPERATING,abbf5b3e-94e5-420a-8257-34594cd9d590
tokyo_disneysea,tds_mh_a_003,2026-09-17T02:02:02.667Z,120,OPERATING,3407ebac-c575-4c31-b794-1d271014d303
tokyo_disneysea,tds_aw_a_002,2026-09-17T02:02:02.702Z,90,OPERATING,4ca7254c-7abc-4e52-82e0-9c562c096494
tokyo_disneysea,tds_fs_a_001,2026-09-17T02:08:01.807Z,120,OPERATING,9fb0c97c-ebf7-4c25-8ea7-a3f4fe2aa9ec
tokyo_disneysea,tds_fs_a_003,2026-09-17T02:05:19.115Z,50,OPERATING,e8c15bc6-aaab-44ef-8285-1d92ebd2c47d
tokyo_disneysea,tds_ml_a_003,2026-09-17T02:05:02.515Z,10,OPERATING,58815e8e-7c01-4a42-8a00-1bd1c82a0252
tokyo_disneysea,tds_fs_a_002,2026-09-17T02:05:19.104Z,50,OPERATING,10b5b89e-02a6-4456-9ddd-69e06c2bded4
tokyo_disneysea,tds_mi_a_002,2026-09-17T02:05:19.022Z,140,OPERATING,c8526be3-e82c-4692-ae44-e8f2d1142c8a
tokyo_disneysea,tds_lrd_a_002,2026-09-17T02:05:19.038Z,50,OPERATING,dd942cd2-b364-4262-af12-ca1a5012528b
tokyo_disneysea,tds_aw_a_003,2026-09-17T02:05:18.996Z,60,OPERATING,abb5d6ec-469e-4ab0-8685-5f04e9749653
tokyo_disneysea,tds_ml_a_007,2026-09-17T02:05:02.607Z,5,OPERATING,7594d3f2-b3d1-47a0-b64f-8bc01d373830
tokyo_disneysea,tds_mh_a_003,2026-09-17T02:05:19.009Z,120,OPERATING,3407ebac-c575-4c31-b794-1d271014d303
tokyo_disneysea,tds_aw_a_002,2026-09-17T02:05:19.053Z,90,OPERATING,4ca7254c-7abc-4e52-82e0-9c562c096494
tokyo_disneysea,tds_fs_a_003,2026-09-17T02:14:03.085Z,50,OPERATING,e8c15bc6-aaab-44ef-8285-1d92ebd2c47d
tokyo_disneysea,tds_fs_a_002,2026-09-17T02:14:03.074Z,50,OPERATING,10b5b89e-02a6-4456-9ddd-69e06c2bded4
tokyo_disneysea,tds_mi_a_002,2026-09-17T02:14:03.041Z,100,OPERATING,c8526be3-e82c-4692-ae44-e8f2d1142c8a
tokyo_disneysea,tds_lrd_a_002,2026-09-17T02:14:03.050Z,50,OPERATING,dd942cd2-b364-4262-af12-ca1a5012528b
tokyo_disneysea,tds_ml_a_004,2026-09-17T02:11:02.495Z,20,OPERATING,2d56558a-d4d2-4f79-898c-178c2c20cf67
tokyo_disneysea,tds_aw_a_004,2026-09-17T02:12:07.762Z,15,OPERATING,2daf12ac-21fd-4bfd-bbf6-0c98bed03e8f
tokyo_disneysea,tds_aw_a_001,2026-09-17T02:14:02.174Z,15,OPERATING,71943126-e4ac-49c5-ac61-ac1687ad33af
tokyo_disneysea,tds_aw_a_003,2026-09-17T02:14:03.018Z,70,OPERATING,abb5d6ec-469e-4ab0-8685-5f04e9749653
tokyo_disneysea,tds_mh_a_003,2026-09-17T02:14:03.032Z,120,OPERATING,3407ebac-c575-4c31-b794-1d271014d303
tokyo_disneysea,tds_aw_a_002,2026-09-17T02:14:03.065Z,90,OPERATING,4ca7254c-7abc-4e52-82e0-9c562c096494
tokyo_disneysea,tds_fs_a_001,2026-09-17T02:17:00.536Z,120,OPERATING,9fb0c97c-ebf7-4c25-8ea7-a3f4fe2aa9ec
tokyo_disneysea,tds_fs_a_003,2026-09-17T02:17:00.555Z,50,OPERATING,e8c15bc6-aaab-44ef-8285-1d92ebd2c47d
tokyo_disneysea,tds_fs_a_002,2026-09-17T02:17:00.546Z,50,OPERATING,10b5b89e-02a6-4456-9ddd-69e06c2bded4
tokyo_disneysea,tds_mi_a_002,2026-09-17T02:17:00.499Z,100,OPERATING,c8526be3-e82c-4692-ae44-e8f2d1142c8a
tokyo_disneysea,tds_lrd_a_002,2026-09-17T02:17:00.517Z,50,OPERATING,dd942cd2-b364-4262-af12-ca1a5012528b
tokyo_disneysea,tds_mi_a_001,2026-09-17T02:17:00.508Z,20,OPERATING,c15da0f5-9668-48ee-b93a-8b737b6acf5b
tokyo_disneysea,tds_aw_a_003,2026-09-17T02:17:02.501Z,80,OPERATING,abb5d6ec-469e-4ab0-8685-5f04e9749653
tokyo_disneysea,tds_mh_a_003,2026-09-17T02:17:00.487Z,120,OPERATING,3407ebac-c575-4c31-b794-1d271014d303
tokyo_disneysea,tds_aw_a_002,2026-09-17T02:17:02.518Z,100,OPERATING,4ca7254c-7abc-4e52-82e0-9c562c096494
tokyo_disneysea,tds_fs_a_001,2026-09-17T02:20:44.003Z,140,OPERATING,9fb0c97c-ebf7-4c25-8ea7-a3f4fe2aa9ec
tokyo_disneysea,tds_fs_a_002,2026-09-17T02:23:22.847Z,40,OPERATING,10b5b89e-02a6-4456-9ddd-69e06c2bded4
tokyo_disneysea,tds_aw_a_001,2026-09-17T02:23:22.838Z,20,OPERATING,71943126-e4ac-49c5-ac61-ac1687ad33af
tokyo_disneysea,tds_mi_a_001,2026-09-17T02:23:02.631Z,15,OPERATING,c15da0f5-9668-48ee-b93a-8b737b6acf5b
tokyo_disneysea,tds_fs_a_004,2026-09-17T02:23:22.856Z,30,OPERATING,c0224e78-abf6-4f89-b0d4-38647a98dd4d
tokyo_disneysea,tds_aw_a_002,2026-09-17T02:23:22.830Z,90,OPERATING,4ca7254c-7abc-4e52-82e0-9c562c096494
tokyo_disneysea,tds_ml_a_002,2026-09-17T02:20:02.816Z,15,OPERATING,c6c0d34d-531a-40d9-b711-3497fd53c28b
tokyo_disneysea,tds_fs_a_001,2026-09-17T02:27:05.584Z,140,OPERATING,9fb0c97c-ebf7-4c25-8ea7-a3f4fe2aa9ec
tokyo_disneysea,tds_fs_a_003,2026-09-17T02:29:29.070Z,40,OPERATING,e8c15bc6-aaab-44ef-8285-1d92ebd2c47d
tokyo_disneysea,tds_fs_a_002,2026-09-17T02:27:05.595Z,40,OPERATING,10b5b89e-02a6-4456-9ddd-69e06c2bded4
tokyo_disneysea,tds_mi_a_002,2026-09-17T02:27:05.555Z,100,OPERATING,c8526be3-e82c-4692-ae44-e8f2d1142c8a
tokyo_disneysea,tds_lrd_a_002,2026-09-17T02:29:29.055Z,60,OPERATING,dd942cd2-b364-4262-af12-ca1a5012528b
tokyo_disneysea,tds_aw_a_001,2026-09-17T02:29:29.062Z,15,OPERATING,71943126-e4ac-49c5-ac61-ac1687ad33af
tokyo_disneysea,tds_aw_a_003,2026-09-17T02:27:05.535Z,80,OPERATING,abb5d6ec-469e-4ab0-8685-5f04e9749653
tokyo_disneysea,tds_ml_a_007,2026-09-17T02:26:04.383Z,10,OPERATING,7594d3f2-b3d1-47a0-b64f-8bc01d373830
tokyo_disneysea,tds_mh_a_003,2026-09-17T02:27:05.547Z,120,OPERATING,3407ebac-c575-4c31-b794-1d271014d303
tokyo_disneysea,tds_fs_a_004,2026-09-17T02:29:29.077Z,40,OPERATING,c0224e78-abf6-4f89-b0d4-38647a98dd4d
tokyo_disneysea,tds_aw_a_002,2026-09-17T02:27:05.576Z,90,OPERATING,4ca7254c-7abc-4e52-82e0-9c562c096494
tokyo_disneysea,tds_ml_a_002,2026-09-17T02:26:04.366Z,10,OPERATING,c6c0d34d-531a-40d9-b711-3497fd53c28b
tokyo_disneysea,tds_ml_a_007,2026-09-17T02:32:03.531Z,15,OPERATING,7594d3f2-b3d1-47a0-b64f-8bc01d373830
tokyo_disneysea,tds_mh_a_003,2026-09-17T02:32:59.330Z,140,OPERATING,3407ebac-c575-4c31-b794-1d271014d303
tokyo_disneysea,tds_fs_a_001,2026-09-17T02:40:31.961Z,140,OPERATING,9fb0c97c-ebf7-4c25-8ea7-a3f4fe2aa9ec
tokyo_disneysea,tds_fs_a_003,2026-09-17T02:40:31.976Z,40,OPERATING,e8c15bc6-aaab-44ef-8285-1d92ebd2c47d
tokyo_disneysea,tds_fs_a_002,2026-09-17T02:40:31.968Z,40,OPERATING,10b5b89e-02a6-4456-9ddd-69e06c2bded4
tokyo_disneysea,tds_mi_a_002,2026-09-17T02:40:31.939Z,100,OPERATING,c8526be3-e82c-4692-ae44-e8f2d1142c8a
tokyo_disneysea,tds_lrd_a_002,2026-09-17T02:40:31.946Z,60,OPERATING,dd942cd2-b364-4262-af12-ca1a5012528b
tokyo_disneysea,tds_pd_a_003,2026-09-17T02:41:04.125Z,10,OPERATING,c8744918-42c0-427d-8947-c3dbd1abf8d5
tokyo_disneysea,tds_ml_a_005,2026-09-17T02:38:04.023Z,20,OPERATING,f37d7fe8-169f-459d-86f3-4843655358bd
tokyo_disneysea,tds_aw_a_003,2026-09-17T02:40:31.922Z,80,OPERATING,abb5d6ec-469e-4ab0-8685-5f04e9749653
tokyo_disneysea,tds_ml_a_007,2026-09-17T02:38:04.033Z,10,OPERATING,7594d3f2-b3d1-47a0-b64f-8bc01d373830
tokyo_disneysea,tds_mh_a_003,2026-09-17T02:40:31.930Z,140,OPERATING,3407ebac-c575-4c31-b794-1d271014d303
tokyo_disneysea,tds_fs_a_004,2026-09-17T02:38:04.090Z,40,OPERATING,c0224e78-abf6-4f89-b0d4-38647a98dd4d
tokyo_disneysea,tds_aw_a_002,2026-09-17T02:40:31.953Z,90,OPERATING,4ca7254c-7abc-4e52-82e0-9c562c096494
tokyo_disneysea,tds_fs_a_001,2026-09-17T02:50:05.261Z,160,OPERATING,9fb0c97c-ebf7-4c25-8ea7-a3f4fe2aa9ec
tokyo_disneysea,tds_fs_a_003,2026-09-17T02:50:05.287Z,40,OPERATING,e8c15bc6-aaab-44ef-8285-1d92ebd2c47d
tokyo_disneysea,tds_fs_a_002,2026-09-17T02:50:05.272Z,25,OPERATING,10b5b89e-02a6-4456-9ddd-69e06c2bded4
tokyo_disneysea,tds_mi_a_002,2026-09-17T02:50:05.217Z,120,OPERATING,c8526be3-e82c-4692-ae44-e8f2d1142c8a
tokyo_disneysea,tds_lrd_a_002,2026-09-17T02:50:05.228Z,70,OPERATING,dd942cd2-b364-4262-af12-ca1a5012528b
tokyo_disneysea,tds_aw_a_004,2026-09-17T02:47:06.344Z,10,OPERATING,2daf12ac-21fd-4bfd-bbf6-0c98bed03e8f
tokyo_disneysea,tds_pd_a_003,2026-09-17T02:47:06.335Z,15,OPERATING,c8744918-42c0-427d-8947-c3dbd1abf8d5
tokyo_disneysea,tds_aw_a_003,2026-09-17T02:50:05.189Z,80,OPERATING,abb5d6ec-469e-4ab0-8685-5f04e9749653
tokyo_disneysea,tds_ml_a_007,2026-09-17T02:47:06.353Z,15,OPERATING,7594d3f2-b3d1-47a0-b64f-8bc01d373830
tokyo_disneysea,tds_mh_a_003,2026-09-17T02:50:05.200Z,140,OPERATING,3407ebac-c575-4c31-b794-1d271014d303
tokyo_disneysea,tds_fs_a_004,2026-09-17T02:50:05.303Z,50,OPERATING,c0224e78-abf6-4f89-b0d4-38647a98dd4d
tokyo_disneysea,tds_aw_a_002,2026-09-17T02:50:05.245Z,90,OPERATING,4ca7254c-7abc-4e52-82e0-9c562c096494
tokyo_disneysea,tds_fs_a_001,2026-09-17T02:53:05.631Z,160,OPERATING,9fb0c97c-ebf7-4c25-8ea7-a3f4fe2aa9ec
tokyo_disneysea,tds_fs_a_003,2026-09-17T02:51:10.408Z,40,OPERATING,e8c15bc6-aaab-44ef-8285-1d92ebd2c47d
tokyo_disneysea,tds_fs_a_002,2026-09-17T02:53:05.641Z,30,OPERATING,10b5b89e-02a6-4456-9ddd-69e06c2bded4
tokyo_disneysea,tds_mi_a_002,2026-09-17T02:51:10.354Z,120,OPERATING,c8526be3-e82c-4692-ae44-e8f2d1142c8a
tokyo_disneysea,tds_lrd_a_002,2026-09-17T02:51:10.371Z,70,OPERATING,dd942cd2-b364-4262-af12-ca1a5012528b
tokyo_disneysea,tds_aw_a_004,2026-09-17T02:53:05.622Z,15,OPERATING,2daf12ac-21fd-4bfd-bbf6-0c98bed03e8f
tokyo_disneysea,tds_aw_a_003,2026-09-17T02:51:10.335Z,80,OPERATING,abb5d6ec-469e-4ab0-8685-5f04e9749653
tokyo_disneysea,tds_mh_a_003,2026-09-17T02:51:10.345Z,140,OPERATING,3407ebac-c575-4c31-b794-1d271014d303
tokyo_disneysea,tds_fs_a_004,2026-09-17T02:51:10.416Z,40,OPERATING,c0224e78-abf6-4f89-b0d4-38647a98dd4d
tokyo_disneysea,tds_aw_a_002,2026-09-17T02:51:10.382Z,90,OPERATING,4ca7254c-7abc-4e52-82e0-9c562c096494
tokyo_disneysea,tds_ml_a_002,2026-09-17T02:51:10.363Z,15,OPERATING,c6c0d34d-531a-40d9-b711-3497fd53c28b
tokyo_disneysea,tds_fs_a_001,2026-09-17T02:55:44.323Z,160,OPERATING,9fb0c97c-ebf7-4c25-8ea7-a3f4fe2aa9ec
tokyo_disneysea,tds_fs_a_002,2026-09-17T02:59:22.044Z,40,OPERATING,10b5b89e-02a6-4456-9ddd-69e06c2bded4
tokyo_disneysea,tds_lrd_a_002,2026-09-17T02:59:22.023Z,60,OPERATING,dd942cd2-b364-4262-af12-ca1a5012528b
tokyo_disneysea,tds_ac_a_002,2026-09-17T02:56:07.783Z,20,OPERATING,abbf5b3e-94e5-420a-8257-34594cd9d590
tokyo_disneysea,tds_aw_a_001,2026-09-17T02:59:22.033Z,15,OPERATING,71943126-e4ac-49c5-ac61-ac1687ad33af
tokyo_disneysea,tds_pd_a_003,2026-09-17T02:56:07.793Z,10,OPERATING,c8744918-42c0-427d-8947-c3dbd1abf8d5
tokyo_disneysea,tds_aw_a_002,2026-09-17T02:57:16.892Z,80,OPERATING,4ca7254c-7abc-4e52-82e0-9c562c096494
tokyo_disneysea,tds_ml_a_002,2026-09-17T02:57:16.883Z,10,OPERATING,c6c0d34d-531a-40d9-b711-3497fd53c28b
tokyo_disneysea,tds_fs_a_001,2026-09-17T03:03:31.872Z,160,OPERATING,9fb0c97c-ebf7-4c25-8ea7-a3f4fe2aa9ec
tokyo_disneysea,tds_fs_a_003,2026-09-17T03:03:31.887Z,40,OPERATING,e8c15bc6-aaab-44ef-8285-1d92ebd2c47d
tokyo_disneysea,tds_fs_a_002,2026-09-17T03:03:31.880Z,40,OPERATING,10b5b89e-02a6-4456-9ddd-69e06c2bded4
tokyo_disneysea,tds_mi_a_002,2026-09-17T03:03:31.827Z,120,OPERATING,c8526be3-e82c-4692-ae44-e8f2d1142c8a
tokyo_disneysea,tds_lrd_a_002,2026-09-17T03:03:31.855Z,60,OPERATING,dd942cd2-b364-4262-af12-ca1a5012528b
tokyo_disneysea,tds_ml_a_004,2026-09-17T03:02:19.276Z,10,OPERATING,2d56558a-d4d2-4f79-898c-178c2c20cf67
tokyo_disneysea,tds_pd_a_003,2026-09-17T03:03:31.846Z,15,OPERATING,c8744918-42c0-427d-8947-c3dbd1abf8d5
tokyo_disneysea,tds_mi_a_001,2026-09-17T03:03:31.837Z,20,OPERATING,c15da0f5-9668-48ee-b93a-8b737b6acf5b
tokyo_disneysea,tds_aw_a_003,2026-09-17T03:03:31.806Z,80,OPERATING,abb5d6ec-469e-4ab0-8685-5f04e9749653
tokyo_disneysea,tds_mh_a_003,2026-09-17T03:03:31.816Z,140,OPERATING,3407ebac-c575-4c31-b794-1d271014d303
tokyo_disneysea,tds_aw_a_002,2026-09-17T03:03:31.863Z,80,OPERATING,4ca7254c-7abc-4e52-82e0-9c562c096494
tokyo_disneysea,tds_ml_a_002,2026-09-17T03:01:02.922Z,15,OPERATING,c6c0d34d-531a-40d9-b711-3497fd53c28b
tokyo_disneysea,tds_lrd_a_002,2026-09-17T03:09:31.860Z,50,OPERATING,dd942cd2-b364-4262-af12-ca1a5012528b
tokyo_disneysea,tds_ml_a_004,2026-09-17T03:09:31.851Z,15,OPERATING,2d56558a-d4d2-4f79-898c-178c2c20cf67
tokyo_disneysea,tds_mh_a_001,2026-09-17T03:08:17.884Z,10,OPERATING,2ca8f848-b8e2-4ba5-aa6e-e0fb37e85d0b
tokyo_disneysea,tds_aw_a_001,2026-09-17T03:09:31.877Z,20,OPERATING,71943126-e4ac-49c5-ac61-ac1687ad33af
tokyo_disneysea,tds_pd_a_003,2026-09-17T03:09:31.842Z,10,OPERATING,c8744918-42c0-427d-8947-c3dbd1abf8d5
tokyo_disneysea,tds_fs_a_004,2026-09-17T03:05:18.027Z,50,OPERATING,c0224e78-abf6-4f89-b0d4-38647a98dd4d
tokyo_disneysea,tds_aw_a_002,2026-09-17T03:09:31.868Z,90,OPERATING,4ca7254c-7abc-4e52-82e0-9c562c096494
tokyo_disneysea,tds_fs_a_003,2026-09-17T03:13:34.922Z,40,OPERATING,e8c15bc6-aaab-44ef-8285-1d92ebd2c47d
tokyo_disneysea,tds_fs_a_002,2026-09-17T03:13:34.915Z,40,OPERATING,10b5b89e-02a6-4456-9ddd-69e06c2bded4
tokyo_disneysea,tds_mi_a_002,2026-09-17T03:13:34.871Z,120,OPERATING,c8526be3-e82c-4692-ae44-e8f2d1142c8a
tokyo_disneysea,tds_lrd_a_002,2026-09-17T03:13:34.889Z,40,OPERATING,dd942cd2-b364-4262-af12-ca1a5012528b
tokyo_disneysea,tds_ml_a_004,2026-09-17T03:13:34.882Z,10,OPERATING,2d56558a-d4d2-4f79-898c-178c2c20cf67
tokyo_disneysea,tds_aw_a_003,2026-09-17T03:13:34.842Z,90,OPERATING,abb5d6ec-469e-4ab0-8685-5f04e9749653
tokyo_disneysea,tds_mh_a_003,2026-09-17T03:13:34.855Z,140,OPERATING,3407ebac-c575-4c31-b794-1d271014d303
tokyo_disneysea,tds_aw_a_002,2026-09-17T03:13:34.898Z,90,OPERATING,4ca7254c-7abc-4e52-82e0-9c562c096494
tokyo_disneysea,tds_fs_a_003,2026-09-17T03:19:27.544Z,40,OPERATING,e8c15bc6-aaab-44ef-8285-1d92ebd2c47d
tokyo_disneysea,tds_fs_a_002,2026-09-17T03:19:27.535Z,40,OPERATING,10b5b89e-02a6-4456-9ddd-69e06c2bded4
tokyo_disneysea,tds_mi_a_002,2026-09-17T03:19:27.494Z,140,OPERATING,c8526be3-e82c-4692-ae44-e8f2d1142c8a
tokyo_disneysea,tds_lrd_a_002,2026-09-17T03:19:27.504Z,40,OPERATING,dd942cd2-b364-4262-af12-ca1a5012528b
tokyo_disneysea,tds_mh_a_001,2026-09-17T03:17:25.951Z,5,OPERATING,2ca8f848-b8e2-4ba5-aa6e-e0fb37e85d0b
tokyo_disneysea,tds_aw_a_001,2026-09-17T03:17:25.967Z,15,OPERATING,71943126-e4ac-49c5-ac61-ac1687ad33af
tokyo_disneysea,tds_pd_a_003,2026-09-17T03:17:25.959Z,15,OPERATING,c8744918-42c0-427d-8947-c3dbd1abf8d5
tokyo_disneysea,tds_aw_a_003,2026-09-17T03:19:27.473Z,90,OPERATING,abb5d6ec-469e-4ab0-8685-5f04e9749653
tokyo_disneysea,tds_mh_a_003,2026-09-17T03:19:27.485Z,140,OPERATING,3407ebac-c575-4c31-b794-1d271014d303
tokyo_disneysea,tds_fs_a_004,2026-09-17T03:17:25.975Z,40,OPERATING,c0224e78-abf6-4f89-b0d4-38647a98dd4d
tokyo_disneysea,tds_aw_a_002,2026-09-17T03:19:27.515Z,90,OPERATING,4ca7254c-7abc-4e52-82e0-9c562c096494
tokyo_disneysea,tds_fs_a_002,2026-09-17T03:23:43.305Z,30,OPERATING,10b5b89e-02a6-4456-9ddd-69e06c2bded4
tokyo_disneysea,tds_lrd_a_002,2026-09-17T03:23:43.292Z,50,OPERATING,dd942cd2-b364-4262-af12-ca1a5012528b
tokyo_disneysea,tds_aw_a_001,2026-09-17T03:23:26.462Z,20,OPERATING,71943126-e4ac-49c5-ac61-ac1687ad33af
tokyo_disneysea,tds_mh_a_003,2026-09-17T03:20:41.449Z,120,OPERATING,3407ebac-c575-4c31-b794-1d271014d303
tokyo_disneysea,tds_ml_a_003,2026-09-17T03:26:26.950Z,15,OPERATING,58815e8e-7c01-4a42-8a00-1bd1c82a0252
tokyo_disneysea,tds_fs_a_003,2026-09-17T03:29:44.111Z,40,OPERATING,e8c15bc6-aaab-44ef-8285-1d92ebd2c47d
tokyo_disneysea,tds_fs_a_002,2026-09-17T03:29:44.102Z,30,OPERATING,10b5b89e-02a6-4456-9ddd-69e06c2bded4
tokyo_disneysea,tds_mi_a_002,2026-09-17T03:29:44.066Z,140,OPERATING,c8526be3-e82c-4692-ae44-e8f2d1142c8a
tokyo_disneysea,tds_lrd_a_002,2026-09-17T03:29:44.075Z,50,OPERATING,dd942cd2-b364-4262-af12-ca1a5012528b
tokyo_disneysea,tds_mh_a_001,2026-09-17T03:26:26.941Z,10,OPERATING,2ca8f848-b8e2-4ba5-aa6e-e0fb37e85d0b
tokyo_disneysea,tds_mi_a_001,2026-09-17T03:29:28.504Z,25,OPERATING,c15da0f5-9668-48ee-b93a-8b737b6acf5b
tokyo_disneysea,tds_aw_a_003,2026-09-17T03:29:44.048Z,90,OPERATING,abb5d6ec-469e-4ab0-8685-5f04e9749653
tokyo_disneysea,tds_mh_a_003,2026-09-17T03:29:44.057Z,120,OPERATING,3407ebac-c575-4c31-b794-1d271014d303
tokyo_disneysea,tds_aw_a_002,2026-09-17T03:29:44.084Z,90,OPERATING,4ca7254c-7abc-4e52-82e0-9c562c096494
tokyo_disneysea,tds_fs_a_002,2026-09-17T03:33:15.275Z,40,OPERATING,10b5b89e-02a6-4456-9ddd-69e06c2bded4
tokyo_disneysea,tds_aw_a_001,2026-09-17T03:32:29.957Z,15,OPERATING,71943126-e4ac-49c5-ac61-ac1687ad33af
tokyo_disneysea,tds_aw_a_002,2026-09-17T03:33:15.263Z,100,OPERATING,4ca7254c-7abc-4e52-82e0-9c562c096494
tokyo_disneysea,tds_ml_a_002,2026-09-17T03:32:29.939Z,10,OPERATING,c6c0d34d-531a-40d9-b711-3497fd53c28b
tokyo_disneysea,tds_fs_a_003,2026-09-17T03:38:30.503Z,40,OPERATING,e8c15bc6-aaab-44ef-8285-1d92ebd2c47d
tokyo_disneysea,tds_fs_a_002,2026-09-17T03:38:30.494Z,40,OPERATING,10b5b89e-02a6-4456-9ddd-69e06c2bded4
tokyo_disneysea,tds_mi_a_002,2026-09-17T03:38:30.450Z,140,OPERATING,c8526be3-e82c-4692-ae44-e8f2d1142c8a
tokyo_disneysea,tds_lrd_a_002,2026-09-17T03:38:30.471Z,50,OPERATING,dd942cd2-b364-4262-af12-ca1a5012528b
tokyo_disneysea,tds_ml_a_004,2026-09-17T03:38:30.464Z,15,OPERATING,2d56558a-d4d2-4f79-898c-178c2c20cf67
tokyo_disneysea,tds_mh_a_001,2026-09-17T03:38:30.457Z,15,OPERATING,2ca8f848-b8e2-4ba5-aa6e-e0fb37e85d0b
tokyo_disneysea,tds_mi_a_001,2026-09-17T03:35:29.626Z,20,OPERATING,c15da0f5-9668-48ee-b93a-8b737b6acf5b
tokyo_disneysea,tds_aw_a_003,2026-09-17T03:38:30.436Z,80,OPERATING,abb5d6ec-469e-4ab0-8685-5f04e9749653
tokyo_disneysea,tds_mh_a_003,2026-09-17T03:38:30.443Z,120,OPERATING,3407ebac-c575-4c31-b794-1d271014d303
tokyo_disneysea,tds_aw_a_002,2026-09-17T03:39:16.464Z,90,OPERATING,4ca7254c-7abc-4e52-82e0-9c562c096494
tokyo_disneysea,tds_fs_a_003,2026-09-17T03:43:50.373Z,40,OPERATING,e8c15bc6-aaab-44ef-8285-1d92ebd2c47d
tokyo_disneysea,tds_fs_a_002,2026-09-17T03:43:50.364Z,40,OPERATING,10b5b89e-02a6-4456-9ddd-69e06c2bded4
tokyo_disneysea,tds_mi_a_002,2026-09-17T03:43:50.323Z,140,OPERATING,c8526be3-e82c-4692-ae44-e8f2d1142c8a
tokyo_disneysea,tds_lrd_a_002,2026-09-17T03:43:50.339Z,50,OPERATING,dd942cd2-b364-4262-af12-ca1a5012528b
tokyo_disneysea,tds_aw_a_001,2026-09-17T03:43:50.347Z,20,OPERATING,71943126-e4ac-49c5-ac61-ac1687ad33af
tokyo_disneysea,tds_aw_a_003,2026-09-17T03:43:50.308Z,80,OPERATING,abb5d6ec-469e-4ab0-8685-5f04e9749653
tokyo_disneysea,tds_mh_a_003,2026-09-17T03:43:50.316Z,120,OPERATING,3407ebac-c575-4c31-b794-1d271014d303
tokyo_disneysea,tds_aw_a_004,2026-09-17T03:47:13.984Z,10,OPERATING,2daf12ac-21fd-4bfd-bbf6-0c98bed03e8f
tokyo_disneysea,tds_aw_a_001,2026-09-17T03:47:13.992Z,15,OPERATING,71943126-e4ac-49c5-ac61-ac1687ad33af
tokyo_disneysea,tds_pd_a_003,2026-09-17T03:47:13.976Z,10,OPERATING,c8744918-42c0-427d-8947-c3dbd1abf8d5
tokyo_disneysea,tds_fs_a_003,2026-09-17T03:50:33.585Z,40,OPERATING,e8c15bc6-aaab-44ef-8285-1d92ebd2c47d
tokyo_disneysea,tds_fs_a_002,2026-09-17T03:50:33.575Z,40,OPERATING,10b5b89e-02a6-4456-9ddd-69e06c2bded4
tokyo_disneysea,tds_mi_a_002,2026-09-17T03:53:33.437Z,120,OPERATING,c8526be3-e82c-4692-ae44-e8f2d1142c8a
tokyo_disneysea,tds_lrd_a_002,2026-09-17T03:52:03.833Z,60,OPERATING,dd942cd2-b364-4262-af12-ca1a5012528b
tokyo_disneysea,tds_ml_a_004,2026-09-17T03:53:33.444Z,20,OPERATING,2d56558a-d4d2-4f79-898c-178c2c20cf67
tokyo_disneysea,tds_ac_a_002,2026-09-17T03:50:33.530Z,15,OPERATING,abbf5b3e-94e5-420a-8257-34594cd9d590
tokyo_disneysea,tds_aw_a_003,2026-09-17T03:50:33.512Z,80,OPERATING,abb5d6ec-469e-4ab0-8685-5f04e9749653
tokyo_disneysea,tds_mh_a_003,2026-09-17T03:52:03.813Z,100,OPERATING,3407ebac-c575-4c31-b794-1d271014d303
tokyo_disneysea,tds_aw_a_002,2026-09-17T03:52:03.845Z,100,OPERATING,4ca7254c-7abc-4e52-82e0-9c562c096494
tokyo_disneysea,tds_fs_a_003,2026-09-17T03:55:34.685Z,40,OPERATING,e8c15bc6-aaab-44ef-8285-1d92ebd2c47d
tokyo_disneysea,tds_fs_a_002,2026-09-17T03:55:34.678Z,40,OPERATING,10b5b89e-02a6-4456-9ddd-69e06c2bded4
tokyo_disneysea,tds_mi_a_002,2026-09-17T03:55:34.643Z,120,OPERATING,c8526be3-e82c-4692-ae44-e8f2d1142c8a
tokyo_disneysea,tds_aw_a_004,2026-09-17T03:55:34.651Z,15,OPERATING,2daf12ac-21fd-4bfd-bbf6-0c98bed03e8f
tokyo_disneysea,tds_aw_a_001,2026-09-17T03:59:36.020Z,15,OPERATING,71943126-e4ac-49c5-ac61-ac1687ad33af
tokyo_disneysea,tds_aw_a_003,2026-09-17T03:55:34.635Z,80,OPERATING,abb5d6ec-469e-4ab0-8685-5f04e9749653
tokyo_disneysea,tds_fs_a_003,2026-09-17T04:02:36.253Z,40,OPERATING,e8c15bc6-aaab-44ef-8285-1d92ebd2c47d
tokyo_disneysea,tds_fs_a_002,2026-09-17T04:02:36.246Z,40,OPERATING,10b5b89e-02a6-4456-9ddd-69e06c2bded4
tokyo_disneysea,tds_mi_a_002,2026-09-17T04:02:36.215Z,120,OPERATING,c8526be3-e82c-4692-ae44-e8f2d1142c8a
tokyo_disneysea,tds_lrd_a_002,2026-09-17T04:02:36.223Z,60,OPERATING,dd942cd2-b364-4262-af12-ca1a5012528b
tokyo_disneysea,tds_ac_a_003,2026-09-17T04:04:05.132Z,10,OPERATING,63ef07eb-9bfb-4782-885e-cfd08ced82f0
tokyo_disneysea,tds_mi_a_001,2026-09-17T04:01:34.888Z,15,OPERATING,c15da0f5-9668-48ee-b93a-8b737b6acf5b
tokyo_disneysea,tds_aw_a_003,2026-09-17T04:02:36.200Z,70,OPERATING,abb5d6ec-469e-4ab0-8685-5f04e9749653
tokyo_disneysea,tds_mh_a_003,2026-09-17T04:02:36.208Z,100,OPERATING,3407ebac-c575-4c31-b794-1d271014d303
tokyo_disneysea,tds_aw_a_002,2026-09-17T04:02:36.231Z,100,OPERATING,4ca7254c-7abc-4e52-82e0-9c562c096494
tokyo_disneysea,tds_fs_a_003,2026-09-17T04:07:35.783Z,40,OPERATING,e8c15bc6-aaab-44ef-8285-1d92ebd2c47d
tokyo_disneysea,tds_fs_a_002,2026-09-17T04:07:35.774Z,40,OPERATING,10b5b89e-02a6-4456-9ddd-69e06c2bded4
tokyo_disneysea,tds_mi_a_002,2026-09-17T04:07:35.739Z,120,OPERATING,c8526be3-e82c-4692-ae44-e8f2d1142c8a
tokyo_disneysea,tds_lrd_a_002,2026-09-17T04:07:35.749Z,60,OPERATING,dd942cd2-b364-4262-af12-ca1a5012528b
tokyo_disneysea,tds_ac_a_002,2026-09-17T04:08:36.458Z,20,OPERATING,abbf5b3e-94e5-420a-8257-34594cd9d590
tokyo_disneysea,tds_aw_a_001,2026-09-17T04:08:36.475Z,20,OPERATING,71943126-e4ac-49c5-ac61-ac1687ad33af
tokyo_disneysea,tds_aw_a_003,2026-09-17T04:07:35.723Z,70,OPERATING,abb5d6ec-469e-4ab0-8685-5f04e9749653
tokyo_disneysea,tds_ml_a_007,2026-09-17T04:08:36.466Z,20,OPERATING,7594d3f2-b3d1-47a0-b64f-8bc01d373830
tokyo_disneysea,tds_mh_a_003,2026-09-17T04:07:35.732Z,100,OPERATING,3407ebac-c575-4c31-b794-1d271014d303
tokyo_disneysea,tds_aw_a_002,2026-09-17T04:07:35.757Z,100,OPERATING,4ca7254c-7abc-4e52-82e0-9c562c096494
tokyo_disneysea,tds_fs_a_003,2026-09-17T04:14:36.742Z,40,OPERATING,e8c15bc6-aaab-44ef-8285-1d92ebd2c47d
tokyo_disneysea,tds_fs_a_002,2026-09-17T04:14:36.734Z,40,OPERATING,10b5b89e-02a6-4456-9ddd-69e06c2bded4
tokyo_disneysea,tds_mi_a_002,2026-09-17T04:14:36.702Z,120,OPERATING,c8526be3-e82c-4692-ae44-e8f2d1142c8a
tokyo_disneysea,tds_lrd_a_002,2026-09-17T04:14:36.711Z,60,OPERATING,dd942cd2-b364-4262-af12-ca1a5012528b
tokyo_disneysea,tds_aw_a_004,2026-09-17T04:10:06.788Z,20,OPERATING,2daf12ac-21fd-4bfd-bbf6-0c98bed03e8f
tokyo_disneysea,tds_pd_a_003,2026-09-17T04:13:37.307Z,15,OPERATING,c8744918-42c0-427d-8947-c3dbd1abf8d5
tokyo_disneysea,tds_mi_a_001,2026-09-17T04:13:37.299Z,10,OPERATING,c15da0f5-9668-48ee-b93a-8b737b6acf5b
tokyo_disneysea,tds_aw_a_003,2026-09-17T04:14:36.685Z,80,OPERATING,abb5d6ec-469e-4ab0-8685-5f04e9749653
tokyo_disneysea,tds_mh_a_003,2026-09-17T04:14:36.693Z,100,OPERATING,3407ebac-c575-4c31-b794-1d271014d303
tokyo_disneysea,tds_aw_a_002,2026-09-17T04:14:36.718Z,100,OPERATING,4ca7254c-7abc-4e52-82e0-9c562c096494
tokyo_disneysea,tds_fs_a_003,2026-09-17T04:19:41.508Z,40,OPERATING,e8c15bc6-aaab-44ef-8285-1d92ebd2c47d
tokyo_disneysea,tds_fs_a_002,2026-09-17T04:19:41.502Z,40,OPERATING,10b5b89e-02a6-4456-9ddd-69e06c2bded4
tokyo_disneysea,tds_mi_a_002,2026-09-17T04:19:41.450Z,120,OPERATING,c8526be3-e82c-4692-ae44-e8f2d1142c8a
tokyo_disneysea,tds_lrd_a_002,2026-09-17T04:19:41.480Z,60,OPERATING,dd942cd2-b364-4262-af12-ca1a5012528b
tokyo_disneysea,tds_ml_a_004,2026-09-17T04:17:36.261Z,15,OPERATING,2d56558a-d4d2-4f79-898c-178c2c20cf67
tokyo_disneysea,tds_aw_a_004,2026-09-17T04:19:41.465Z,25,OPERATING,2daf12ac-21fd-4bfd-bbf6-0c98bed03e8f
tokyo_disneysea,tds_aw_a_001,2026-09-17T04:16:09.072Z,15,OPERATING,71943126-e4ac-49c5-ac61-ac1687ad33af
tokyo_disneysea,tds_pd_a_003,2026-09-17T04:19:41.457Z,20,OPERATING,c8744918-42c0-427d-8947-c3dbd1abf8d5
tokyo_disneysea,tds_aw_a_003,2026-09-17T04:19:41.435Z,90,OPERATING,abb5d6ec-469e-4ab0-8685-5f04e9749653
tokyo_disneysea,tds_ml_a_007,2026-09-17T04:19:41.472Z,20,OPERATING,7594d3f2-b3d1-47a0-b64f-8bc01d373830
tokyo_disneysea,tds_mh_a_003,2026-09-17T04:19:41.442Z,120,OPERATING,3407ebac-c575-4c31-b794-1d271014d303
tokyo_disneysea,tds_aw_a_002,2026-09-17T04:19:41.487Z,100,OPERATING,4ca7254c-7abc-4e52-82e0-9c562c096494
tokyo_disneysea,tds_fs_a_002,2026-09-17T04:23:36.883Z,30,OPERATING,10b5b89e-02a6-4456-9ddd-69e06c2bded4
tokyo_disneysea,tds_fs_a_004,2026-09-17T04:22:11.629Z,50,OPERATING,c0224e78-abf6-4f89-b0d4-38647a98dd4d
tokyo_disneysea,tds_fs_a_003,2026-09-17T04:26:36.960Z,40,OPERATING,e8c15bc6-aaab-44ef-8285-1d92ebd2c47d
tokyo_disneysea,tds_mi_a_002,2026-09-17T04:26:36.813Z,120,OPERATING,c8526be3-e82c-4692-ae44-e8f2d1142c8a
tokyo_disneysea,tds_lrd_a_002,2026-09-17T04:26:36.819Z,60,OPERATING,dd942cd2-b364-4262-af12-ca1a5012528b
tokyo_disneysea,tds_aw_a_004,2026-09-17T04:29:37.440Z,20,OPERATING,2daf12ac-21fd-4bfd-bbf6-0c98bed03e8f
tokyo_disneysea,tds_aw_a_001,2026-09-17T04:26:36.832Z,20,OPERATING,71943126-e4ac-49c5-ac61-ac1687ad33af
tokyo_disneysea,tds_pd_a_003,2026-09-17T04:29:37.432Z,25,OPERATING,c8744918-42c0-427d-8947-c3dbd1abf8d5
tokyo_disneysea,tds_mi_a_001,2026-09-17T04:29:37.423Z,15,OPERATING,c15da0f5-9668-48ee-b93a-8b737b6acf5b
tokyo_disneysea,tds_aw_a_003,2026-09-17T04:26:36.799Z,90,OPERATING,abb5d6ec-469e-4ab0-8685-5f04e9749653
tokyo_disneysea,tds_mh_a_003,2026-09-17T04:26:36.806Z,120,OPERATING,3407ebac-c575-4c31-b794-1d271014d303
tokyo_disneysea,tds_fs_a_004,2026-09-17T04:29:37.449Z,40,OPERATING,c0224e78-abf6-4f89-b0d4-38647a98dd4d
tokyo_disneysea,tds_aw_a_002,2026-09-17T04:26:36.826Z,100,OPERATING,4ca7254c-7abc-4e52-82e0-9c562c096494
tokyo_disneysea,tds_fs_a_003,2026-09-17T04:30:51.549Z,40,OPERATING,e8c15bc6-aaab-44ef-8285-1d92ebd2c47d
tokyo_disneysea,tds_fs_a_002,2026-09-17T04:34:44.444Z,40,OPERATING,10b5b89e-02a6-4456-9ddd-69e06c2bded4
tokyo_disneysea,tds_mi_a_002,2026-09-17T04:30:51.442Z,120,OPERATING,c8526be3-e82c-4692-ae44-e8f2d1142c8a
tokyo_disneysea,tds_lrd_a_002,2026-09-17T04:30:51.458Z,60,OPERATING,dd942cd2-b364-4262-af12-ca1a5012528b
tokyo_disneysea,tds_ml_a_004,2026-09-17T04:34:44.429Z,20,OPERATING,2d56558a-d4d2-4f79-898c-178c2c20cf67
tokyo_disneysea,tds_mh_a_001,2026-09-17T04:34:44.421Z,5,OPERATING,2ca8f848-b8e2-4ba5-aa6e-e0fb37e85d0b
tokyo_disneysea,tds_aw_a_001,2026-09-17T04:34:44.436Z,15,OPERATING,71943126-e4ac-49c5-ac61-ac1687ad33af
tokyo_disneysea,tds_aw_a_003,2026-09-17T04:34:44.406Z,100,OPERATING,abb5d6ec-469e-4ab0-8685-5f04e9749653
tokyo_disneysea,tds_mh_a_003,2026-09-17T04:30:51.426Z,120,OPERATING,3407ebac-c575-4c31-b794-1d271014d303
tokyo_disneysea,tds_aw_a_002,2026-09-17T04:30:51.486Z,100,OPERATING,4ca7254c-7abc-4e52-82e0-9c562c096494
tokyo_disneysea,tds_fs_a_003,2026-09-17T04:38:37.924Z,40,OPERATING,e8c15bc6-aaab-44ef-8285-1d92ebd2c47d
tokyo_disneysea,tds_fs_a_002,2026-09-17T04:35:37.623Z,40,OPERATING,10b5b89e-02a6-4456-9ddd-69e06c2bded4
tokyo_disneysea,tds_mi_a_002,2026-09-17T04:38:37.889Z,120,OPERATING,c8526be3-e82c-4692-ae44-e8f2d1142c8a
tokyo_disneysea,tds_lrd_a_002,2026-09-17T04:38:37.903Z,60,OPERATING,dd942cd2-b364-4262-af12-ca1a5012528b
tokyo_disneysea,tds_ac_a_002,2026-09-17T04:35:37.595Z,25,OPERATING,abbf5b3e-94e5-420a-8257-34594cd9d590
tokyo_disneysea,tds_mh_a_001,2026-09-17T04:35:37.614Z,15,OPERATING,2ca8f848-b8e2-4ba5-aa6e-e0fb37e85d0b
tokyo_disneysea,tds_mi_a_001,2026-09-17T04:35:37.604Z,20,OPERATING,c15da0f5-9668-48ee-b93a-8b737b6acf5b
tokyo_disneysea,tds_aw_a_003,2026-09-17T04:38:37.875Z,100,OPERATING,abb5d6ec-469e-4ab0-8685-5f04e9749653
tokyo_disneysea,tds_ml_a_007,2026-09-17T04:38:37.896Z,15,OPERATING,7594d3f2-b3d1-47a0-b64f-8bc01d373830
tokyo_disneysea,tds_mh_a_003,2026-09-17T04:38:37.882Z,140,OPERATING,3407ebac-c575-4c31-b794-1d271014d303
tokyo_disneysea,tds_aw_a_002,2026-09-17T04:38:37.910Z,100,OPERATING,4ca7254c-7abc-4e52-82e0-9c562c096494
tokyo_disneysea,tds_fs_a_003,2026-09-17T04:44:15.550Z,40,OPERATING,e8c15bc6-aaab-44ef-8285-1d92ebd2c47d
tokyo_disneysea,tds_fs_a_002,2026-09-17T04:44:15.541Z,40,OPERATING,10b5b89e-02a6-4456-9ddd-69e06c2bded4
tokyo_disneysea,tds_mi_a_002,2026-09-17T04:44:15.509Z,120,OPERATING,c8526be3-e82c-4692-ae44-e8f2d1142c8a
tokyo_disneysea,tds_lrd_a_002,2026-09-17T04:44:15.516Z,60,OPERATING,dd942cd2-b364-4262-af12-ca1a5012528b
tokyo_disneysea,tds_ml_a_004,2026-09-17T04:40:43.807Z,25,OPERATING,2d56558a-d4d2-4f79-898c-178c2c20cf67
tokyo_disneysea,tds_mh_a_001,2026-09-17T04:41:37.985Z,20,OPERATING,2ca8f848-b8e2-4ba5-aa6e-e0fb37e85d0b
tokyo_disneysea,tds_aw_a_001,2026-09-17T04:41:38.000Z,20,OPERATING,71943126-e4ac-49c5-ac61-ac1687ad33af
tokyo_disneysea,tds_ml_a_005,2026-09-17T04:41:37.992Z,25,OPERATING,f37d7fe8-169f-459d-86f3-4843655358bd
tokyo_disneysea,tds_aw_a_003,2026-09-17T04:44:15.490Z,100,OPERATING,abb5d6ec-469e-4ab0-8685-5f04e9749653
tokyo_disneysea,tds_mh_a_003,2026-09-17T04:44:15.501Z,140,OPERATING,3407ebac-c575-4c31-b794-1d271014d303
tokyo_disneysea,tds_fs_a_004,2026-09-17T04:41:38.009Z,50,OPERATING,c0224e78-abf6-4f89-b0d4-38647a98dd4d
tokyo_disneysea,tds_aw_a_002,2026-09-17T04:44:15.525Z,100,OPERATING,4ca7254c-7abc-4e52-82e0-9c562c096494
tokyo_disneysea,tds_mi_a_002,2026-09-17T04:50:16.574Z,100,OPERATING,c8526be3-e82c-4692-ae44-e8f2d1142c8a
tokyo_disneysea,tds_lrd_a_002,2026-09-17T04:50:16.610Z,80,OPERATING,dd942cd2-b364-4262-af12-ca1a5012528b
tokyo_disneysea,tds_aw_a_004,2026-09-17T04:50:16.601Z,25,OPERATING,2daf12ac-21fd-4bfd-bbf6-0c98bed03e8f
tokyo_disneysea,tds_aw_a_001,2026-09-17T04:50:16.621Z,15,OPERATING,71943126-e4ac-49c5-ac61-ac1687ad33af
tokyo_disneysea,tds_pd_a_003,2026-09-17T04:50:16.593Z,20,OPERATING,c8744918-42c0-427d-8947-c3dbd1abf8d5
tokyo_disneysea,tds_fs_a_003,2026-09-17T04:50:38.860Z,40,OPERATING,e8c15bc6-aaab-44ef-8285-1d92ebd2c47d
tokyo_disneysea,tds_fs_a_002,2026-09-17T04:50:38.852Z,40,OPERATING,10b5b89e-02a6-4456-9ddd-69e06c2bded4
tokyo_disneysea,tds_mi_a_002,2026-09-17T04:50:38.820Z,100,OPERATING,c8526be3-e82c-4692-ae44-e8f2d1142c8a
tokyo_disneysea,tds_lrd_a_002,2026-09-17T04:50:38.828Z,80,OPERATING,dd942cd2-b364-4262-af12-ca1a5012528b
tokyo_disneysea,tds_aw_a_003,2026-09-17T04:50:38.806Z,100,OPERATING,abb5d6ec-469e-4ab0-8685-5f04e9749653
tokyo_disneysea,tds_ml_a_007,2026-09-17T04:52:48.578Z,20,OPERATING,7594d3f2-b3d1-47a0-b64f-8bc01d373830
tokyo_disneysea,tds_mh_a_003,2026-09-17T04:50:38.813Z,140,OPERATING,3407ebac-c575-4c31-b794-1d271014d303
tokyo_disneysea,tds_aw_a_002,2026-09-17T04:50:38.835Z,100,OPERATING,4ca7254c-7abc-4e52-82e0-9c562c096494
tokyo_disneysea,tds_ml_a_002,2026-09-17T04:53:38.851Z,15,OPERATING,c6c0d34d-531a-40d9-b711-3497fd53c28b
tokyo_disneysea,tds_fs_a_003,2026-09-17T04:59:44.803Z,40,OPERATING,e8c15bc6-aaab-44ef-8285-1d92ebd2c47d
tokyo_disneysea,tds_fs_a_002,2026-09-17T04:59:44.795Z,40,OPERATING,10b5b89e-02a6-4456-9ddd-69e06c2bded4
tokyo_disneysea,tds_mi_a_002,2026-09-17T04:59:44.761Z,100,OPERATING,c8526be3-e82c-4692-ae44-e8f2d1142c8a
tokyo_disneysea,tds_lrd_a_002,2026-09-17T04:59:44.770Z,80,OPERATING,dd942cd2-b364-4262-af12-ca1a5012528b
tokyo_disneysea,tds_aw_a_004,2026-09-17T04:56:39.090Z,20,OPERATING,2daf12ac-21fd-4bfd-bbf6-0c98bed03e8f
tokyo_disneysea,tds_aw_a_001,2026-09-17T04:59:40.153Z,20,OPERATING,71943126-e4ac-49c5-ac61-ac1687ad33af
tokyo_disneysea,tds_aw_a_003,2026-09-17T04:59:44.746Z,100,OPERATING,abb5d6ec-469e-4ab0-8685-5f04e9749653
tokyo_disneysea,tds_mh_a_003,2026-09-17T04:59:44.754Z,140,OPERATING,3407ebac-c575-4c31-b794-1d271014d303
tokyo_disneysea,tds_aw_a_002,2026-09-17T04:59:44.778Z,100,OPERATING,4ca7254c-7abc-4e52-82e0-9c562c096494
tokyo_disneysea,tds_fs_a_003,2026-09-17T05:02:39.724Z,40,OPERATING,e8c15bc6-aaab-44ef-8285-1d92ebd2c47d
tokyo_disneysea,tds_fs_a_002,2026-09-17T05:02:39.716Z,40,OPERATING,10b5b89e-02a6-4456-9ddd-69e06c2bded4
tokyo_disneysea,tds_mi_a_002,2026-09-17T05:02:39.688Z,100,OPERATING,c8526be3-e82c-4692-ae44-e8f2d1142c8a
tokyo_disneysea,tds_lrd_a_002,2026-09-17T05:02:39.694Z,80,OPERATING,dd942cd2-b364-4262-af12-ca1a5012528b
tokyo_disneysea,tds_aw_a_003,2026-09-17T05:02:39.673Z,100,OPERATING,abb5d6ec-469e-4ab0-8685-5f04e9749653
tokyo_disneysea,tds_mh_a_003,2026-09-17T05:02:39.681Z,140,OPERATING,3407ebac-c575-4c31-b794-1d271014d303
tokyo_disneysea,tds_aw_a_002,2026-09-17T05:02:39.702Z,100,OPERATING,4ca7254c-7abc-4e52-82e0-9c562c096494
tokyo_disneysea,tds_ml_a_003,2026-09-17T05:05:39.949Z,20,OPERATING,58815e8e-7c01-4a42-8a00-1bd1c82a0252
tokyo_disneysea,tds_mi_a_002,2026-09-17T05:07:50.518Z,120,OPERATING,c8526be3-e82c-4692-ae44-e8f2d1142c8a
tokyo_disneysea,tds_lrd_a_002,2026-09-17T05:07:50.529Z,70,OPERATING,dd942cd2-b364-4262-af12-ca1a5012528b
tokyo_disneysea,tds_aw_a_001,2026-09-17T05:05:20.323Z,15,OPERATING,71943126-e4ac-49c5-ac61-ac1687ad33af
tokyo_disneysea,tds_fs_a_004,2026-09-17T05:05:39.963Z,40,OPERATING,c0224e78-abf6-4f89-b0d4-38647a98dd4d
tokyo_disneysea,tds_fs_a_003,2026-09-17T05:14:39.907Z,40,OPERATING,e8c15bc6-aaab-44ef-8285-1d92ebd2c47d
tokyo_disneysea,tds_fs_a_002,2026-09-17T05:14:39.900Z,40,OPERATING,10b5b89e-02a6-4456-9ddd-69e06c2bded4
tokyo_disneysea,tds_mi_a_002,2026-09-17T05:14:39.857Z,140,OPERATING,c8526be3-e82c-4692-ae44-e8f2d1142c8a
tokyo_disneysea,tds_lrd_a_002,2026-09-17T05:14:39.871Z,70,OPERATING,dd942cd2-b364-4262-af12-ca1a5012528b
tokyo_disneysea,tds_ac_a_002,2026-09-17T05:11:22.666Z,20,OPERATING,abbf5b3e-94e5-420a-8257-34594cd9d590
tokyo_disneysea,tds_mi_a_001,2026-09-17T05:14:39.864Z,15,OPERATING,c15da0f5-9668-48ee-b93a-8b737b6acf5b
tokyo_disneysea,tds_aw_a_003,2026-09-17T05:14:39.844Z,100,OPERATING,abb5d6ec-469e-4ab0-8685-5f04e9749653
tokyo_disneysea,tds_mh_a_003,2026-09-17T05:14:39.851Z,140,OPERATING,3407ebac-c575-4c31-b794-1d271014d303
tokyo_disneysea,tds_aw_a_002,2026-09-17T05:14:39.878Z,120,OPERATING,4ca7254c-7abc-4e52-82e0-9c562c096494
tokyo_disneysea,tds_ml_a_003,2026-09-17T05:17:42.867Z,15,OPERATING,58815e8e-7c01-4a42-8a00-1bd1c82a0252
tokyo_disneysea,tds_mi_a_002,2026-09-17T05:15:12.520Z,140,OPERATING,c8526be3-e82c-4692-ae44-e8f2d1142c8a
tokyo_disneysea,tds_aw_a_001,2026-09-17T05:19:57.398Z,15,OPERATING,71943126-e4ac-49c5-ac61-ac1687ad33af
tokyo_disneysea,tds_fs_a_003,2026-09-17T05:23:27.926Z,40,OPERATING,e8c15bc6-aaab-44ef-8285-1d92ebd2c47d
tokyo_disneysea,tds_fs_a_002,2026-09-17T05:23:27.921Z,40,OPERATING,10b5b89e-02a6-4456-9ddd-69e06c2bded4
tokyo_disneysea,tds_lrd_a_002,2026-09-17T05:23:43.626Z,80,OPERATING,dd942cd2-b364-4262-af12-ca1a5012528b
tokyo_disneysea,tds_aw_a_004,2026-09-17T05:23:27.892Z,15,OPERATING,2daf12ac-21fd-4bfd-bbf6-0c98bed03e8f
tokyo_disneysea,tds_aw_a_003,2026-09-17T05:23:27.881Z,100,OPERATING,abb5d6ec-469e-4ab0-8685-5f04e9749653
tokyo_disneysea,tds_mh_a_003,2026-09-17T05:23:27.886Z,140,OPERATING,3407ebac-c575-4c31-b794-1d271014d303
tokyo_disneysea,tds_aw_a_002,2026-09-17T05:23:27.906Z,120,OPERATING,4ca7254c-7abc-4e52-82e0-9c562c096494
tokyo_disneysea,tds_fs_a_003,2026-09-17T05:26:43.618Z,40,OPERATING,e8c15bc6-aaab-44ef-8285-1d92ebd2c47d
tokyo_disneysea,tds_fs_a_002,2026-09-17T05:26:43.609Z,40,OPERATING,10b5b89e-02a6-4456-9ddd-69e06c2bded4
tokyo_disneysea,tds_mi_a_002,2026-09-17T05:26:43.557Z,140,OPERATING,c8526be3-e82c-4692-ae44-e8f2d1142c8a
tokyo_disneysea,tds_lrd_a_002,2026-09-17T05:26:50.157Z,80,OPERATING,dd942cd2-b364-4262-af12-ca1a5012528b
tokyo_disneysea,tds_ml_a_004,2026-09-17T05:26:43.565Z,20,OPERATING,2d56558a-d4d2-4f79-898c-178c2c20cf67
tokyo_disneysea,tds_aw_a_001,2026-09-17T05:29:30.409Z,20,OPERATING,71943126-e4ac-49c5-ac61-ac1687ad33af
tokyo_disneysea,tds_aw_a_003,2026-09-17T05:26:43.542Z,100,OPERATING,abb5d6ec-469e-4ab0-8685-5f04e9749653
tokyo_disneysea,tds_mh_a_003,2026-09-17T05:26:43.550Z,140,OPERATING,3407ebac-c575-4c31-b794-1d271014d303
tokyo_disneysea,tds_fs_a_004,2026-09-17T05:26:43.638Z,50,OPERATING,c0224e78-abf6-4f89-b0d4-38647a98dd4d
tokyo_disneysea,tds_aw_a_002,2026-09-17T05:26:43.574Z,120,OPERATING,4ca7254c-7abc-4e52-82e0-9c562c096494
tokyo_disneysea,tds_mi_a_002,2026-09-17T05:32:44.069Z,120,OPERATING,c8526be3-e82c-4692-ae44-e8f2d1142c8a
tokyo_disneysea,tds_fs_a_003,2026-09-17T05:38:44.408Z,40,OPERATING,e8c15bc6-aaab-44ef-8285-1d92ebd2c47d
tokyo_disneysea,tds_fs_a_002,2026-09-17T05:38:44.400Z,40,OPERATING,10b5b89e-02a6-4456-9ddd-69e06c2bded4
tokyo_disneysea,tds_mi_a_002,2026-09-17T05:38:44.371Z,100,OPERATING,c8526be3-e82c-4692-ae44-e8f2d1142c8a
tokyo_disneysea,tds_lrd_a_002,2026-09-17T05:38:44.379Z,80,OPERATING,dd942cd2-b364-4262-af12-ca1a5012528b
tokyo_disneysea,tds_aw_a_001,2026-09-17T05:35:33.840Z,15,OPERATING,71943126-e4ac-49c5-ac61-ac1687ad33af
tokyo_disneysea,tds_aw_a_003,2026-09-17T05:38:44.358Z,100,OPERATING,abb5d6ec-469e-4ab0-8685-5f04e9749653
tokyo_disneysea,tds_mh_a_003,2026-09-17T05:38:44.365Z,140,OPERATING,3407ebac-c575-4c31-b794-1d271014d303
tokyo_disneysea,tds_fs_a_004,2026-09-17T05:35:33.873Z,40,OPERATING,c0224e78-abf6-4f89-b0d4-38647a98dd4d
tokyo_disneysea,tds_aw_a_002,2026-09-17T05:38:44.386Z,120,OPERATING,4ca7254c-7abc-4e52-82e0-9c562c096494
tokyo_disneysea,tds_lrd_a_002,2026-09-17T05:44:48.082Z,70,OPERATING,dd942cd2-b364-4262-af12-ca1a5012528b
tokyo_disneysea,tds_aw_a_004,2026-09-17T05:41:48.379Z,20,OPERATING,2daf12ac-21fd-4bfd-bbf6-0c98bed03e8f
tokyo_disneysea,tds_aw_a_002,2026-09-17T05:42:02.077Z,100,OPERATING,4ca7254c-7abc-4e52-82e0-9c562c096494
tokyo_disneysea,tds_ml_a_003,2026-09-17T05:47:48.122Z,10,OPERATING,58815e8e-7c01-4a42-8a00-1bd1c82a0252
tokyo_disneysea,tds_fs_a_003,2026-09-17T05:47:58.387Z,40,OPERATING,e8c15bc6-aaab-44ef-8285-1d92ebd2c47d
tokyo_disneysea,tds_fs_a_002,2026-09-17T05:47:58.381Z,40,OPERATING,10b5b89e-02a6-4456-9ddd-69e06c2bded4
tokyo_disneysea,tds_mi_a_002,2026-09-17T05:47:58.368Z,100,OPERATING,c8526be3-e82c-4692-ae44-e8f2d1142c8a
tokyo_disneysea,tds_lrd_a_002,2026-09-17T05:47:58.375Z,70,OPERATING,dd942cd2-b364-4262-af12-ca1a5012528b
tokyo_disneysea,tds_aw_a_001,2026-09-17T05:47:48.131Z,20,OPERATING,71943126-e4ac-49c5-ac61-ac1687ad33af
tokyo_disneysea,tds_mi_a_001,2026-09-17T05:47:48.113Z,20,OPERATING,c15da0f5-9668-48ee-b93a-8b737b6acf5b
tokyo_disneysea,tds_aw_a_003,2026-09-17T05:47:58.355Z,100,OPERATING,abb5d6ec-469e-4ab0-8685-5f04e9749653
tokyo_disneysea,tds_mh_a_003,2026-09-17T05:47:58.361Z,140,OPERATING,3407ebac-c575-4c31-b794-1d271014d303
tokyo_disneysea,tds_fs_a_004,2026-09-17T05:47:48.139Z,50,OPERATING,c0224e78-abf6-4f89-b0d4-38647a98dd4d
tokyo_disneysea,tds_fs_a_003,2026-09-17T05:50:53.473Z,40,OPERATING,e8c15bc6-aaab-44ef-8285-1d92ebd2c47d
tokyo_disneysea,tds_fs_a_002,2026-09-17T05:50:53.466Z,40,OPERATING,10b5b89e-02a6-4456-9ddd-69e06c2bded4
tokyo_disneysea,tds_mi_a_002,2026-09-17T05:50:53.434Z,100,OPERATING,c8526be3-e82c-4692-ae44-e8f2d1142c8a
tokyo_disneysea,tds_lrd_a_002,2026-09-17T05:50:53.442Z,70,OPERATING,dd942cd2-b364-4262-af12-ca1a5012528b
tokyo_disneysea,tds_aw_a_003,2026-09-17T05:50:53.416Z,100,OPERATING,abb5d6ec-469e-4ab0-8685-5f04e9749653
tokyo_disneysea,tds_mh_a_003,2026-09-17T05:50:53.426Z,140,OPERATING,3407ebac-c575-4c31-b794-1d271014d303
tokyo_disneysea,tds_aw_a_002,2026-09-17T05:50:53.450Z,100,OPERATING,4ca7254c-7abc-4e52-82e0-9c562c096494
tokyo_disneysea,tds_fs_a_003,2026-09-17T05:58:02.319Z,40,OPERATING,e8c15bc6-aaab-44ef-8285-1d92ebd2c47d
tokyo_disneysea,tds_fs_a_002,2026-09-17T05:58:02.303Z,40,OPERATING,10b5b89e-02a6-4456-9ddd-69e06c2bded4
tokyo_disneysea,tds_mi_a_002,2026-09-17T05:58:02.200Z,100,OPERATING,c8526be3-e82c-4692-ae44-e8f2d1142c8a
tokyo_disneysea,tds_lrd_a_002,2026-09-17T05:58:02.234Z,70,OPERATING,dd942cd2-b364-4262-af12-ca1a5012528b
tokyo_disneysea,tds_aw_a_004,2026-09-17T05:56:52.852Z,30,OPERATING,2daf12ac-21fd-4bfd-bbf6-0c98bed03e8f
tokyo_disneysea,tds_ac_a_002,2026-09-17T05:59:56.571Z,15,OPERATING,abbf5b3e-94e5-420a-8257-34594cd9d590
tokyo_disneysea,tds_aw_a_001,2026-09-17T05:56:52.858Z,15,OPERATING,71943126-e4ac-49c5-ac61-ac1687ad33af
tokyo_disneysea,tds_aw_a_003,2026-09-17T05:59:56.563Z,90,OPERATING,abb5d6ec-469e-4ab0-8685-5f04e9749653
tokyo_disneysea,tds_mh_a_003,2026-09-17T05:58:02.188Z,140,OPERATING,3407ebac-c575-4c31-b794-1d271014d303
tokyo_disneysea,tds_aw_a_002,2026-09-17T05:58:02.247Z,100,OPERATING,4ca7254c-7abc-4e52-82e0-9c562c096494
tokyo_disneysea,tds_ml_a_003,2026-09-17T06:02:56.258Z,5,OPERATING,58815e8e-7c01-4a42-8a00-1bd1c82a0252
tokyo_disneysea,tds_fs_a_003,2026-09-17T06:02:56.326Z,40,OPERATING,e8c15bc6-aaab-44ef-8285-1d92ebd2c47d
tokyo_disneysea,tds_fs_a_002,2026-09-17T06:02:56.317Z,40,OPERATING,10b5b89e-02a6-4456-9ddd-69e06c2bded4
tokyo_disneysea,tds_mi_a_002,2026-09-17T06:03:18.620Z,160,OPERATING,c8526be3-e82c-4692-ae44-e8f2d1142c8a
tokyo_disneysea,tds_lrd_a_002,2026-09-17T06:02:56.275Z,70,OPERATING,dd942cd2-b364-4262-af12-ca1a5012528b
tokyo_disneysea,tds_aw_a_005,2026-09-17T06:02:56.250Z,5,OPERATING,5449e9da-ee4c-47d8-a60a-8a964b94c32d
tokyo_disneysea,tds_aw_a_001,2026-09-17T06:03:18.629Z,20,OPERATING,71943126-e4ac-49c5-ac61-ac1687ad33af
tokyo_disneysea,tds_aw_a_003,2026-09-17T06:02:56.221Z,90,OPERATING,abb5d6ec-469e-4ab0-8685-5f04e9749653
tokyo_disneysea,tds_ml_a_007,2026-09-17T06:02:56.266Z,25,OPERATING,7594d3f2-b3d1-47a0-b64f-8bc01d373830
tokyo_disneysea,tds_mh_a_003,2026-09-17T06:02:56.231Z,140,OPERATING,3407ebac-c575-4c31-b794-1d271014d303
tokyo_disneysea,tds_aw_a_002,2026-09-17T06:02:56.291Z,100,OPERATING,4ca7254c-7abc-4e52-82e0-9c562c096494
tokyo_disneysea,tds_ml_a_003,2026-09-17T06:05:56.570Z,15,OPERATING,58815e8e-7c01-4a42-8a00-1bd1c82a0252
tokyo_disneysea,tds_fs_a_003,2026-09-17T06:09:09.165Z,40,OPERATING,e8c15bc6-aaab-44ef-8285-1d92ebd2c47d
tokyo_disneysea,tds_fs_a_002,2026-09-17T06:09:09.155Z,40,OPERATING,10b5b89e-02a6-4456-9ddd-69e06c2bded4
tokyo_disneysea,tds_mi_a_002,2026-09-17T06:09:09.118Z,160,OPERATING,c8526be3-e82c-4692-ae44-e8f2d1142c8a
tokyo_disneysea,tds_lrd_a_002,2026-09-17T06:09:09.127Z,50,OPERATING,dd942cd2-b364-4262-af12-ca1a5012528b
tokyo_disneysea,tds_pd_a_003,2026-09-17T06:05:56.561Z,15,OPERATING,c8744918-42c0-427d-8947-c3dbd1abf8d5
tokyo_disneysea,tds_mi_a_001,2026-09-17T06:05:56.552Z,15,OPERATING,c15da0f5-9668-48ee-b93a-8b737b6acf5b
tokyo_disneysea,tds_ml_a_005,2026-09-17T06:08:56.666Z,30,OPERATING,f37d7fe8-169f-459d-86f3-4843655358bd
tokyo_disneysea,tds_aw_a_003,2026-09-17T06:09:09.098Z,90,OPERATING,abb5d6ec-469e-4ab0-8685-5f04e9749653
tokyo_disneysea,tds_mh_a_003,2026-09-17T06:09:09.109Z,140,OPERATING,3407ebac-c575-4c31-b794-1d271014d303
tokyo_disneysea,tds_fs_a_004,2026-09-17T06:09:09.174Z,40,OPERATING,c0224e78-abf6-4f89-b0d4-38647a98dd4d
tokyo_disneysea,tds_aw_a_002,2026-09-17T06:09:09.136Z,100,OPERATING,4ca7254c-7abc-4e52-82e0-9c562c096494
tokyo_disneysea,tds_ml_a_002,2026-09-17T06:08:56.657Z,10,OPERATING,c6c0d34d-531a-40d9-b711-3497fd53c28b
tokyo_disneysea,tds_lrd_a_002,2026-09-17T06:11:56.642Z,50,OPERATING,dd942cd2-b364-4262-af12-ca1a5012528b
tokyo_disneysea,tds_ml_a_004,2026-09-17T06:11:56.626Z,15,OPERATING,2d56558a-d4d2-4f79-898c-178c2c20cf67
tokyo_disneysea,tds_ml_a_005,2026-09-17T06:11:56.633Z,25,OPERATING,f37d7fe8-169f-459d-86f3-4843655358bd
tokyo_disneysea,tds_fs_a_003,2026-09-17T06:19:09.962Z,40,OPERATING,e8c15bc6-aaab-44ef-8285-1d92ebd2c47d
tokyo_disneysea,tds_fs_a_002,2026-09-17T06:19:09.953Z,40,OPERATING,10b5b89e-02a6-4456-9ddd-69e06c2bded4
tokyo_disneysea,tds_mi_a_002,2026-09-17T06:19:09.920Z,160,OPERATING,c8526be3-e82c-4692-ae44-e8f2d1142c8a
tokyo_disneysea,tds_lrd_a_002,2026-09-17T06:19:09.928Z,50,OPERATING,dd942cd2-b364-4262-af12-ca1a5012528b
tokyo_disneysea,tds_ml_a_004,2026-09-17T06:17:58.903Z,20,OPERATING,2d56558a-d4d2-4f79-898c-178c2c20cf67
tokyo_disneysea,tds_aw_a_004,2026-09-17T06:15:10.725Z,25,OPERATING,2daf12ac-21fd-4bfd-bbf6-0c98bed03e8f
tokyo_disneysea,tds_mi_a_001,2026-09-17T06:17:58.895Z,10,OPERATING,c15da0f5-9668-48ee-b93a-8b737b6acf5b
tokyo_disneysea,tds_aw_a_003,2026-09-17T06:19:09.905Z,80,OPERATING,abb5d6ec-469e-4ab0-8685-5f04e9749653
tokyo_disneysea,tds_ml_a_007,2026-09-17T06:17:58.913Z,20,OPERATING,7594d3f2-b3d1-47a0-b64f-8bc01d373830
tokyo_disneysea,tds_mh_a_003,2026-09-17T06:19:09.912Z,140,OPERATING,3407ebac-c575-4c31-b794-1d271014d303
tokyo_disneysea,tds_fs_a_004,2026-09-17T06:14:59.672Z,50,OPERATING,c0224e78-abf6-4f89-b0d4-38647a98dd4d
tokyo_disneysea,tds_aw_a_002,2026-09-17T06:19:09.936Z,90,OPERATING,4ca7254c-7abc-4e52-82e0-9c562c096494
tokyo_disneysea,tds_ml_a_002,2026-09-17T06:15:10.741Z,15,OPERATING,c6c0d34d-531a-40d9-b711-3497fd53c28b
tokyo_disneysea,tds_fs_a_003,2026-09-17T06:25:01.117Z,30,OPERATING,e8c15bc6-aaab-44ef-8285-1d92ebd2c47d
tokyo_disneysea,tds_fs_a_002,2026-09-17T06:25:01.103Z,30,OPERATING,10b5b89e-02a6-4456-9ddd-69e06c2bded4
tokyo_disneysea,tds_lrd_a_002,2026-09-17T06:21:53.213Z,60,OPERATING,dd942cd2-b364-4262-af12-ca1a5012528b
tokyo_disneysea,tds_mi_a_001,2026-09-17T06:24:01.739Z,15,OPERATING,c15da0f5-9668-48ee-b93a-8b737b6acf5b
tokyo_disneysea,tds_aw_a_003,2026-09-17T06:21:53.203Z,90,OPERATING,abb5d6ec-469e-4ab0-8685-5f04e9749653
tokyo_disneysea,tds_fs_a_003,2026-09-17T06:27:00.137Z,30,OPERATING,e8c15bc6-aaab-44ef-8285-1d92ebd2c47d
tokyo_disneysea,tds_fs_a_002,2026-09-17T06:27:00.122Z,30,OPERATING,10b5b89e-02a6-4456-9ddd-69e06c2bded4
tokyo_disneysea,tds_mi_a_002,2026-09-17T06:26:59.999Z,160,OPERATING,c8526be3-e82c-4692-ae44-e8f2d1142c8a
tokyo_disneysea,tds_lrd_a_002,2026-09-17T06:27:00.061Z,60,OPERATING,dd942cd2-b364-4262-af12-ca1a5012528b
tokyo_disneysea,tds_aw_a_004,2026-09-17T06:30:00.949Z,20,OPERATING,2daf12ac-21fd-4bfd-bbf6-0c98bed03e8f
tokyo_disneysea,tds_aw_a_001,2026-09-17T06:30:00.962Z,15,OPERATING,71943126-e4ac-49c5-ac61-ac1687ad33af
tokyo_disneysea,tds_mi_a_001,2026-09-17T06:30:00.929Z,20,OPERATING,c15da0f5-9668-48ee-b93a-8b737b6acf5b
tokyo_disneysea,tds_aw_a_003,2026-09-17T06:26:59.983Z,90,OPERATING,abb5d6ec-469e-4ab0-8685-5f04e9749653
tokyo_disneysea,tds_mh_a_003,2026-09-17T06:30:00.914Z,160,OPERATING,3407ebac-c575-4c31-b794-1d271014d303
tokyo_disneysea,tds_aw_a_002,2026-09-17T06:27:00.082Z,100,OPERATING,4ca7254c-7abc-4e52-82e0-9c562c096494
tokyo_disneysea,tds_fs_a_003,2026-09-17T06:33:51.877Z,40,OPERATING,e8c15bc6-aaab-44ef-8285-1d92ebd2c47d
tokyo_disneysea,tds_fs_a_002,2026-09-17T06:33:51.870Z,30,OPERATING,10b5b89e-02a6-4456-9ddd-69e06c2bded4
tokyo_disneysea,tds_mi_a_002,2026-09-17T06:33:51.806Z,160,OPERATING,c8526be3-e82c-4692-ae44-e8f2d1142c8a
tokyo_disneysea,tds_lrd_a_002,2026-09-17T06:33:51.815Z,70,OPERATING,dd942cd2-b364-4262-af12-ca1a5012528b
tokyo_disneysea,tds_pd_a_003,2026-09-17T06:33:00.508Z,20,OPERATING,c8744918-42c0-427d-8947-c3dbd1abf8d5
tokyo_disneysea,tds_aw_a_003,2026-09-17T06:33:51.787Z,100,OPERATING,abb5d6ec-469e-4ab0-8685-5f04e9749653
tokyo_disneysea,tds_mh_a_003,2026-09-17T06:33:51.797Z,160,OPERATING,3407ebac-c575-4c31-b794-1d271014d303
tokyo_disneysea,tds_aw_a_002,2026-09-17T06:33:51.824Z,100,OPERATING,4ca7254c-7abc-4e52-82e0-9c562c096494
tokyo_disneysea,tds_fs_a_003,2026-09-17T06:36:00.733Z,40,OPERATING,e8c15bc6-aaab-44ef-8285-1d92ebd2c47d
tokyo_disneysea,tds_fs_a_002,2026-09-17T06:39:00.906Z,30,OPERATING,10b5b89e-02a6-4456-9ddd-69e06c2bded4
tokyo_disneysea,tds_mi_a_002,2026-09-17T06:39:00.871Z,160,OPERATING,c8526be3-e82c-4692-ae44-e8f2d1142c8a
tokyo_disneysea,tds_lrd_a_002,2026-09-17T06:39:00.880Z,70,OPERATING,dd942cd2-b364-4262-af12-ca1a5012528b
tokyo_disneysea,tds_aw_a_001,2026-09-17T06:36:00.717Z,20,OPERATING,71943126-e4ac-49c5-ac61-ac1687ad33af
tokyo_disneysea,tds_aw_a_003,2026-09-17T06:39:00.854Z,100,OPERATING,abb5d6ec-469e-4ab0-8685-5f04e9749653
tokyo_disneysea,tds_mh_a_003,2026-09-17T06:39:00.863Z,160,OPERATING,3407ebac-c575-4c31-b794-1d271014d303
tokyo_disneysea,tds_aw_a_002,2026-09-17T06:39:00.888Z,100,OPERATING,4ca7254c-7abc-4e52-82e0-9c562c096494
tokyo_disneysea,tds_mi_a_002,2026-09-17T06:42:31.922Z,140,OPERATING,c8526be3-e82c-4692-ae44-e8f2d1142c8a
tokyo_disneysea,tds_mi_a_001,2026-09-17T06:42:02.464Z,15,OPERATING,c15da0f5-9668-48ee-b93a-8b737b6acf5b
tokyo_disneysea,tds_fs_a_003,2026-09-17T06:47:19.536Z,40,OPERATING,e8c15bc6-aaab-44ef-8285-1d92ebd2c47d
tokyo_disneysea,tds_fs_a_002,2026-09-17T06:47:19.526Z,30,OPERATING,10b5b89e-02a6-4456-9ddd-69e06c2bded4
tokyo_disneysea,tds_lrd_a_002,2026-09-17T06:47:19.509Z,70,OPERATING,dd942cd2-b364-4262-af12-ca1a5012528b
tokyo_disneysea,tds_ac_a_002,2026-09-17T06:48:14.199Z,20,OPERATING,abbf5b3e-94e5-420a-8257-34594cd9d590
tokyo_disneysea,tds_aw_a_001,2026-09-17T06:45:17.864Z,15,OPERATING,71943126-e4ac-49c5-ac61-ac1687ad33af
tokyo_disneysea,tds_pd_a_003,2026-09-17T06:48:14.207Z,15,OPERATING,c8744918-42c0-427d-8947-c3dbd1abf8d5
tokyo_disneysea,tds_ml_a_005,2026-09-17T06:45:17.856Z,30,OPERATING,f37d7fe8-169f-459d-86f3-4843655358bd
tokyo_disneysea,tds_aw_a_003,2026-09-17T06:47:19.488Z,100,OPERATING,abb5d6ec-469e-4ab0-8685-5f04e9749653
tokyo_disneysea,tds_mh_a_003,2026-09-17T06:47:19.498Z,140,OPERATING,3407ebac-c575-4c31-b794-1d271014d303
tokyo_disneysea,tds_aw_a_002,2026-09-17T06:47:19.518Z,100,OPERATING,4ca7254c-7abc-4e52-82e0-9c562c096494
tokyo_disneysea,tds_fs_a_003,2026-09-17T06:51:21.254Z,40,OPERATING,e8c15bc6-aaab-44ef-8285-1d92ebd2c47d
tokyo_disneysea,tds_fs_a_002,2026-09-17T06:54:30.581Z,40,OPERATING,10b5b89e-02a6-4456-9ddd-69e06c2bded4
tokyo_disneysea,tds_mi_a_002,2026-09-17T06:51:21.185Z,140,OPERATING,c8526be3-e82c-4692-ae44-e8f2d1142c8a
tokyo_disneysea,tds_lrd_a_002,2026-09-17T06:51:21.219Z,70,OPERATING,dd942cd2-b364-4262-af12-ca1a5012528b
tokyo_disneysea,tds_aw_a_004,2026-09-17T06:51:21.202Z,25,OPERATING,2daf12ac-21fd-4bfd-bbf6-0c98bed03e8f
tokyo_disneysea,tds_ac_a_002,2026-09-17T06:51:21.176Z,15,OPERATING,abbf5b3e-94e5-420a-8257-34594cd9d590
tokyo_disneysea,tds_pd_a_003,2026-09-17T06:51:21.193Z,25,OPERATING,c8744918-42c0-427d-8947-c3dbd1abf8d5
tokyo_disneysea,tds_aw_a_003,2026-09-17T06:51:21.158Z,100,OPERATING,abb5d6ec-469e-4ab0-8685-5f04e9749653
tokyo_disneysea,tds_mh_a_003,2026-09-17T06:51:21.167Z,140,OPERATING,3407ebac-c575-4c31-b794-1d271014d303
tokyo_disneysea,tds_aw_a_002,2026-09-17T06:52:04.805Z,120,OPERATING,4ca7254c-7abc-4e52-82e0-9c562c096494
tokyo_disneysea,tds_ml_a_002,2026-09-17T06:54:30.574Z,15,OPERATING,c6c0d34d-531a-40d9-b711-3497fd53c28b
tokyo_disneysea,tds_fs_a_003,2026-09-17T06:57:55.357Z,40,OPERATING,e8c15bc6-aaab-44ef-8285-1d92ebd2c47d
tokyo_disneysea,tds_fs_a_002,2026-09-17T06:56:03.138Z,40,OPERATING,10b5b89e-02a6-4456-9ddd-69e06c2bded4
tokyo_disneysea,tds_mi_a_002,2026-09-17T06:57:55.334Z,140,OPERATING,c8526be3-e82c-4692-ae44-e8f2d1142c8a
tokyo_disneysea,tds_lrd_a_002,2026-09-17T06:57:55.342Z,70,OPERATING,dd942cd2-b364-4262-af12-ca1a5012528b
tokyo_disneysea,tds_aw_a_003,2026-09-17T06:57:55.319Z,100,OPERATING,abb5d6ec-469e-4ab0-8685-5f04e9749653
tokyo_disneysea,tds_mh_a_003,2026-09-17T06:57:55.326Z,140,OPERATING,3407ebac-c575-4c31-b794-1d271014d303
tokyo_disneysea,tds_fs_a_004,2026-09-17T06:56:03.151Z,40,OPERATING,c0224e78-abf6-4f89-b0d4-38647a98dd4d
tokyo_disneysea,tds_fs_a_003,2026-09-17T07:03:47.189Z,40,OPERATING,e8c15bc6-aaab-44ef-8285-1d92ebd2c47d
tokyo_disneysea,tds_fs_a_002,2026-09-17T07:03:47.181Z,40,OPERATING,10b5b89e-02a6-4456-9ddd-69e06c2bded4
tokyo_disneysea,tds_mi_a_002,2026-09-17T07:03:47.150Z,140,OPERATING,c8526be3-e82c-4692-ae44-e8f2d1142c8a
tokyo_disneysea,tds_lrd_a_002,2026-09-17T07:03:47.159Z,70,OPERATING,dd942cd2-b364-4262-af12-ca1a5012528b
tokyo_disneysea,tds_aw_a_003,2026-09-17T07:03:47.134Z,100,OPERATING,abb5d6ec-469e-4ab0-8685-5f04e9749653
tokyo_disneysea,tds_mh_a_003,2026-09-17T07:03:47.142Z,140,OPERATING,3407ebac-c575-4c31-b794-1d271014d303
tokyo_disneysea,tds_aw_a_002,2026-09-17T07:03:47.166Z,120,OPERATING,4ca7254c-7abc-4e52-82e0-9c562c096494
tokyo_disneysea,tds_fs_a_003,2026-09-17T07:10:27.628Z,40,OPERATING,e8c15bc6-aaab-44ef-8285-1d92ebd2c47d
tokyo_disneysea,tds_fs_a_002,2026-09-17T07:10:27.546Z,30,OPERATING,10b5b89e-02a6-4456-9ddd-69e06c2bded4
tokyo_disneysea,tds_mi_a_002,2026-09-17T07:10:27.458Z,140,OPERATING,c8526be3-e82c-4692-ae44-e8f2d1142c8a
tokyo_disneysea,tds_lrd_a_002,2026-09-17T07:10:27.469Z,70,OPERATING,dd942cd2-b364-4262-af12-ca1a5012528b
tokyo_disneysea,tds_aw_a_004,2026-09-17T07:10:03.282Z,20,OPERATING,2daf12ac-21fd-4bfd-bbf6-0c98bed03e8f
tokyo_disneysea,tds_aw_a_001,2026-09-17T07:06:52.926Z,20,OPERATING,71943126-e4ac-49c5-ac61-ac1687ad33af
tokyo_disneysea,tds_aw_a_003,2026-09-17T07:10:27.301Z,100,OPERATING,abb5d6ec-469e-4ab0-8685-5f04e9749653
tokyo_disneysea,tds_mh_a_003,2026-09-17T07:10:27.432Z,140,OPERATING,3407ebac-c575-4c31-b794-1d271014d303
tokyo_disneysea,tds_aw_a_002,2026-09-17T07:10:27.509Z,120,OPERATING,4ca7254c-7abc-4e52-82e0-9c562c096494
tokyo_disneysea,tds_aw_a_005,2026-09-17T07:13:01.032Z,10,OPERATING,5449e9da-ee4c-47d8-a60a-8a964b94c32d
tokyo_disneysea,tds_aw_a_001,2026-09-17T07:13:01.041Z,15,OPERATING,71943126-e4ac-49c5-ac61-ac1687ad33af
tokyo_disneysea,tds_fs_a_003,2026-09-17T07:16:27.405Z,30,OPERATING,e8c15bc6-aaab-44ef-8285-1d92ebd2c47d
tokyo_disneysea,tds_fs_a_002,2026-09-17T07:15:01.077Z,30,OPERATING,10b5b89e-02a6-4456-9ddd-69e06c2bded4
tokyo_disneysea,tds_mi_a_002,2026-09-17T07:16:27.396Z,160,OPERATING,c8526be3-e82c-4692-ae44-e8f2d1142c8a
tokyo_disneysea,tds_lrd_a_002,2026-09-17T07:15:01.021Z,70,OPERATING,dd942cd2-b364-4262-af12-ca1a5012528b
tokyo_disneysea,tds_aw_a_005,2026-09-17T07:15:01.002Z,5,OPERATING,5449e9da-ee4c-47d8-a60a-8a964b94c32d
tokyo_disneysea,tds_aw_a_003,2026-09-17T07:15:00.950Z,100,OPERATING,abb5d6ec-469e-4ab0-8685-5f04e9749653
tokyo_disneysea,tds_mh_a_003,2026-09-17T07:15:00.962Z,140,OPERATING,3407ebac-c575-4c31-b794-1d271014d303
tokyo_disneysea,tds_aw_a_002,2026-09-17T07:15:01.035Z,120,OPERATING,4ca7254c-7abc-4e52-82e0-9c562c096494
tokyo_disneysea,tds_ml_a_002,2026-09-17T07:18:57.633Z,10,OPERATING,c6c0d34d-531a-40d9-b711-3497fd53c28b
tokyo_disneysea,tds_fs_a_002,2026-09-17T07:22:44.770Z,30,OPERATING,10b5b89e-02a6-4456-9ddd-69e06c2bded4
tokyo_disneysea,tds_lrd_a_002,2026-09-17T07:22:44.744Z,70,OPERATING,dd942cd2-b364-4262-af12-ca1a5012528b
tokyo_disneysea,tds_ac_a_002,2026-09-17T07:22:08.664Z,20,OPERATING,abbf5b3e-94e5-420a-8257-34594cd9d590
tokyo_disneysea,tds_aw_a_003,2026-09-17T07:22:44.726Z,100,OPERATING,abb5d6ec-469e-4ab0-8685-5f04e9749653
tokyo_disneysea,tds_mh_a_003,2026-09-17T07:22:44.736Z,140,OPERATING,3407ebac-c575-4c31-b794-1d271014d303
tokyo_disneysea,tds_aw_a_002,2026-09-17T07:22:44.752Z,120,OPERATING,4ca7254c-7abc-4e52-82e0-9c562c096494
tokyo_disneysea,tds_fs_a_003,2026-09-17T07:25:09.093Z,30,OPERATING,e8c15bc6-aaab-44ef-8285-1d92ebd2c47d
tokyo_disneysea,tds_fs_a_002,2026-09-17T07:25:09.083Z,30,OPERATING,10b5b89e-02a6-4456-9ddd-69e06c2bded4
tokyo_disneysea,tds_mi_a_002,2026-09-17T07:25:08.974Z,160,OPERATING,c8526be3-e82c-4692-ae44-e8f2d1142c8a
tokyo_disneysea,tds_lrd_a_002,2026-09-17T07:25:31.618Z,60,OPERATING,dd942cd2-b364-4262-af12-ca1a5012528b
tokyo_disneysea,tds_aw_a_001,2026-09-17T07:25:09.058Z,20,OPERATING,71943126-e4ac-49c5-ac61-ac1687ad33af
tokyo_disneysea,tds_ml_a_005,2026-09-17T07:25:08.983Z,25,OPERATING,f37d7fe8-169f-459d-86f3-4843655358bd
tokyo_disneysea,tds_aw_a_003,2026-09-17T07:25:31.607Z,120,OPERATING,abb5d6ec-469e-4ab0-8685-5f04e9749653
tokyo_disneysea,tds_ml_a_007,2026-09-17T07:25:08.996Z,15,OPERATING,7594d3f2-b3d1-47a0-b64f-8bc01d373830
tokyo_disneysea,tds_mh_a_003,2026-09-17T07:25:08.967Z,140,OPERATING,3407ebac-c575-4c31-b794-1d271014d303
tokyo_disneysea,tds_aw_a_002,2026-09-17T07:25:09.046Z,120,OPERATING,4ca7254c-7abc-4e52-82e0-9c562c096494
tokyo_disneysea,tds_fs_a_003,2026-09-17T07:34:12.368Z,30,OPERATING,e8c15bc6-aaab-44ef-8285-1d92ebd2c47d
tokyo_disneysea,tds_fs_a_002,2026-09-17T07:34:12.359Z,30,OPERATING,10b5b89e-02a6-4456-9ddd-69e06c2bded4
tokyo_disneysea,tds_mi_a_002,2026-09-17T07:34:12.301Z,160,OPERATING,c8526be3-e82c-4692-ae44-e8f2d1142c8a
tokyo_disneysea,tds_mh_a_001,2026-09-17T07:34:12.320Z,5,OPERATING,2ca8f848-b8e2-4ba5-aa6e-e0fb37e85d0b
tokyo_disneysea,tds_aw_a_001,2026-09-17T07:34:12.336Z,15,OPERATING,71943126-e4ac-49c5-ac61-ac1687ad33af
tokyo_disneysea,tds_ml_a_007,2026-09-17T07:31:18.329Z,10,OPERATING,7594d3f2-b3d1-47a0-b64f-8bc01d373830
tokyo_disneysea,tds_mh_a_003,2026-09-17T07:34:12.293Z,140,OPERATING,3407ebac-c575-4c31-b794-1d271014d303
tokyo_disneysea,tds_aw_a_002,2026-09-17T07:34:12.328Z,120,OPERATING,4ca7254c-7abc-4e52-82e0-9c562c096494
tokyo_disneysea,tds_fs_a_001,2026-09-17T07:40:13.723Z,120,OPERATING,9fb0c97c-ebf7-4c25-8ea7-a3f4fe2aa9ec
tokyo_disneysea,tds_fs_a_003,2026-09-17T07:37:14.567Z,30,OPERATING,e8c15bc6-aaab-44ef-8285-1d92ebd2c47d
tokyo_disneysea,tds_fs_a_002,2026-09-17T07:37:42.818Z,40,OPERATING,10b5b89e-02a6-4456-9ddd-69e06c2bded4
tokyo_disneysea,tds_mi_a_002,2026-09-17T07:37:42.790Z,140,OPERATING,c8526be3-e82c-4692-ae44-e8f2d1142c8a
tokyo_disneysea,tds_lrd_a_002,2026-09-17T07:37:14.530Z,60,OPERATING,dd942cd2-b364-4262-af12-ca1a5012528b
tokyo_disneysea,tds_ml_a_004,2026-09-17T07:37:14.514Z,15,OPERATING,2d56558a-d4d2-4f79-898c-178c2c20cf67
tokyo_disneysea,tds_mh_a_001,2026-09-17T07:40:13.712Z,25,OPERATING,2ca8f848-b8e2-4ba5-aa6e-e0fb37e85d0b
tokyo_disneysea,tds_aw_a_003,2026-09-17T07:37:14.471Z,120,OPERATING,abb5d6ec-469e-4ab0-8685-5f04e9749653
tokyo_disneysea,tds_ml_a_007,2026-09-17T07:37:14.522Z,15,OPERATING,7594d3f2-b3d1-47a0-b64f-8bc01d373830
tokyo_disneysea,tds_mh_a_003,2026-09-17T07:37:14.480Z,140,OPERATING,3407ebac-c575-4c31-b794-1d271014d303
tokyo_disneysea,tds_aw_a_002,2026-09-17T07:37:42.799Z,140,OPERATING,4ca7254c-7abc-4e52-82e0-9c562c096494
tokyo_disneysea,tds_fs_a_001,2026-09-17T07:43:49.769Z,140,OPERATING,9fb0c97c-ebf7-4c25-8ea7-a3f4fe2aa9ec
tokyo_disneysea,tds_aw_a_001,2026-09-17T07:43:21.944Z,20,OPERATING,71943126-e4ac-49c5-ac61-ac1687ad33af
tokyo_disneysea,tds_fs_a_001,2026-09-17T07:49:20.839Z,140,OPERATING,9fb0c97c-ebf7-4c25-8ea7-a3f4fe2aa9ec
tokyo_disneysea,tds_fs_a_003,2026-09-17T07:49:20.857Z,30,OPERATING,e8c15bc6-aaab-44ef-8285-1d92ebd2c47d
tokyo_disneysea,tds_fs_a_002,2026-09-17T07:49:20.848Z,40,OPERATING,10b5b89e-02a6-4456-9ddd-69e06c2bded4
tokyo_disneysea,tds_mi_a_002,2026-09-17T07:49:20.805Z,140,OPERATING,c8526be3-e82c-4692-ae44-e8f2d1142c8a
tokyo_disneysea,tds_lrd_a_002,2026-09-17T07:49:20.813Z,60,OPERATING,dd942cd2-b364-4262-af12-ca1a5012528b
tokyo_disneysea,tds_aw_a_004,2026-09-17T07:46:22.663Z,25,OPERATING,2daf12ac-21fd-4bfd-bbf6-0c98bed03e8f
tokyo_disneysea,tds_mh_a_001,2026-09-17T07:46:22.646Z,30,OPERATING,2ca8f848-b8e2-4ba5-aa6e-e0fb37e85d0b
tokyo_disneysea,tds_aw_a_001,2026-09-17T07:49:20.829Z,15,OPERATING,71943126-e4ac-49c5-ac61-ac1687ad33af
tokyo_disneysea,tds_pd_a_003,2026-09-17T07:46:22.655Z,20,OPERATING,c8744918-42c0-427d-8947-c3dbd1abf8d5
tokyo_disneysea,tds_aw_a_003,2026-09-17T07:49:20.789Z,120,OPERATING,abb5d6ec-469e-4ab0-8685-5f04e9749653
tokyo_disneysea,tds_mh_a_003,2026-09-17T07:49:20.797Z,140,OPERATING,3407ebac-c575-4c31-b794-1d271014d303
tokyo_disneysea,tds_fs_a_004,2026-09-17T07:49:20.865Z,50,OPERATING,c0224e78-abf6-4f89-b0d4-38647a98dd4d
tokyo_disneysea,tds_aw_a_002,2026-09-17T07:49:20.821Z,140,OPERATING,4ca7254c-7abc-4e52-82e0-9c562c096494
tokyo_disneysea,tds_mh_a_003,2026-09-17T07:52:21.938Z,120,OPERATING,3407ebac-c575-4c31-b794-1d271014d303
tokyo_disneysea,tds_ml_a_002,2026-09-17T07:52:21.054Z,15,OPERATING,c6c0d34d-531a-40d9-b711-3497fd53c28b
tokyo_disneysea,tds_fs_a_001,2026-09-17T07:59:47.014Z,140,OPERATING,9fb0c97c-ebf7-4c25-8ea7-a3f4fe2aa9ec
tokyo_disneysea,tds_fs_a_003,2026-09-17T07:59:47.021Z,30,OPERATING,e8c15bc6-aaab-44ef-8285-1d92ebd2c47d
tokyo_disneysea,tds_fs_a_002,2026-09-17T07:55:56.809Z,30,OPERATING,10b5b89e-02a6-4456-9ddd-69e06c2bded4
tokyo_disneysea,tds_mi_a_002,2026-09-17T07:59:46.991Z,140,OPERATING,c8526be3-e82c-4692-ae44-e8f2d1142c8a
tokyo_disneysea,tds_lrd_a_002,2026-09-17T07:59:46.999Z,60,OPERATING,dd942cd2-b364-4262-af12-ca1a5012528b
tokyo_disneysea,tds_ml_a_004,2026-09-17T07:55:24.666Z,20,OPERATING,2d56558a-d4d2-4f79-898c-178c2c20cf67
tokyo_disneysea,tds_ac_a_002,2026-09-17T07:59:46.982Z,15,OPERATING,abbf5b3e-94e5-420a-8257-34594cd9d590
tokyo_disneysea,tds_mh_a_001,2026-09-17T07:55:24.657Z,40,OPERATING,2ca8f848-b8e2-4ba5-aa6e-e0fb37e85d0b
tokyo_disneysea,tds_aw_a_001,2026-09-17T07:58:25.061Z,20,OPERATING,71943126-e4ac-49c5-ac61-ac1687ad33af
tokyo_disneysea,tds_ml_a_005,2026-09-17T07:55:24.674Z,20,OPERATING,f37d7fe8-169f-459d-86f3-4843655358bd
tokyo_disneysea,tds_aw_a_003,2026-09-17T07:55:56.800Z,100,OPERATING,abb5d6ec-469e-4ab0-8685-5f04e9749653
tokyo_disneysea,tds_ml_a_007,2026-09-17T07:55:24.683Z,20,OPERATING,7594d3f2-b3d1-47a0-b64f-8bc01d373830
tokyo_disneysea,tds_mh_a_003,2026-09-17T07:59:46.972Z,120,OPERATING,3407ebac-c575-4c31-b794-1d271014d303
tokyo_disneysea,tds_aw_a_002,2026-09-17T07:59:47.006Z,140,OPERATING,4ca7254c-7abc-4e52-82e0-9c562c096494
tokyo_disneysea,tds_fs_a_001,2026-09-17T08:02:34.430Z,160,OPERATING,9fb0c97c-ebf7-4c25-8ea7-a3f4fe2aa9ec
tokyo_disneysea,tds_fs_a_003,2026-09-17T08:01:48.249Z,30,OPERATING,e8c15bc6-aaab-44ef-8285-1d92ebd2c47d
tokyo_disneysea,tds_fs_a_002,2026-09-17T08:01:48.240Z,30,OPERATING,10b5b89e-02a6-4456-9ddd-69e06c2bded4
tokyo_disneysea,tds_mi_a_002,2026-09-17T08:04:50.039Z,120,OPERATING,c8526be3-e82c-4692-ae44-e8f2d1142c8a
tokyo_disneysea,tds_lrd_a_002,2026-09-17T08:01:48.215Z,60,OPERATING,dd942cd2-b364-4262-af12-ca1a5012528b
tokyo_disneysea,tds_ml_a_005,2026-09-17T08:04:28.054Z,15,OPERATING,f37d7fe8-169f-459d-86f3-4843655358bd
tokyo_disneysea,tds_aw_a_003,2026-09-17T08:01:48.192Z,100,OPERATING,abb5d6ec-469e-4ab0-8685-5f04e9749653
tokyo_disneysea,tds_mh_a_003,2026-09-17T08:01:48.199Z,120,OPERATING,3407ebac-c575-4c31-b794-1d271014d303
tokyo_disneysea,tds_fs_a_004,2026-09-17T08:04:28.064Z,40,OPERATING,c0224e78-abf6-4f89-b0d4-38647a98dd4d
tokyo_disneysea,tds_aw_a_002,2026-09-17T08:01:48.223Z,140,OPERATING,4ca7254c-7abc-4e52-82e0-9c562c096494
tokyo_disneysea,tds_lrd_a_002,2026-09-17T08:08:42.618Z,70,OPERATING,dd942cd2-b364-4262-af12-ca1a5012528b
tokyo_disneysea,tds_ml_a_005,2026-09-17T08:07:28.702Z,20,OPERATING,f37d7fe8-169f-459d-86f3-4843655358bd
tokyo_disneysea,tds_fs_a_001,2026-09-17T08:13:33.238Z,160,OPERATING,9fb0c97c-ebf7-4c25-8ea7-a3f4fe2aa9ec
tokyo_disneysea,tds_fs_a_003,2026-09-17T08:13:33.253Z,30,OPERATING,e8c15bc6-aaab-44ef-8285-1d92ebd2c47d
tokyo_disneysea,tds_fs_a_002,2026-09-17T08:13:33.247Z,30,OPERATING,10b5b89e-02a6-4456-9ddd-69e06c2bded4
tokyo_disneysea,tds_mi_a_002,2026-09-17T08:13:33.221Z,120,OPERATING,c8526be3-e82c-4692-ae44-e8f2d1142c8a
tokyo_disneysea,tds_lrd_a_002,2026-09-17T08:13:33.229Z,70,OPERATING,dd942cd2-b364-4262-af12-ca1a5012528b
tokyo_disneysea,tds_aw_a_004,2026-09-17T08:11:23.492Z,20,OPERATING,2daf12ac-21fd-4bfd-bbf6-0c98bed03e8f
tokyo_disneysea,tds_aw_a_003,2026-09-17T08:13:33.214Z,100,OPERATING,abb5d6ec-469e-4ab0-8685-5f04e9749653
tokyo_disneysea,tds_mh_a_003,2026-09-17T08:11:29.266Z,140,OPERATING,3407ebac-c575-4c31-b794-1d271014d303
tokyo_disneysea,tds_aw_a_002,2026-09-17T08:11:29.275Z,140,OPERATING,4ca7254c-7abc-4e52-82e0-9c562c096494
tokyo_disneysea,tds_ml_a_002,2026-09-17T08:11:23.501Z,10,OPERATING,c6c0d34d-531a-40d9-b711-3497fd53c28b
tokyo_disneysea,tds_ml_a_003,2026-09-17T08:17:40.443Z,10,OPERATING,58815e8e-7c01-4a42-8a00-1bd1c82a0252
tokyo_disneysea,tds_aw_a_004,2026-09-17T08:17:40.436Z,25,OPERATING,2daf12ac-21fd-4bfd-bbf6-0c98bed03e8f
tokyo_disneysea,tds_aw_a_003,2026-09-17T08:17:40.419Z,90,OPERATING,abb5d6ec-469e-4ab0-8685-5f04e9749653
tokyo_disneysea,tds_mh_a_003,2026-09-17T08:17:40.427Z,120,OPERATING,3407ebac-c575-4c31-b794-1d271014d303
tokyo_disneysea,tds_fs_a_001,2026-09-17T08:21:28.537Z,160,OPERATING,9fb0c97c-ebf7-4c25-8ea7-a3f4fe2aa9ec
tokyo_disneysea,tds_ml_a_003,2026-09-17T08:21:28.494Z,15,OPERATING,58815e8e-7c01-4a42-8a00-1bd1c82a0252
tokyo_disneysea,tds_fs_a_003,2026-09-17T08:21:28.553Z,30,OPERATING,e8c15bc6-aaab-44ef-8285-1d92ebd2c47d
tokyo_disneysea,tds_fs_a_002,2026-09-17T08:21:28.545Z,30,OPERATING,10b5b89e-02a6-4456-9ddd-69e06c2bded4
tokyo_disneysea,tds_mi_a_002,2026-09-17T08:21:28.479Z,120,OPERATING,c8526be3-e82c-4692-ae44-e8f2d1142c8a
tokyo_disneysea,tds_lrd_a_002,2026-09-17T08:21:28.516Z,70,OPERATING,dd942cd2-b364-4262-af12-ca1a5012528b
tokyo_disneysea,tds_ac_a_002,2026-09-17T08:24:29.572Z,20,OPERATING,abbf5b3e-94e5-420a-8257-34594cd9d590
tokyo_disneysea,tds_aw_a_001,2026-09-17T08:19:53.614Z,15,OPERATING,71943126-e4ac-49c5-ac61-ac1687ad33af
tokyo_disneysea,tds_pd_a_003,2026-09-17T08:22:50.609Z,15,OPERATING,c8744918-42c0-427d-8947-c3dbd1abf8d5
tokyo_disneysea,tds_aw_a_002,2026-09-17T08:24:29.579Z,160,OPERATING,4ca7254c-7abc-4e52-82e0-9c562c096494
tokyo_disneysea,tds_fs_a_001,2026-09-17T08:25:57.233Z,160,OPERATING,9fb0c97c-ebf7-4c25-8ea7-a3f4fe2aa9ec
tokyo_disneysea,tds_fs_a_003,2026-09-17T08:25:57.248Z,30,OPERATING,e8c15bc6-aaab-44ef-8285-1d92ebd2c47d
tokyo_disneysea,tds_fs_a_002,2026-09-17T08:29:18.055Z,25,OPERATING,10b5b89e-02a6-4456-9ddd-69e06c2bded4
tokyo_disneysea,tds_mi_a_002,2026-09-17T08:25:57.205Z,100,OPERATING,c8526be3-e82c-4692-ae44-e8f2d1142c8a
tokyo_disneysea,tds_lrd_a_002,2026-09-17T08:25:57.218Z,60,OPERATING,dd942cd2-b364-4262-af12-ca1a5012528b
tokyo_disneysea,tds_ml_a_004,2026-09-17T08:29:18.046Z,15,OPERATING,2d56558a-d4d2-4f79-898c-178c2c20cf67
tokyo_disneysea,tds_aw_a_004,2026-09-17T08:29:18.038Z,20,OPERATING,2daf12ac-21fd-4bfd-bbf6-0c98bed03e8f
tokyo_disneysea,tds_aw_a_005,2026-09-17T08:25:57.211Z,5,OPERATING,5449e9da-ee4c-47d8-a60a-8a964b94c32d
tokyo_disneysea,tds_aw_a_003,2026-09-17T08:25:57.190Z,90,OPERATING,abb5d6ec-469e-4ab0-8685-5f04e9749653
tokyo_disneysea,tds_mh_a_003,2026-09-17T08:25:57.197Z,140,OPERATING,3407ebac-c575-4c31-b794-1d271014d303
tokyo_disneysea,tds_aw_a_002,2026-09-17T08:25:57.226Z,160,OPERATING,4ca7254c-7abc-4e52-82e0-9c562c096494
tokyo_disneysea,tds_fs_a_001,2026-09-17T08:33:05.469Z,160,OPERATING,9fb0c97c-ebf7-4c25-8ea7-a3f4fe2aa9ec
tokyo_disneysea,tds_fs_a_003,2026-09-17T08:33:05.487Z,30,OPERATING,e8c15bc6-aaab-44ef-8285-1d92ebd2c47d
tokyo_disneysea,tds_fs_a_002,2026-09-17T08:33:05.478Z,25,OPERATING,10b5b89e-02a6-4456-9ddd-69e06c2bded4
tokyo_disneysea,tds_mi_a_002,2026-09-17T08:33:05.442Z,100,OPERATING,c8526be3-e82c-4692-ae44-e8f2d1142c8a
tokyo_disneysea,tds_lrd_a_002,2026-09-17T08:33:05.452Z,60,OPERATING,dd942cd2-b364-4262-af12-ca1a5012528b
tokyo_disneysea,tds_ac_a_002,2026-09-17T08:32:21.043Z,15,OPERATING,abbf5b3e-94e5-420a-8257-34594cd9d590
tokyo_disneysea,tds_aw_a_001,2026-09-17T08:32:21.050Z,20,OPERATING,71943126-e4ac-49c5-ac61-ac1687ad33af
tokyo_disneysea,tds_aw_a_003,2026-09-17T08:33:05.424Z,90,OPERATING,abb5d6ec-469e-4ab0-8685-5f04e9749653
tokyo_disneysea,tds_mh_a_003,2026-09-17T08:33:05.433Z,140,OPERATING,3407ebac-c575-4c31-b794-1d271014d303
tokyo_disneysea,tds_aw_a_002,2026-09-17T08:33:05.461Z,160,OPERATING,4ca7254c-7abc-4e52-82e0-9c562c096494
tokyo_disneysea,tds_fs_a_001,2026-09-17T08:38:33.827Z,140,OPERATING,9fb0c97c-ebf7-4c25-8ea7-a3f4fe2aa9ec
tokyo_disneysea,tds_fs_a_003,2026-09-17T08:38:33.840Z,30,OPERATING,e8c15bc6-aaab-44ef-8285-1d92ebd2c47d
tokyo_disneysea,tds_fs_a_002,2026-09-17T08:38:33.834Z,25,OPERATING,10b5b89e-02a6-4456-9ddd-69e06c2bded4
tokyo_disneysea,tds_mi_a_002,2026-09-17T08:38:33.808Z,100,OPERATING,c8526be3-e82c-4692-ae44-e8f2d1142c8a
tokyo_disneysea,tds_lrd_a_002,2026-09-17T08:38:33.815Z,50,OPERATING,dd942cd2-b364-4262-af12-ca1a5012528b
tokyo_disneysea,tds_aw_a_001,2026-09-17T08:36:43.767Z,15,OPERATING,71943126-e4ac-49c5-ac61-ac1687ad33af
tokyo_disneysea,tds_pd_a_003,2026-09-17T08:35:26.501Z,20,OPERATING,c8744918-42c0-427d-8947-c3dbd1abf8d5
tokyo_disneysea,tds_aw_a_003,2026-09-17T08:38:33.795Z,90,OPERATING,abb5d6ec-469e-4ab0-8685-5f04e9749653
tokyo_disneysea,tds_ml_a_007,2026-09-17T08:35:26.514Z,15,OPERATING,7594d3f2-b3d1-47a0-b64f-8bc01d373830
tokyo_disneysea,tds_mh_a_003,2026-09-17T08:38:33.801Z,140,OPERATING,3407ebac-c575-4c31-b794-1d271014d303
tokyo_disneysea,tds_aw_a_002,2026-09-17T08:38:33.821Z,160,OPERATING,4ca7254c-7abc-4e52-82e0-9c562c096494
tokyo_disneysea,tds_ml_a_002,2026-09-17T08:36:43.751Z,5,OPERATING,c6c0d34d-531a-40d9-b711-3497fd53c28b
tokyo_disneysea,tds_fs_a_001,2026-09-17T08:42:48.164Z,120,OPERATING,9fb0c97c-ebf7-4c25-8ea7-a3f4fe2aa9ec
tokyo_disneysea,tds_fs_a_003,2026-09-17T08:41:46.530Z,25,OPERATING,e8c15bc6-aaab-44ef-8285-1d92ebd2c47d
tokyo_disneysea,tds_fs_a_002,2026-09-17T08:41:46.523Z,30,OPERATING,10b5b89e-02a6-4456-9ddd-69e06c2bded4
tokyo_disneysea,tds_mi_a_002,2026-09-17T08:41:46.496Z,120,OPERATING,c8526be3-e82c-4692-ae44-e8f2d1142c8a
tokyo_disneysea,tds_ml_a_007,2026-09-17T08:41:46.505Z,10,OPERATING,7594d3f2-b3d1-47a0-b64f-8bc01d373830
tokyo_disneysea,tds_ml_a_002,2026-09-17T08:40:17.046Z,10,OPERATING,c6c0d34d-531a-40d9-b711-3497fd53c28b
tokyo_disneysea,tds_ml_a_003,2026-09-17T08:44:58.859Z,10,OPERATING,58815e8e-7c01-4a42-8a00-1bd1c82a0252
tokyo_disneysea,tds_fs_a_003,2026-09-17T08:46:20.834Z,25,OPERATING,e8c15bc6-aaab-44ef-8285-1d92ebd2c47d
tokyo_disneysea,tds_fs_a_002,2026-09-17T08:46:20.825Z,30,OPERATING,10b5b89e-02a6-4456-9ddd-69e06c2bded4
tokyo_disneysea,tds_mi_a_002,2026-09-17T08:46:20.779Z,120,OPERATING,c8526be3-e82c-4692-ae44-e8f2d1142c8a
tokyo_disneysea,tds_lrd_a_002,2026-09-17T08:46:20.808Z,50,OPERATING,dd942cd2-b364-4262-af12-ca1a5012528b
tokyo_disneysea,tds_ml_a_004,2026-09-17T08:46:20.789Z,20,OPERATING,2d56558a-d4d2-4f79-898c-178c2c20cf67
tokyo_disneysea,tds_aw_a_001,2026-09-17T08:44:58.867Z,20,OPERATING,71943126-e4ac-49c5-ac61-ac1687ad33af
tokyo_disneysea,tds_aw_a_003,2026-09-17T08:46:20.761Z,90,OPERATING,abb5d6ec-469e-4ab0-8685-5f04e9749653
tokyo_disneysea,tds_ml_a_007,2026-09-17T08:46:20.799Z,15,OPERATING,7594d3f2-b3d1-47a0-b64f-8bc01d373830
tokyo_disneysea,tds_mh_a_003,2026-09-17T08:46:20.770Z,140,OPERATING,3407ebac-c575-4c31-b794-1d271014d303
tokyo_disneysea,tds_aw_a_002,2026-09-17T08:46:20.816Z,160,OPERATING,4ca7254c-7abc-4e52-82e0-9c562c096494
tokyo_disneysea,tds_fs_a_001,2026-09-17T08:50:24.948Z,120,OPERATING,9fb0c97c-ebf7-4c25-8ea7-a3f4fe2aa9ec
tokyo_disneysea,tds_fs_a_003,2026-09-17T08:50:24.966Z,25,OPERATING,e8c15bc6-aaab-44ef-8285-1d92ebd2c47d
tokyo_disneysea,tds_fs_a_002,2026-09-17T08:50:24.957Z,30,OPERATING,10b5b89e-02a6-4456-9ddd-69e06c2bded4
tokyo_disneysea,tds_mi_a_002,2026-09-17T08:50:24.906Z,120,OPERATING,c8526be3-e82c-4692-ae44-e8f2d1142c8a
tokyo_disneysea,tds_lrd_a_002,2026-09-17T08:54:55.551Z,40,OPERATING,dd942cd2-b364-4262-af12-ca1a5012528b
tokyo_disneysea,tds_ac_a_002,2026-09-17T08:50:24.897Z,20,OPERATING,abbf5b3e-94e5-420a-8257-34594cd9d590
tokyo_disneysea,tds_aw_a_001,2026-09-17T08:50:24.939Z,15,OPERATING,71943126-e4ac-49c5-ac61-ac1687ad33af
tokyo_disneysea,tds_ac_a_003,2026-09-17T08:50:24.915Z,5,OPERATING,63ef07eb-9bfb-4782-885e-cfd08ced82f0
tokyo_disneysea,tds_aw_a_003,2026-09-17T08:50:24.879Z,90,OPERATING,abb5d6ec-469e-4ab0-8685-5f04e9749653
tokyo_disneysea,tds_mh_a_003,2026-09-17T08:50:24.888Z,140,OPERATING,3407ebac-c575-4c31-b794-1d271014d303
tokyo_disneysea,tds_aw_a_002,2026-09-17T08:50:24.932Z,160,OPERATING,4ca7254c-7abc-4e52-82e0-9c562c096494
tokyo_disneysea,tds_fs_a_001,2026-09-17T08:59:19.217Z,120,OPERATING,9fb0c97c-ebf7-4c25-8ea7-a3f4fe2aa9ec
tokyo_disneysea,tds_fs_a_003,2026-09-17T08:59:19.232Z,25,OPERATING,e8c15bc6-aaab-44ef-8285-1d92ebd2c47d
tokyo_disneysea,tds_fs_a_002,2026-09-17T08:59:19.224Z,30,OPERATING,10b5b89e-02a6-4456-9ddd-69e06c2bded4
tokyo_disneysea,tds_mi_a_002,2026-09-17T08:59:29.019Z,120,OPERATING,c8526be3-e82c-4692-ae44-e8f2d1142c8a
tokyo_disneysea,tds_ml_a_005,2026-09-17T08:56:24.786Z,15,OPERATING,f37d7fe8-169f-459d-86f3-4843655358bd
tokyo_disneysea,tds_aw_a_003,2026-09-17T08:59:19.186Z,90,OPERATING,abb5d6ec-469e-4ab0-8685-5f04e9749653
tokyo_disneysea,tds_mh_a_003,2026-09-17T08:59:19.194Z,140,OPERATING,3407ebac-c575-4c31-b794-1d271014d303
tokyo_disneysea,tds_aw_a_002,2026-09-17T08:59:19.209Z,160,OPERATING,4ca7254c-7abc-4e52-82e0-9c562c096494
tokyo_disneysea,tds_fs_a_001,2026-09-17T09:02:57.194Z,120,OPERATING,9fb0c97c-ebf7-4c25-8ea7-a3f4fe2aa9ec
tokyo_disneysea,tds_fs_a_003,2026-09-17T09:02:57.208Z,25,OPERATING,e8c15bc6-aaab-44ef-8285-1d92ebd2c47d
tokyo_disneysea,tds_fs_a_002,2026-09-17T09:02:57.201Z,30,OPERATING,10b5b89e-02a6-4456-9ddd-69e06c2bded4
tokyo_disneysea,tds_mi_a_002,2026-09-17T09:02:57.173Z,120,OPERATING,c8526be3-e82c-4692-ae44-e8f2d1142c8a
tokyo_disneysea,tds_lrd_a_002,2026-09-17T09:02:57.180Z,40,OPERATING,dd942cd2-b364-4262-af12-ca1a5012528b
tokyo_disneysea,tds_aw_a_001,2026-09-17T09:02:24.988Z,20,OPERATING,71943126-e4ac-49c5-ac61-ac1687ad33af
tokyo_disneysea,tds_aw_a_003,2026-09-17T09:02:57.160Z,80,OPERATING,abb5d6ec-469e-4ab0-8685-5f04e9749653
tokyo_disneysea,tds_mh_a_003,2026-09-17T09:02:57.167Z,140,OPERATING,3407ebac-c575-4c31-b794-1d271014d303
tokyo_disneysea,tds_aw_a_002,2026-09-17T09:02:57.187Z,140,OPERATING,4ca7254c-7abc-4e52-82e0-9c562c096494
tokyo_disneysea,tds_fs_a_001,2026-09-17T09:05:45.726Z,120,OPERATING,9fb0c97c-ebf7-4c25-8ea7-a3f4fe2aa9ec
tokyo_disneysea,tds_lrd_a_002,2026-09-17T09:07:49.739Z,50,OPERATING,dd942cd2-b364-4262-af12-ca1a5012528b
tokyo_disneysea,tds_ml_a_004,2026-09-17T09:05:09.090Z,15,OPERATING,2d56558a-d4d2-4f79-898c-178c2c20cf67
tokyo_disneysea,tds_aw_a_001,2026-09-17T09:05:45.718Z,15,OPERATING,71943126-e4ac-49c5-ac61-ac1687ad33af
tokyo_disneysea,tds_pd_a_003,2026-09-17T09:05:45.704Z,15,OPERATING,c8744918-42c0-427d-8947-c3dbd1abf8d5
tokyo_disneysea,tds_mi_a_001,2026-09-17T09:05:45.697Z,5,OPERATING,c15da0f5-9668-48ee-b93a-8b737b6acf5b
tokyo_disneysea,tds_ml_a_007,2026-09-17T09:05:09.100Z,10,OPERATING,7594d3f2-b3d1-47a0-b64f-8bc01d373830
tokyo_disneysea,tds_fs_a_001,2026-09-17T09:14:59.980Z,120,OPERATING,9fb0c97c-ebf7-4c25-8ea7-a3f4fe2aa9ec
tokyo_disneysea,tds_ml_a_003,2026-09-17T09:11:41.288Z,15,OPERATING,58815e8e-7c01-4a42-8a00-1bd1c82a0252
tokyo_disneysea,tds_mh_a_003,2026-09-17T09:14:59.952Z,120,OPERATING,3407ebac-c575-4c31-b794-1d271014d303
tokyo_disneysea,tds_mi_a_002,2026-09-17T09:14:59.959Z,120,OPERATING,c8526be3-e82c-4692-ae44-e8f2d1142c8a
tokyo_disneysea,tds_fs_a_003,2026-09-17T09:14:59.993Z,25,OPERATING,e8c15bc6-aaab-44ef-8285-1d92ebd2c47d
tokyo_disneysea,tds_fs_a_002,2026-09-17T09:14:59.986Z,30,OPERATING,10b5b89e-02a6-4456-9ddd-69e06c2bded4
tokyo_disneysea,tds_lrd_a_002,2026-09-17T09:14:59.968Z,50,OPERATING,dd942cd2-b364-4262-af12-ca1a5012528b
tokyo_disneysea,tds_aw_a_004,2026-09-17T09:11:41.281Z,15,OPERATING,2daf12ac-21fd-4bfd-bbf6-0c98bed03e8f
tokyo_disneysea,tds_ml_a_005,2026-09-17T09:14:24.171Z,10,OPERATING,f37d7fe8-169f-459d-86f3-4843655358bd
tokyo_disneysea,tds_aw_a_003,2026-09-17T09:14:59.946Z,80,OPERATING,abb5d6ec-469e-4ab0-8685-5f04e9749653
tokyo_disneysea,tds_aw_a_002,2026-09-17T09:14:59.974Z,140,OPERATING,4ca7254c-7abc-4e52-82e0-9c562c096494
tokyo_disneysea,tds_ml_a_002,2026-09-17T09:14:24.162Z,5,OPERATING,c6c0d34d-531a-40d9-b711-3497fd53c28b
tokyo_disneysea,tds_lrd_a_002,2026-09-17T09:18:17.302Z,60,OPERATING,dd942cd2-b364-4262-af12-ca1a5012528b
tokyo_disneysea,tds_aw_a_001,2026-09-17T09:18:05.885Z,20,OPERATING,71943126-e4ac-49c5-ac61-ac1687ad33af
tokyo_disneysea,tds_fs_a_001,2026-09-17T09:24:40.976Z,120,OPERATING,9fb0c97c-ebf7-4c25-8ea7-a3f4fe2aa9ec
tokyo_disneysea,tds_ml_a_003,2026-09-17T09:24:21.231Z,10,OPERATING,58815e8e-7c01-4a42-8a00-1bd1c82a0252
tokyo_disneysea,tds_mh_a_003,2026-09-17T09:24:40.947Z,120,OPERATING,3407ebac-c575-4c31-b794-1d271014d303
tokyo_disneysea,tds_mi_a_002,2026-09-17T09:24:40.955Z,120,OPERATING,c8526be3-e82c-4692-ae44-e8f2d1142c8a
tokyo_disneysea,tds_fs_a_003,2026-09-17T09:24:40.991Z,25,OPERATING,e8c15bc6-aaab-44ef-8285-1d92ebd2c47d
tokyo_disneysea,tds_fs_a_002,2026-09-17T09:24:40.983Z,30,OPERATING,10b5b89e-02a6-4456-9ddd-69e06c2bded4
tokyo_disneysea,tds_lrd_a_002,2026-09-17T09:24:40.962Z,50,OPERATING,dd942cd2-b364-4262-af12-ca1a5012528b
tokyo_disneysea,tds_aw_a_001,2026-09-17T09:21:21.521Z,15,OPERATING,71943126-e4ac-49c5-ac61-ac1687ad33af
tokyo_disneysea,tds_aw_a_003,2026-09-17T09:24:40.941Z,70,OPERATING,abb5d6ec-469e-4ab0-8685-5f04e9749653
tokyo_disneysea,tds_fs_a_004,2026-09-17T09:21:21.529Z,30,OPERATING,c0224e78-abf6-4f89-b0d4-38647a98dd4d
tokyo_disneysea,tds_aw_a_002,2026-09-17T09:24:40.969Z,140,OPERATING,4ca7254c-7abc-4e52-82e0-9c562c096494
tokyo_disneysea,tds_fs_a_001,2026-09-17T09:27:33.763Z,120,OPERATING,9fb0c97c-ebf7-4c25-8ea7-a3f4fe2aa9ec
tokyo_disneysea,tds_mh_a_003,2026-09-17T09:27:54.544Z,100,OPERATING,3407ebac-c575-4c31-b794-1d271014d303
tokyo_disneysea,tds_mi_a_002,2026-09-17T09:27:33.742Z,120,OPERATING,c8526be3-e82c-4692-ae44-e8f2d1142c8a
tokyo_disneysea,tds_fs_a_003,2026-09-17T09:27:33.777Z,25,OPERATING,e8c15bc6-aaab-44ef-8285-1d92ebd2c47d
tokyo_disneysea,tds_fs_a_002,2026-09-17T09:27:54.551Z,40,OPERATING,10b5b89e-02a6-4456-9ddd-69e06c2bded4
tokyo_disneysea,tds_lrd_a_002,2026-09-17T09:27:33.749Z,50,OPERATING,dd942cd2-b364-4262-af12-ca1a5012528b
tokyo_disneysea,tds_aw_a_003,2026-09-17T09:27:33.729Z,70,OPERATING,abb5d6ec-469e-4ab0-8685-5f04e9749653
tokyo_disneysea,tds_aw_a_002,2026-09-17T09:27:33.756Z,140,OPERATING,4ca7254c-7abc-4e52-82e0-9c562c096494
tokyo_disneysea,tds_fs_a_001,2026-09-17T09:33:41.595Z,120,OPERATING,9fb0c97c-ebf7-4c25-8ea7-a3f4fe2aa9ec
tokyo_disneysea,tds_ml_a_003,2026-09-17T09:33:13.902Z,5,OPERATING,58815e8e-7c01-4a42-8a00-1bd1c82a0252
tokyo_disneysea,tds_fs_a_002,2026-09-17T09:33:41.604Z,30,OPERATING,10b5b89e-02a6-4456-9ddd-69e06c2bded4
tokyo_disneysea,tds_aw_a_001,2026-09-17T09:33:13.931Z,20,OPERATING,71943126-e4ac-49c5-ac61-ac1687ad33af
tokyo_disneysea,tds_ml_a_005,2026-09-17T09:33:13.911Z,15,OPERATING,f37d7fe8-169f-459d-86f3-4843655358bd
tokyo_disneysea,tds_ml_a_007,2026-09-17T09:33:13.921Z,5,OPERATING,7594d3f2-b3d1-47a0-b64f-8bc01d373830
tokyo_disneysea,tds_aw_a_002,2026-09-17T09:30:50.188Z,120,OPERATING,4ca7254c-7abc-4e52-82e0-9c562c096494
tokyo_disneysea,tds_fs_a_001,2026-09-17T09:39:55.021Z,120,OPERATING,9fb0c97c-ebf7-4c25-8ea7-a3f4fe2aa9ec
tokyo_disneysea,tds_mh_a_003,2026-09-17T09:39:54.994Z,100,OPERATING,3407ebac-c575-4c31-b794-1d271014d303
tokyo_disneysea,tds_mi_a_002,2026-09-17T09:39:55.001Z,120,OPERATING,c8526be3-e82c-4692-ae44-e8f2d1142c8a
tokyo_disneysea,tds_fs_a_003,2026-09-17T09:39:55.033Z,20,OPERATING,e8c15bc6-aaab-44ef-8285-1d92ebd2c47d
tokyo_disneysea,tds_fs_a_002,2026-09-17T09:39:55.027Z,30,OPERATING,10b5b89e-02a6-4456-9ddd-69e06c2bded4
tokyo_disneysea,tds_lrd_a_002,2026-09-17T09:39:55.008Z,50,OPERATING,dd942cd2-b364-4262-af12-ca1a5012528b
tokyo_disneysea,tds_ac_a_002,2026-09-17T09:36:46.137Z,15,OPERATING,abbf5b3e-94e5-420a-8257-34594cd9d590
tokyo_disneysea,tds_aw_a_001,2026-09-17T09:36:46.168Z,15,OPERATING,71943126-e4ac-49c5-ac61-ac1687ad33af
tokyo_disneysea,tds_mi_a_001,2026-09-17T09:39:20.449Z,10,OPERATING,c15da0f5-9668-48ee-b93a-8b737b6acf5b
tokyo_disneysea,tds_aw_a_003,2026-09-17T09:39:54.988Z,70,OPERATING,abb5d6ec-469e-4ab0-8685-5f04e9749653
tokyo_disneysea,tds_ml_a_007,2026-09-17T09:39:20.456Z,10,OPERATING,7594d3f2-b3d1-47a0-b64f-8bc01d373830
tokyo_disneysea,tds_aw_a_002,2026-09-17T09:39:55.015Z,100,OPERATING,4ca7254c-7abc-4e52-82e0-9c562c096494
tokyo_disneysea,tds_mi_a_002,2026-09-17T09:43:13.938Z,100,OPERATING,c8526be3-e82c-4692-ae44-e8f2d1142c8a
tokyo_disneysea,tds_aw_a_004,2026-09-17T09:42:45.634Z,10,OPERATING,2daf12ac-21fd-4bfd-bbf6-0c98bed03e8f
tokyo_disneysea,tds_aw_a_001,2026-09-17T09:42:45.643Z,20,OPERATING,71943126-e4ac-49c5-ac61-ac1687ad33af
tokyo_disneysea,tds_aw_a_003,2026-09-17T09:43:13.930Z,60,OPERATING,abb5d6ec-469e-4ab0-8685-5f04e9749653
tokyo_disneysea,tds_fs_a_001,2026-09-17T09:49:12.925Z,120,OPERATING,9fb0c97c-ebf7-4c25-8ea7-a3f4fe2aa9ec
tokyo_disneysea,tds_mh_a_003,2026-09-17T09:49:12.904Z,100,OPERATING,3407ebac-c575-4c31-b794-1d271014d303
tokyo_disneysea,tds_mi_a_002,2026-09-17T09:46:13.012Z,100,OPERATING,c8526be3-e82c-4692-ae44-e8f2d1142c8a
tokyo_disneysea,tds_fs_a_003,2026-09-17T09:49:12.943Z,20,OPERATING,e8c15bc6-aaab-44ef-8285-1d92ebd2c47d
tokyo_disneysea,tds_fs_a_002,2026-09-17T09:49:12.934Z,30,OPERATING,10b5b89e-02a6-4456-9ddd-69e06c2bded4
tokyo_disneysea,tds_lrd_a_002,2026-09-17T09:49:12.910Z,50,OPERATING,dd942cd2-b364-4262-af12-ca1a5012528b
tokyo_disneysea,tds_ml_a_004,2026-09-17T09:46:13.020Z,10,OPERATING,2d56558a-d4d2-4f79-898c-178c2c20cf67
tokyo_disneysea,tds_ml_a_005,2026-09-17T09:46:13.028Z,10,OPERATING,f37d7fe8-169f-459d-86f3-4843655358bd
tokyo_disneysea,tds_aw_a_003,2026-09-17T09:46:13.004Z,60,OPERATING,abb5d6ec-469e-4ab0-8685-5f04e9749653
tokyo_disneysea,tds_fs_a_004,2026-09-17T09:49:12.951Z,40,OPERATING,c0224e78-abf6-4f89-b0d4-38647a98dd4d
tokyo_disneysea,tds_aw_a_002,2026-09-17T09:49:12.918Z,90,OPERATING,4ca7254c-7abc-4e52-82e0-9c562c096494
tokyo_disneysea,tds_fs_a_001,2026-09-17T09:52:25.753Z,120,OPERATING,9fb0c97c-ebf7-4c25-8ea7-a3f4fe2aa9ec
tokyo_disneysea,tds_mh_a_003,2026-09-17T09:52:25.717Z,100,OPERATING,3407ebac-c575-4c31-b794-1d271014d303
tokyo_disneysea,tds_mi_a_002,2026-09-17T09:52:25.727Z,100,OPERATING,c8526be3-e82c-4692-ae44-e8f2d1142c8a
tokyo_disneysea,tds_fs_a_003,2026-09-17T09:52:25.771Z,20,OPERATING,e8c15bc6-aaab-44ef-8285-1d92ebd2c47d
tokyo_disneysea,tds_fs_a_002,2026-09-17T09:52:25.761Z,30,OPERATING,10b5b89e-02a6-4456-9ddd-69e06c2bded4
tokyo_disneysea,tds_lrd_a_002,2026-09-17T09:52:25.736Z,50,OPERATING,dd942cd2-b364-4262-af12-ca1a5012528b
tokyo_disneysea,tds_ac_a_002,2026-09-17T09:51:48.445Z,20,OPERATING,abbf5b3e-94e5-420a-8257-34594cd9d590
tokyo_disneysea,tds_aw_a_003,2026-09-17T09:52:25.709Z,60,OPERATING,abb5d6ec-469e-4ab0-8685-5f04e9749653
tokyo_disneysea,tds_aw_a_002,2026-09-17T09:52:25.744Z,70,OPERATING,4ca7254c-7abc-4e52-82e0-9c562c096494
tokyo_disneysea,tds_fs_a_002,2026-09-17T09:55:35.698Z,25,OPERATING,10b5b89e-02a6-4456-9ddd-69e06c2bded4
tokyo_disneysea,tds_lrd_a_002,2026-09-17T09:58:43.617Z,40,OPERATING,dd942cd2-b364-4262-af12-ca1a5012528b
tokyo_disneysea,tds_aw_a_001,2026-09-17T09:55:20.398Z,15,OPERATING,71943126-e4ac-49c5-ac61-ac1687ad33af
tokyo_disneysea,tds_pd_a_003,2026-09-17T09:55:20.390Z,20,OPERATING,c8744918-42c0-427d-8947-c3dbd1abf8d5
tokyo_disneysea,tds_fs_a_004,2026-09-17T09:55:35.709Z,30,OPERATING,c0224e78-abf6-4f89-b0d4-38647a98dd4d
tokyo_disneysea,tds_fs_a_001,2026-09-17T10:01:29.817Z,120,OPERATING,9fb0c97c-ebf7-4c25-8ea7-a3f4fe2aa9ec
tokyo_disneysea,tds_mh_a_003,2026-09-17T10:01:29.780Z,100,OPERATING,3407ebac-c575-4c31-b794-1d271014d303
tokyo_disneysea,tds_mi_a_002,2026-09-17T10:02:02.721Z,90,OPERATING,c8526be3-e82c-4692-ae44-e8f2d1142c8a
tokyo_disneysea,tds_fs_a_003,2026-09-17T10:02:02.731Z,15,OPERATING,e8c15bc6-aaab-44ef-8285-1d92ebd2c47d
tokyo_disneysea,tds_fs_a_002,2026-09-17T10:01:29.825Z,25,OPERATING,10b5b89e-02a6-4456-9ddd-69e06c2bded4
tokyo_disneysea,tds_lrd_a_002,2026-09-17T10:01:29.802Z,40,OPERATING,dd942cd2-b364-4262-af12-ca1a5012528b
tokyo_disneysea,tds_aw_a_004,2026-09-17T10:04:08.089Z,20,OPERATING,2daf12ac-21fd-4bfd-bbf6-0c98bed03e8f
tokyo_disneysea,tds_aw_a_001,2026-09-17T10:04:08.097Z,20,OPERATING,71943126-e4ac-49c5-ac61-ac1687ad33af
tokyo_disneysea,tds_mi_a_001,2026-09-17T10:04:08.079Z,5,OPERATING,c15da0f5-9668-48ee-b93a-8b737b6acf5b
tokyo_disneysea,tds_aw_a_003,2026-09-17T10:01:29.773Z,60,OPERATING,abb5d6ec-469e-4ab0-8685-5f04e9749653
tokyo_disneysea,tds_aw_a_002,2026-09-17T10:01:29.810Z,70,OPERATING,4ca7254c-7abc-4e52-82e0-9c562c096494
tokyo_disneysea,tds_fs_a_001,2026-09-17T10:04:49.208Z,120,OPERATING,9fb0c97c-ebf7-4c25-8ea7-a3f4fe2aa9ec
tokyo_disneysea,tds_mh_a_003,2026-09-17T10:04:49.179Z,100,OPERATING,3407ebac-c575-4c31-b794-1d271014d303
tokyo_disneysea,tds_fs_a_002,2026-09-17T10:04:49.217Z,25,OPERATING,10b5b89e-02a6-4456-9ddd-69e06c2bded4
tokyo_disneysea,tds_lrd_a_002,2026-09-17T10:04:49.189Z,40,OPERATING,dd942cd2-b364-4262-af12-ca1a5012528b
tokyo_disneysea,tds_aw_a_005,2026-09-17T10:07:50.246Z,5,OPERATING,5449e9da-ee4c-47d8-a60a-8a964b94c32d
tokyo_disneysea,tds_aw_a_003,2026-09-17T10:04:49.164Z,60,OPERATING,abb5d6ec-469e-4ab0-8685-5f04e9749653
tokyo_disneysea,tds_aw_a_002,2026-09-17T10:04:49.198Z,70,OPERATING,4ca7254c-7abc-4e52-82e0-9c562c096494
tokyo_disneysea,tds_fs_a_001,2026-09-17T10:14:24.395Z,120,OPERATING,9fb0c97c-ebf7-4c25-8ea7-a3f4fe2aa9ec
tokyo_disneysea,tds_mh_a_003,2026-09-17T10:14:24.344Z,100,OPERATING,3407ebac-c575-4c31-b794-1d271014d303
tokyo_disneysea,tds_fs_a_003,2026-09-17T10:14:24.408Z,15,OPERATING,e8c15bc6-aaab-44ef-8285-1d92ebd2c47d
tokyo_disneysea,tds_fs_a_002,2026-09-17T10:14:24.403Z,15,OPERATING,10b5b89e-02a6-4456-9ddd-69e06c2bded4
tokyo_disneysea,tds_lrd_a_002,2026-09-17T10:14:24.381Z,40,OPERATING,dd942cd2-b364-4262-af12-ca1a5012528b
tokyo_disneysea,tds_ac_a_002,2026-09-17T10:10:26.334Z,15,OPERATING,abbf5b3e-94e5-420a-8257-34594cd9d590
tokyo_disneysea,tds_aw_a_001,2026-09-17T10:10:26.353Z,15,OPERATING,71943126-e4ac-49c5-ac61-ac1687ad33af
tokyo_disneysea,tds_ml_a_005,2026-09-17T10:14:24.360Z,5,OPERATING,f37d7fe8-169f-459d-86f3-4843655358bd
tokyo_disneysea,tds_aw_a_003,2026-09-17T10:14:24.335Z,60,OPERATING,abb5d6ec-469e-4ab0-8685-5f04e9749653
tokyo_disneysea,tds_ml_a_007,2026-09-17T10:14:24.369Z,10,OPERATING,7594d3f2-b3d1-47a0-b64f-8bc01d373830
tokyo_disneysea,tds_aw_a_002,2026-09-17T10:14:24.388Z,70,OPERATING,4ca7254c-7abc-4e52-82e0-9c562c096494
tokyo_disneysea,tds_fs_a_001,2026-09-17T10:17:29.441Z,120,OPERATING,9fb0c97c-ebf7-4c25-8ea7-a3f4fe2aa9ec
tokyo_disneysea,tds_mh_a_003,2026-09-17T10:17:29.409Z,100,OPERATING,3407ebac-c575-4c31-b794-1d271014d303
tokyo_disneysea,tds_fs_a_003,2026-09-17T10:17:29.453Z,10,OPERATING,e8c15bc6-aaab-44ef-8285-1d92ebd2c47d
tokyo_disneysea,tds_fs_a_002,2026-09-17T10:17:29.447Z,15,OPERATING,10b5b89e-02a6-4456-9ddd-69e06c2bded4
tokyo_disneysea,tds_lrd_a_002,2026-09-17T10:17:29.427Z,40,OPERATING,dd942cd2-b364-4262-af12-ca1a5012528b
tokyo_disneysea,tds_pd_a_003,2026-09-17T10:16:50.801Z,15,OPERATING,c8744918-42c0-427d-8947-c3dbd1abf8d5
tokyo_disneysea,tds_ml_a_005,2026-09-17T10:16:50.809Z,10,OPERATING,f37d7fe8-169f-459d-86f3-4843655358bd
tokyo_disneysea,tds_aw_a_003,2026-09-17T10:17:29.402Z,60,OPERATING,abb5d6ec-469e-4ab0-8685-5f04e9749653
tokyo_disneysea,tds_ml_a_007,2026-09-17T10:16:50.817Z,5,OPERATING,7594d3f2-b3d1-47a0-b64f-8bc01d373830
tokyo_disneysea,tds_aw_a_002,2026-09-17T10:17:29.434Z,70,OPERATING,4ca7254c-7abc-4e52-82e0-9c562c096494
tokyo_disneysea,tds_fs_a_001,2026-09-17T10:23:36.952Z,100,OPERATING,9fb0c97c-ebf7-4c25-8ea7-a3f4fe2aa9ec
tokyo_disneysea,tds_aw_a_001,2026-09-17T10:20:26.113Z,20,OPERATING,71943126-e4ac-49c5-ac61-ac1687ad33af
tokyo_disneysea,tds_ml_a_005,2026-09-17T10:23:17.045Z,5,OPERATING,f37d7fe8-169f-459d-86f3-4843655358bd
tokyo_disneysea,tds_mh_a_003,2026-09-17T10:26:41.028Z,90,OPERATING,3407ebac-c575-4c31-b794-1d271014d303
tokyo_disneysea,tds_aw_a_001,2026-09-17T10:26:41.037Z,15,OPERATING,71943126-e4ac-49c5-ac61-ac1687ad33af
tokyo_disneysea,tds_fs_a_001,2026-09-17T10:34:28.255Z,80,OPERATING,9fb0c97c-ebf7-4c25-8ea7-a3f4fe2aa9ec
tokyo_disneysea,tds_mh_a_003,2026-09-17T10:34:28.222Z,90,OPERATING,3407ebac-c575-4c31-b794-1d271014d303
tokyo_disneysea,tds_fs_a_003,2026-09-17T10:34:28.271Z,10,OPERATING,e8c15bc6-aaab-44ef-8285-1d92ebd2c47d
tokyo_disneysea,tds_fs_a_002,2026-09-17T10:34:28.263Z,15,OPERATING,10b5b89e-02a6-4456-9ddd-69e06c2bded4
tokyo_disneysea,tds_lrd_a_002,2026-09-17T10:34:28.239Z,40,OPERATING,dd942cd2-b364-4262-af12-ca1a5012528b
tokyo_disneysea,tds_pd_a_003,2026-09-17T10:33:09.017Z,10,OPERATING,c8744918-42c0-427d-8947-c3dbd1abf8d5
tokyo_disneysea,tds_aw_a_003,2026-09-17T10:34:28.213Z,60,OPERATING,abb5d6ec-469e-4ab0-8685-5f04e9749653
tokyo_disneysea,tds_fs_a_004,2026-09-17T10:33:09.030Z,25,OPERATING,c0224e78-abf6-4f89-b0d4-38647a98dd4d
tokyo_disneysea,tds_aw_a_002,2026-09-17T10:34:28.247Z,70,OPERATING,4ca7254c-7abc-4e52-82e0-9c562c096494
tokyo_disneysea,tds_fs_a_001,2026-09-17T10:39:11.197Z,70,OPERATING,9fb0c97c-ebf7-4c25-8ea7-a3f4fe2aa9ec
tokyo_disneysea,tds_mh_a_003,2026-09-17T10:39:11.187Z,80,OPERATING,3407ebac-c575-4c31-b794-1d271014d303
tokyo_disneysea,tds_pd_a_003,2026-09-17T10:35:46.333Z,15,OPERATING,c8744918-42c0-427d-8947-c3dbd1abf8d5
tokyo_disneysea,tds_fs_a_003,2026-09-17T10:42:17.703Z,10,OPERATING,e8c15bc6-aaab-44ef-8285-1d92ebd2c47d
tokyo_disneysea,tds_fs_a_002,2026-09-17T10:42:17.694Z,15,OPERATING,10b5b89e-02a6-4456-9ddd-69e06c2bded4
tokyo_disneysea,tds_lrd_a_002,2026-09-17T10:42:17.677Z,40,OPERATING,dd942cd2-b364-4262-af12-ca1a5012528b
tokyo_disneysea,tds_aw_a_004,2026-09-17T10:44:23.976Z,5,OPERATING,2daf12ac-21fd-4bfd-bbf6-0c98bed03e8f
tokyo_disneysea,tds_ac_a_002,2026-09-17T10:42:17.660Z,10,OPERATING,abbf5b3e-94e5-420a-8257-34594cd9d590
tokyo_disneysea,tds_aw_a_003,2026-09-17T10:42:17.653Z,60,OPERATING,abb5d6ec-469e-4ab0-8685-5f04e9749653
tokyo_disneysea,tds_aw_a_002,2026-09-17T10:42:17.685Z,80,OPERATING,4ca7254c-7abc-4e52-82e0-9c562c096494
tokyo_disneysea,tds_fs_a_001,2026-09-17T10:47:54.687Z,70,OPERATING,9fb0c97c-ebf7-4c25-8ea7-a3f4fe2aa9ec
tokyo_disneysea,tds_mh_a_003,2026-09-17T10:47:54.653Z,80,OPERATING,3407ebac-c575-4c31-b794-1d271014d303
tokyo_disneysea,tds_fs_a_003,2026-09-17T10:47:54.705Z,10,OPERATING,e8c15bc6-aaab-44ef-8285-1d92ebd2c47d
tokyo_disneysea,tds_fs_a_002,2026-09-17T10:47:54.695Z,15,OPERATING,10b5b89e-02a6-4456-9ddd-69e06c2bded4
tokyo_disneysea,tds_lrd_a_002,2026-09-17T10:48:31.104Z,30,OPERATING,dd942cd2-b364-4262-af12-ca1a5012528b
tokyo_disneysea,tds_aw_a_001,2026-09-17T10:48:31.118Z,20,OPERATING,71943126-e4ac-49c5-ac61-ac1687ad33af
tokyo_disneysea,tds_aw_a_003,2026-09-17T10:47:54.644Z,60,OPERATING,abb5d6ec-469e-4ab0-8685-5f04e9749653
tokyo_disneysea,tds_fs_a_001,2026-09-17T10:54:55.999Z,60,OPERATING,9fb0c97c-ebf7-4c25-8ea7-a3f4fe2aa9ec
tokyo_disneysea,tds_mh_a_003,2026-09-17T10:51:51.644Z,70,OPERATING,3407ebac-c575-4c31-b794-1d271014d303
tokyo_disneysea,tds_fs_a_003,2026-09-17T10:54:56.007Z,10,OPERATING,e8c15bc6-aaab-44ef-8285-1d92ebd2c47d
tokyo_disneysea,tds_fs_a_002,2026-09-17T10:51:51.652Z,10,OPERATING,10b5b89e-02a6-4456-9ddd-69e06c2bded4
tokyo_disneysea,tds_lrd_a_002,2026-09-17T10:54:55.975Z,20,OPERATING,dd942cd2-b364-4262-af12-ca1a5012528b
tokyo_disneysea,tds_aw_a_001,2026-09-17T10:54:55.993Z,15,OPERATING,71943126-e4ac-49c5-ac61-ac1687ad33af
tokyo_disneysea,tds_pd_a_003,2026-09-17T10:54:55.966Z,10,OPERATING,c8744918-42c0-427d-8947-c3dbd1abf8d5
tokyo_disneysea,tds_aw_a_003,2026-09-17T10:54:55.956Z,60,OPERATING,abb5d6ec-469e-4ab0-8685-5f04e9749653
tokyo_disneysea,tds_fs_a_001,2026-09-17T10:58:26.767Z,60,OPERATING,9fb0c97c-ebf7-4c25-8ea7-a3f4fe2aa9ec
tokyo_disneysea,tds_mh_a_003,2026-09-17T10:58:26.741Z,70,OPERATING,3407ebac-c575-4c31-b794-1d271014d303
tokyo_disneysea,tds_fs_a_003,2026-09-17T10:58:26.781Z,10,OPERATING,e8c15bc6-aaab-44ef-8285-1d92ebd2c47d
tokyo_disneysea,tds_fs_a_002,2026-09-17T10:58:26.773Z,10,OPERATING,10b5b89e-02a6-4456-9ddd-69e06c2bded4
tokyo_disneysea,tds_lrd_a_002,2026-09-17T10:58:26.754Z,25,OPERATING,dd942cd2-b364-4262-af12-ca1a5012528b
tokyo_disneysea,tds_aw_a_003,2026-09-17T10:58:26.735Z,60,OPERATING,abb5d6ec-469e-4ab0-8685-5f04e9749653
tokyo_disneysea,tds_mh_a_003,2026-09-17T11:01:17.582Z,60,OPERATING,3407ebac-c575-4c31-b794-1d271014d303
tokyo_disneysea,tds_fs_a_003,2026-09-17T11:04:12.122Z,10,OPERATING,e8c15bc6-aaab-44ef-8285-1d92ebd2c47d
tokyo_disneysea,tds_fs_a_002,2026-09-17T11:04:12.114Z,5,OPERATING,10b5b89e-02a6-4456-9ddd-69e06c2bded4
tokyo_disneysea,tds_lrd_a_002,2026-09-17T11:04:12.107Z,20,OPERATING,dd942cd2-b364-4262-af12-ca1a5012528b
tokyo_disneysea,tds_ac_a_002,2026-09-17T11:00:31.120Z,5,OPERATING,abbf5b3e-94e5-420a-8257-34594cd9d590
tokyo_disneysea,tds_aw_a_003,2026-09-17T11:01:17.573Z,60,OPERATING,abb5d6ec-469e-4ab0-8685-5f04e9749653
tokyo_disneysea,tds_fs_a_001,2026-09-17T11:09:26.837Z,50,OPERATING,9fb0c97c-ebf7-4c25-8ea7-a3f4fe2aa9ec
tokyo_disneysea,tds_mh_a_003,2026-09-17T11:09:26.813Z,60,OPERATING,3407ebac-c575-4c31-b794-1d271014d303
tokyo_disneysea,tds_fs_a_003,2026-09-17T11:09:26.847Z,5,OPERATING,e8c15bc6-aaab-44ef-8285-1d92ebd2c47d
tokyo_disneysea,tds_fs_a_002,2026-09-17T11:09:26.842Z,5,OPERATING,10b5b89e-02a6-4456-9ddd-69e06c2bded4
tokyo_disneysea,tds_lrd_a_002,2026-09-17T11:09:26.826Z,25,OPERATING,dd942cd2-b364-4262-af12-ca1a5012528b
tokyo_disneysea,tds_ml_a_004,2026-09-17T11:06:43.507Z,5,OPERATING,2d56558a-d4d2-4f79-898c-178c2c20cf67
tokyo_disneysea,tds_aw_a_001,2026-09-17T11:06:43.531Z,20,OPERATING,71943126-e4ac-49c5-ac61-ac1687ad33af
tokyo_disneysea,tds_aw_a_003,2026-09-17T11:09:26.806Z,60,OPERATING,abb5d6ec-469e-4ab0-8685-5f04e9749653
tokyo_disneysea,tds_fs_a_004,2026-09-17T11:06:43.562Z,20,OPERATING,c0224e78-abf6-4f89-b0d4-38647a98dd4d
tokyo_disneysea,tds_mh_a_003,2026-09-17T11:13:12.758Z,50,OPERATING,3407ebac-c575-4c31-b794-1d271014d303
tokyo_disneysea,tds_aw_a_001,2026-09-17T11:12:32.957Z,15,OPERATING,71943126-e4ac-49c5-ac61-ac1687ad33af
tokyo_disneysea,tds_lrd_a_002,2026-09-17T11:17:08.220Z,30,OPERATING,dd942cd2-b364-4262-af12-ca1a5012528b
tokyo_disneysea,tds_fs_a_001,2026-09-17T11:20:04.178Z,50,OPERATING,9fb0c97c-ebf7-4c25-8ea7-a3f4fe2aa9ec
tokyo_disneysea,tds_mh_a_003,2026-09-17T11:23:07.293Z,40,OPERATING,3407ebac-c575-4c31-b794-1d271014d303
tokyo_disneysea,tds_fs_a_003,2026-09-17T11:20:04.206Z,5,OPERATING,e8c15bc6-aaab-44ef-8285-1d92ebd2c47d
tokyo_disneysea,tds_fs_a_002,2026-09-17T11:20:04.188Z,5,OPERATING,10b5b89e-02a6-4456-9ddd-69e06c2bded4
tokyo_disneysea,tds_lrd_a_002,2026-09-17T11:20:04.155Z,30,OPERATING,dd942cd2-b364-4262-af12-ca1a5012528b
tokyo_disneysea,tds_aw_a_001,2026-09-17T11:22:19.523Z,20,OPERATING,71943126-e4ac-49c5-ac61-ac1687ad33af
tokyo_disneysea,tds_pd_a_003,2026-09-17T11:22:19.512Z,5,OPERATING,c8744918-42c0-427d-8947-c3dbd1abf8d5
tokyo_disneysea,tds_aw_a_003,2026-09-17T11:20:04.124Z,60,OPERATING,abb5d6ec-469e-4ab0-8685-5f04e9749653
