parkId,facilityId,observedAt,waitMinutes,status,sourceEntityId
tokyo_disneysea,tds_mh_a_003,2026-09-19T00:00:02.249Z,70,OPERATING,3407ebac-c575-4c31-b794-1d271014d303
tokyo_disneysea,tds_fs_a_003,2026-09-19T00:00:02.351Z,20,OPERATING,e8c15bc6-aaab-44ef-8285-1d92ebd2c47d
tokyo_disneysea,tds_fs_a_002,2026-09-19T00:00:02.323Z,20,OPERATING,10b5b89e-02a6-4456-9ddd-69e06c2bded4
tokyo_disneysea,tds_fs_a_001,2026-09-19T00:00:02.312Z,80,OPERATING,9fb0c97c-ebf7-4c25-8ea7-a3f4fe2aa9ec
tokyo_disneysea,tds_aw_a_003,2026-09-19T00:00:02.130Z,40,OPERATING,abb5d6ec-469e-4ab0-8685-5f04e9749653
tokyo_disneysea,tds_mh_a_003,2026-09-19T00:03:15.574Z,90,OPERATING,3407ebac-c575-4c31-b794-1d271014d303
tokyo_disneysea,tds_fs_a_003,2026-09-19T00:02:23.156Z,20,OPERATING,e8c15bc6-aaab-44ef-8285-1d92ebd2c47d
tokyo_disneysea,tds_ml_a_004,2026-09-19T00:02:23.033Z,5,OPERATING,2d56558a-d4d2-4f79-898c-178c2c20cf67
tokyo_disneysea,tds_aw_a_004,2026-09-19T00:02:23.017Z,5,OPERATING,2daf12ac-21fd-4bfd-bbf6-0c98bed03e8f
tokyo_disneysea,tds_ac_a_002,2026-09-19T00:02:22.965Z,5,OPERATING,abbf5b3e-94e5-420a-8257-34594cd9d590
tokyo_disneysea,tds_lrd_a_002,2026-09-19T00:03:15.596Z,5,OPERATING,dd942cd2-b364-4262-af12-ca1a5012528b
tokyo_disneysea,tds_fs_a_002,2026-09-19T00:02:23.149Z,20,OPERATING,10b5b89e-02a6-4456-9ddd-69e06c2bded4
tokyo_disneysea,tds_fs_a_001,2026-09-19T00:02:23.141Z,80,OPERATING,9fb0c97c-ebf7-4c25-8ea7-a3f4fe2aa9ec
tokyo_disneysea,tds_mh_a_001,2026-09-19T00:02:23.002Z,5,OPERATING,2ca8f848-b8e2-4ba5-aa6e-e0fb37e85d0b
tokyo_disneysea,tds_aw_a_001,2026-09-19T00:02:23.119Z,5,OPERATING,71943126-e4ac-49c5-ac61-ac1687ad33af
tokyo_disneysea,tds_ml_a_003,2026-09-19T00:02:23.041Z,5,OPERATING,58815e8e-7c01-4a42-8a00-1bd1c82a0252
tokyo_disneysea,tds_pd_a_003,2026-09-19T00:02:23.009Z,5,OPERATING,c8744918-42c0-427d-8947-c3dbd1abf8d5
tokyo_disneysea,tds_ac_a_003,2026-09-19T00:02:23.024Z,5,OPERATING,63ef07eb-9bfb-4782-885e-cfd08ced82f0
tokyo_disneysea,tds_mi_a_001,2026-09-19T00:02:22.980Z,5,OPERATING,c15da0f5-9668-48ee-b93a-8b737b6acf5b
tokyo_disneysea,tds_ml_a_005,2026-09-19T00:02:23.060Z,5,OPERATING,f37d7fe8-169f-459d-86f3-4843655358bd
tokyo_disneysea,tds_ml_a_007,2026-09-19T00:02:23.086Z,5,OPERATING,7594d3f2-b3d1-47a0-b64f-8bc01d373830
tokyo_disneysea,tds_aw_a_003,2026-09-19T00:03:15.565Z,80,OPERATING,abb5d6ec-469e-4ab0-8685-5f04e9749653
tokyo_disneysea,tds_aw_a_002,2026-09-19T00:03:15.606Z,20,OPERATING,4ca7254c-7abc-4e52-82e0-9c562c096494
tokyo_disneysea,tds_mi_a_002,2026-09-19T00:03:15.585Z,30,OPERATING,c8526be3-e82c-4692-ae44-e8f2d1142c8a
tokyo_disneysea,tds_ml_a_002,2026-09-19T00:02:23.048Z,5,OPERATING,c6c0d34d-531a-40d9-b711-3497fd53c28b
tokyo_disneysea,tds_pd_a_002,2026-09-19T00:02:23.130Z,15,OPERATING,179e4e82-26ed-4b04-bf21-f03808b61df4
tokyo_disneysea,tds_mh_a_003,2026-09-19T00:10:04.990Z,140,OPERATING,3407ebac-c575-4c31-b794-1d271014d303
tokyo_disneysea,tds_fs_a_003,2026-09-19T00:07:32.252Z,20,OPERATING,e8c15bc6-aaab-44ef-8285-1d92ebd2c47d
tokyo_disneysea,tds_lrd_a_002,2026-09-19T00:07:32.216Z,5,OPERATING,dd942cd2-b364-4262-af12-ca1a5012528b
tokyo_disneysea,tds_fs_a_002,2026-09-19T00:08:26.544Z,15,OPERATING,10b5b89e-02a6-4456-9ddd-69e06c2bded4
tokyo_disneysea,tds_fs_a_001,2026-09-19T00:07:32.234Z,80,OPERATING,9fb0c97c-ebf7-4c25-8ea7-a3f4fe2aa9ec
tokyo_disneysea,tds_aw_a_003,2026-09-19T00:10:04.978Z,140,OPERATING,abb5d6ec-469e-4ab0-8685-5f04e9749653
tokyo_disneysea,tds_aw_a_002,2026-09-19T00:07:32.225Z,20,OPERATING,4ca7254c-7abc-4e52-82e0-9c562c096494
tokyo_disneysea,tds_mi_a_002,2026-09-19T00:07:32.208Z,40,OPERATING,c8526be3-e82c-4692-ae44-e8f2d1142c8a
tokyo_disneysea,tds_mh_a_003,2026-09-19T00:13:53.785Z,140,OPERATING,3407ebac-c575-4c31-b794-1d271014d303
tokyo_disneysea,tds_fs_a_003,2026-09-19T00:13:53.809Z,15,OPERATING,e8c15bc6-aaab-44ef-8285-1d92ebd2c47d
tokyo_disneysea,tds_aw_a_003,2026-09-19T00:13:53.776Z,140,OPERATING,abb5d6ec-469e-4ab0-8685-5f04e9749653
tokyo_disneysea,tds_aw_a_002,2026-09-19T00:13:53.801Z,30,OPERATING,4ca7254c-7abc-4e52-82e0-9c562c096494
tokyo_disneysea,tds_mi_a_002,2026-09-19T00:13:53.793Z,50,OPERATING,c8526be3-e82c-4692-ae44-e8f2d1142c8a
tokyo_disneysea,tds_mh_a_003,2026-09-19T00:19:11.426Z,140,OPERATING,3407ebac-c575-4c31-b794-1d271014d303
tokyo_disneysea,tds_fs_a_003,2026-09-19T00:19:11.480Z,15,OPERATING,e8c15bc6-aaab-44ef-8285-1d92ebd2c47d
tokyo_disneysea,tds_lrd_a_002,2026-09-19T00:19:11.443Z,5,OPERATING,dd942cd2-b364-4262-af12-ca1a5012528b
tokyo_disneysea,tds_fs_a_002,2026-09-19T00:19:11.471Z,15,OPERATING,10b5b89e-02a6-4456-9ddd-69e06c2bded4
tokyo_disneysea,tds_fs_a_001,2026-09-19T00:19:11.462Z,90,OPERATING,9fb0c97c-ebf7-4c25-8ea7-a3f4fe2aa9ec
tokyo_disneysea,tds_aw_a_003,2026-09-19T00:19:11.418Z,160,OPERATING,abb5d6ec-469e-4ab0-8685-5f04e9749653
tokyo_disneysea,tds_aw_a_002,2026-09-19T00:19:11.452Z,50,OPERATING,4ca7254c-7abc-4e52-82e0-9c562c096494
tokyo_disneysea,tds_mi_a_002,2026-09-19T00:19:11.434Z,70,OPERATING,c8526be3-e82c-4692-ae44-e8f2d1142c8a
tokyo_disneysea,tds_fs_a_003,2026-09-19T00:24:36.560Z,25,OPERATING,e8c15bc6-aaab-44ef-8285-1d92ebd2c47d
tokyo_disneysea,tds_fs_a_002,2026-09-19T00:24:36.552Z,20,OPERATING,10b5b89e-02a6-4456-9ddd-69e06c2bded4
tokyo_disneysea,tds_fs_a_001,2026-09-19T00:24:36.544Z,100,OPERATING,9fb0c97c-ebf7-4c25-8ea7-a3f4fe2aa9ec
tokyo_disneysea,tds_aw_a_001,2026-09-19T00:24:36.536Z,20,OPERATING,71943126-e4ac-49c5-ac61-ac1687ad33af
tokyo_disneysea,tds_aw_a_003,2026-09-19T00:21:52.715Z,160,OPERATING,abb5d6ec-469e-4ab0-8685-5f04e9749653
tokyo_disneysea,tds_aw_a_002,2026-09-19T00:21:52.723Z,50,OPERATING,4ca7254c-7abc-4e52-82e0-9c562c096494
tokyo_disneysea,tds_mh_a_003,2026-09-19T00:28:20.786Z,140,OPERATING,3407ebac-c575-4c31-b794-1d271014d303
tokyo_disneysea,tds_fs_a_003,2026-09-19T00:28:28.713Z,30,OPERATING,e8c15bc6-aaab-44ef-8285-1d92ebd2c47d
tokyo_disneysea,tds_lrd_a_002,2026-09-19T00:28:28.684Z,10,OPERATING,dd942cd2-b364-4262-af12-ca1a5012528b
tokyo_disneysea,tds_fs_a_002,2026-09-19T00:28:28.706Z,30,OPERATING,10b5b89e-02a6-4456-9ddd-69e06c2bded4
tokyo_disneysea,tds_fs_a_001,2026-09-19T00:28:28.699Z,120,OPERATING,9fb0c97c-ebf7-4c25-8ea7-a3f4fe2aa9ec
tokyo_disneysea,tds_mh_a_001,2026-09-19T00:28:20.805Z,10,OPERATING,2ca8f848-b8e2-4ba5-aa6e-e0fb37e85d0b
tokyo_disneysea,tds_aw_a_002,2026-09-19T00:28:28.691Z,60,OPERATING,4ca7254c-7abc-4e52-82e0-9c562c096494
tokyo_disneysea,tds_mi_a_002,2026-09-19T00:28:28.677Z,80,OPERATING,c8526be3-e82c-4692-ae44-e8f2d1142c8a
tokyo_disneysea,tds_mh_a_003,2026-09-19T00:31:38.919Z,140,OPERATING,3407ebac-c575-4c31-b794-1d271014d303
tokyo_disneysea,tds_fs_a_003,2026-09-19T00:34:40.379Z,40,OPERATING,e8c15bc6-aaab-44ef-8285-1d92ebd2c47d
tokyo_disneysea,tds_fs_a_002,2026-09-19T00:34:40.371Z,40,OPERATING,10b5b89e-02a6-4456-9ddd-69e06c2bded4
tokyo_disneysea,tds_fs_a_001,2026-09-19T00:34:45.098Z,140,OPERATING,9fb0c97c-ebf7-4c25-8ea7-a3f4fe2aa9ec
tokyo_disneysea,tds_aw_a_001,2026-09-19T00:31:08.933Z,15,OPERATING,71943126-e4ac-49c5-ac61-ac1687ad33af
tokyo_disneysea,tds_mi_a_001,2026-09-19T00:31:38.936Z,10,OPERATING,c15da0f5-9668-48ee-b93a-8b737b6acf5b
tokyo_disneysea,tds_aw_a_003,2026-09-19T00:34:45.071Z,140,OPERATING,abb5d6ec-469e-4ab0-8685-5f04e9749653
tokyo_disneysea,tds_aw_a_002,2026-09-19T00:34:40.352Z,70,OPERATING,4ca7254c-7abc-4e52-82e0-9c562c096494
tokyo_disneysea,tds_mi_a_002,2026-09-19T00:34:45.086Z,100,OPERATING,c8526be3-e82c-4692-ae44-e8f2d1142c8a
tokyo_disneysea,tds_lrd_a_002,2026-09-19T00:37:49.334Z,20,OPERATING,dd942cd2-b364-4262-af12-ca1a5012528b
tokyo_disneysea,tds_mh_a_001,2026-09-19T00:37:16.922Z,15,OPERATING,2ca8f848-b8e2-4ba5-aa6e-e0fb37e85d0b
tokyo_disneysea,tds_fs_a_004,2026-09-19T00:37:16.947Z,5,OPERATING,c0224e78-abf6-4f89-b0d4-38647a98dd4d
tokyo_disneysea,tds_mh_a_003,2026-09-19T00:44:12.948Z,140,OPERATING,3407ebac-c575-4c31-b794-1d271014d303
tokyo_disneysea,tds_fs_a_003,2026-09-19T00:44:12.997Z,40,OPERATING,e8c15bc6-aaab-44ef-8285-1d92ebd2c47d
tokyo_disneysea,tds_lrd_a_002,2026-09-19T00:44:12.966Z,30,OPERATING,dd942cd2-b364-4262-af12-ca1a5012528b
tokyo_disneysea,tds_fs_a_002,2026-09-19T00:44:12.989Z,50,OPERATING,10b5b89e-02a6-4456-9ddd-69e06c2bded4
tokyo_disneysea,tds_fs_a_001,2026-09-19T00:44:12.982Z,140,OPERATING,9fb0c97c-ebf7-4c25-8ea7-a3f4fe2aa9ec
tokyo_disneysea,tds_aw_a_001,2026-09-19T00:40:52.999Z,20,OPERATING,71943126-e4ac-49c5-ac61-ac1687ad33af
tokyo_disneysea,tds_aw_a_003,2026-09-19T00:44:12.939Z,120,OPERATING,abb5d6ec-469e-4ab0-8685-5f04e9749653
tokyo_disneysea,tds_fs_a_004,2026-09-19T00:43:34.939Z,20,OPERATING,c0224e78-abf6-4f89-b0d4-38647a98dd4d
tokyo_disneysea,tds_aw_a_002,2026-09-19T00:44:12.973Z,70,OPERATING,4ca7254c-7abc-4e52-82e0-9c562c096494
tokyo_disneysea,tds_mi_a_002,2026-09-19T00:44:12.957Z,100,OPERATING,c8526be3-e82c-4692-ae44-e8f2d1142c8a
tokyo_disneysea,tds_ml_a_004,2026-09-19T00:50:06.430Z,10,OPERATING,2d56558a-d4d2-4f79-898c-178c2c20cf67
tokyo_disneysea,tds_aw_a_004,2026-09-19T00:50:06.417Z,10,OPERATING,2daf12ac-21fd-4bfd-bbf6-0c98bed03e8f
tokyo_disneysea,tds_aw_a_001,2026-09-19T00:47:09.167Z,15,OPERATING,71943126-e4ac-49c5-ac61-ac1687ad33af
tokyo_disneysea,tds_fs_a_004,2026-09-19T00:50:06.442Z,40,OPERATING,c0224e78-abf6-4f89-b0d4-38647a98dd4d
tokyo_disneysea,tds_mh_a_003,2026-09-19T00:53:49.381Z,160,OPERATING,3407ebac-c575-4c31-b794-1d271014d303
tokyo_disneysea,tds_fs_a_003,2026-09-19T00:53:49.430Z,50,OPERATING,e8c15bc6-aaab-44ef-8285-1d92ebd2c47d
tokyo_disneysea,tds_ac_a_002,2026-09-19T00:53:23.392Z,10,OPERATING,abbf5b3e-94e5-420a-8257-34594cd9d590
tokyo_disneysea,tds_lrd_a_002,2026-09-19T00:53:49.397Z,50,OPERATING,dd942cd2-b364-4262-af12-ca1a5012528b
tokyo_disneysea,tds_fs_a_002,2026-09-19T00:53:49.421Z,50,OPERATING,10b5b89e-02a6-4456-9ddd-69e06c2bded4
tokyo_disneysea,tds_fs_a_001,2026-09-19T00:53:49.413Z,140,OPERATING,9fb0c97c-ebf7-4c25-8ea7-a3f4fe2aa9ec
tokyo_disneysea,tds_mh_a_001,2026-09-19T00:53:23.407Z,20,OPERATING,2ca8f848-b8e2-4ba5-aa6e-e0fb37e85d0b
tokyo_disneysea,tds_aw_a_001,2026-09-19T00:53:23.422Z,20,OPERATING,71943126-e4ac-49c5-ac61-ac1687ad33af
tokyo_disneysea,tds_mi_a_001,2026-09-19T00:53:23.400Z,15,OPERATING,c15da0f5-9668-48ee-b93a-8b737b6acf5b
tokyo_disneysea,tds_aw_a_003,2026-09-19T00:53:49.372Z,120,OPERATING,abb5d6ec-469e-4ab0-8685-5f04e9749653
tokyo_disneysea,tds_aw_a_002,2026-09-19T00:53:49.405Z,70,OPERATING,4ca7254c-7abc-4e52-82e0-9c562c096494
tokyo_disneysea,tds_mi_a_002,2026-09-19T00:53:49.389Z,100,OPERATING,c8526be3-e82c-4692-ae44-e8f2d1142c8a
tokyo_disneysea,tds_mh_a_003,2026-09-19T00:56:46.386Z,160,OPERATING,3407ebac-c575-4c31-b794-1d271014d303
tokyo_disneysea,tds_fs_a_003,2026-09-19T00:56:46.439Z,50,OPERATING,e8c15bc6-aaab-44ef-8285-1d92ebd2c47d
tokyo_disneysea,tds_lrd_a_002,2026-09-19T00:56:46.402Z,40,OPERATING,dd942cd2-b364-4262-af12-ca1a5012528b
tokyo_disneysea,tds_fs_a_002,2026-09-19T01:00:18.734Z,60,OPERATING,10b5b89e-02a6-4456-9ddd-69e06c2bded4
tokyo_disneysea,tds_fs_a_001,2026-09-19T01:00:18.725Z,120,OPERATING,9fb0c97c-ebf7-4c25-8ea7-a3f4fe2aa9ec
tokyo_disneysea,tds_ml_a_003,2026-09-19T00:59:38.928Z,15,OPERATING,58815e8e-7c01-4a42-8a00-1bd1c82a0252
tokyo_disneysea,tds_ml_a_005,2026-09-19T00:59:38.936Z,10,OPERATING,f37d7fe8-169f-459d-86f3-4843655358bd
tokyo_disneysea,tds_aw_a_003,2026-09-19T00:56:46.378Z,120,OPERATING,abb5d6ec-469e-4ab0-8685-5f04e9749653
tokyo_disneysea,tds_aw_a_002,2026-09-19T00:56:46.410Z,70,OPERATING,4ca7254c-7abc-4e52-82e0-9c562c096494
tokyo_disneysea,tds_mi_a_002,2026-09-19T01:00:18.713Z,90,OPERATING,c8526be3-e82c-4692-ae44-e8f2d1142c8a
tokyo_disneysea,tds_ml_a_004,2026-09-19T01:02:32.363Z,15,OPERATING,2d56558a-d4d2-4f79-898c-178c2c20cf67
tokyo_disneysea,tds_ac_a_001,2026-09-19T01:02:32.352Z,5,OPERATING,76aed95a-dce8-4d03-8c2a-8ad69b3d0d4a
tokyo_disneysea,tds_aw_a_001,2026-09-19T01:02:32.373Z,15,OPERATING,71943126-e4ac-49c5-ac61-ac1687ad33af
tokyo_disneysea,tds_ac_a_004,2026-09-19T01:02:32.342Z,15,OPERATING,dcad67fe-76bb-4df2-bf5b-aaf70e8efc12
tokyo_disneysea,tds_mi_a_001,2026-09-19T01:02:32.333Z,25,OPERATING,c15da0f5-9668-48ee-b93a-8b737b6acf5b
tokyo_disneysea,tds_mh_a_003,2026-09-19T01:09:12.356Z,160,OPERATING,3407ebac-c575-4c31-b794-1d271014d303
tokyo_disneysea,tds_fs_a_003,2026-09-19T01:09:17.618Z,40,OPERATING,e8c15bc6-aaab-44ef-8285-1d92ebd2c47d
tokyo_disneysea,tds_aw_a_004,2026-09-19T01:09:17.592Z,15,OPERATING,2daf12ac-21fd-4bfd-bbf6-0c98bed03e8f
tokyo_disneysea,tds_lrd_a_002,2026-09-19T01:09:12.375Z,40,OPERATING,dd942cd2-b364-4262-af12-ca1a5012528b
tokyo_disneysea,tds_fs_a_002,2026-09-19T01:09:17.610Z,50,OPERATING,10b5b89e-02a6-4456-9ddd-69e06c2bded4
tokyo_disneysea,tds_fs_a_001,2026-09-19T01:09:12.393Z,120,OPERATING,9fb0c97c-ebf7-4c25-8ea7-a3f4fe2aa9ec
tokyo_disneysea,tds_aw_a_001,2026-09-19T01:09:17.602Z,20,OPERATING,71943126-e4ac-49c5-ac61-ac1687ad33af
tokyo_disneysea,tds_ml_a_003,2026-09-19T01:05:52.499Z,20,OPERATING,58815e8e-7c01-4a42-8a00-1bd1c82a0252
tokyo_disneysea,tds_aw_a_003,2026-09-19T01:09:12.340Z,120,OPERATING,abb5d6ec-469e-4ab0-8685-5f04e9749653
tokyo_disneysea,tds_aw_a_002,2026-09-19T01:09:12.385Z,70,OPERATING,4ca7254c-7abc-4e52-82e0-9c562c096494
tokyo_disneysea,tds_mi_a_002,2026-09-19T01:09:12.365Z,80,OPERATING,c8526be3-e82c-4692-ae44-e8f2d1142c8a
tokyo_disneysea,tds_fs_a_003,2026-09-19T01:12:09.501Z,40,OPERATING,e8c15bc6-aaab-44ef-8285-1d92ebd2c47d
tokyo_disneysea,tds_ac_a_002,2026-09-19T01:12:09.492Z,15,OPERATING,abbf5b3e-94e5-420a-8257-34594cd9d590
tokyo_disneysea,tds_mh_a_003,2026-09-19T01:19:23.899Z,160,OPERATING,3407ebac-c575-4c31-b794-1d271014d303
tokyo_disneysea,tds_fs_a_003,2026-09-19T01:19:23.945Z,40,OPERATING,e8c15bc6-aaab-44ef-8285-1d92ebd2c47d
tokyo_disneysea,tds_lrd_a_002,2026-09-19T01:19:23.919Z,40,OPERATING,dd942cd2-b364-4262-af12-ca1a5012528b
tokyo_disneysea,tds_fs_a_001,2026-09-19T01:19:23.937Z,120,OPERATING,9fb0c97c-ebf7-4c25-8ea7-a3f4fe2aa9ec
tokyo_disneysea,tds_mh_a_001,2026-09-19T01:15:16.862Z,15,OPERATING,2ca8f848-b8e2-4ba5-aa6e-e0fb37e85d0b
tokyo_disneysea,tds_aw_a_001,2026-09-19T01:18:27.769Z,15,OPERATING,71943126-e4ac-49c5-ac61-ac1687ad33af
tokyo_disneysea,tds_aw_a_003,2026-09-19T01:15:46.101Z,100,OPERATING,abb5d6ec-469e-4ab0-8685-5f04e9749653
tokyo_disneysea,tds_aw_a_002,2026-09-19T01:19:23.929Z,70,OPERATING,4ca7254c-7abc-4e52-82e0-9c562c096494
tokyo_disneysea,tds_mi_a_002,2026-09-19T01:15:46.110Z,90,OPERATING,c8526be3-e82c-4692-ae44-e8f2d1142c8a
tokyo_disneysea,tds_ml_a_002,2026-09-19T01:18:27.760Z,10,OPERATING,c6c0d34d-531a-40d9-b711-3497fd53c28b
tokyo_disneysea,tds_mh_a_003,2026-09-19T01:21:36.697Z,160,OPERATING,3407ebac-c575-4c31-b794-1d271014d303
tokyo_disneysea,tds_fs_a_003,2026-09-19T01:21:36.779Z,40,OPERATING,e8c15bc6-aaab-44ef-8285-1d92ebd2c47d
tokyo_disneysea,tds_lrd_a_002,2026-09-19T01:21:36.739Z,40,OPERATING,dd942cd2-b364-4262-af12-ca1a5012528b
tokyo_disneysea,tds_fs_a_002,2026-09-19T01:21:36.770Z,50,OPERATING,10b5b89e-02a6-4456-9ddd-69e06c2bded4
tokyo_disneysea,tds_fs_a_001,2026-09-19T01:21:36.757Z,120,OPERATING,9fb0c97c-ebf7-4c25-8ea7-a3f4fe2aa9ec
tokyo_disneysea,tds_aw_a_003,2026-09-19T01:21:36.687Z,100,OPERATING,abb5d6ec-469e-4ab0-8685-5f04e9749653
tokyo_disneysea,tds_aw_a_002,2026-09-19T01:21:36.749Z,70,OPERATING,4ca7254c-7abc-4e52-82e0-9c562c096494
tokyo_disneysea,tds_mi_a_002,2026-09-19T01:21:36.707Z,90,OPERATING,c8526be3-e82c-4692-ae44-e8f2d1142c8a
tokyo_disneysea,tds_aw_a_004,2026-09-19T01:25:01.058Z,20,OPERATING,2daf12ac-21fd-4bfd-bbf6-0c98bed03e8f
tokyo_disneysea,tds_ac_a_002,2026-09-19T01:25:53.875Z,20,OPERATING,abbf5b3e-94e5-420a-8257-34594cd9d590
tokyo_disneysea,tds_aw_a_001,2026-09-19T01:27:48.059Z,20,OPERATING,71943126-e4ac-49c5-ac61-ac1687ad33af
tokyo_disneysea,tds_ml_a_003,2026-09-19T01:27:48.042Z,15,OPERATING,58815e8e-7c01-4a42-8a00-1bd1c82a0252
tokyo_disneysea,tds_mi_a_001,2026-09-19T01:25:00.979Z,20,OPERATING,c15da0f5-9668-48ee-b93a-8b737b6acf5b
tokyo_disneysea,tds_aw_a_003,2026-09-19T01:27:48.033Z,90,OPERATING,abb5d6ec-469e-4ab0-8685-5f04e9749653
tokyo_disneysea,tds_aw_a_002,2026-09-19T01:28:34.718Z,60,OPERATING,4ca7254c-7abc-4e52-82e0-9c562c096494
tokyo_disneysea,tds_mh_a_003,2026-09-19T01:34:55.023Z,140,OPERATING,3407ebac-c575-4c31-b794-1d271014d303
tokyo_disneysea,tds_fs_a_003,2026-09-19T01:34:17.714Z,40,OPERATING,e8c15bc6-aaab-44ef-8285-1d92ebd2c47d
tokyo_disneysea,tds_lrd_a_002,2026-09-19T01:34:17.674Z,40,OPERATING,dd942cd2-b364-4262-af12-ca1a5012528b
tokyo_disneysea,tds_fs_a_002,2026-09-19T01:34:17.707Z,50,OPERATING,10b5b89e-02a6-4456-9ddd-69e06c2bded4
tokyo_disneysea,tds_fs_a_001,2026-09-19T01:34:17.700Z,120,OPERATING,9fb0c97c-ebf7-4c25-8ea7-a3f4fe2aa9ec
tokyo_disneysea,tds_aw_a_001,2026-09-19T01:34:17.692Z,15,OPERATING,71943126-e4ac-49c5-ac61-ac1687ad33af
tokyo_disneysea,tds_ml_a_003,2026-09-19T01:34:17.668Z,5,OPERATING,58815e8e-7c01-4a42-8a00-1bd1c82a0252
tokyo_disneysea,tds_aw_a_003,2026-09-19T01:34:17.648Z,90,OPERATING,abb5d6ec-469e-4ab0-8685-5f04e9749653
tokyo_disneysea,tds_aw_a_002,2026-09-19T01:34:17.685Z,60,OPERATING,4ca7254c-7abc-4e52-82e0-9c562c096494
tokyo_disneysea,tds_mi_a_002,2026-09-19T01:34:17.661Z,90,OPERATING,c8526be3-e82c-4692-ae44-e8f2d1142c8a
tokyo_disneysea,tds_ml_a_005,2026-09-19T01:37:20.367Z,15,OPERATING,f37d7fe8-169f-459d-86f3-4843655358bd
tokyo_disneysea,tds_aw_a_002,2026-09-19T01:38:31.048Z,50,OPERATING,4ca7254c-7abc-4e52-82e0-9c562c096494
tokyo_disneysea,tds_mi_a_002,2026-09-19T01:38:31.039Z,80,OPERATING,c8526be3-e82c-4692-ae44-e8f2d1142c8a
tokyo_disneysea,tds_fs_a_003,2026-09-19T01:44:55.486Z,50,OPERATING,e8c15bc6-aaab-44ef-8285-1d92ebd2c47d
tokyo_disneysea,tds_lrd_a_002,2026-09-19T01:44:55.461Z,40,OPERATING,dd942cd2-b364-4262-af12-ca1a5012528b
tokyo_disneysea,tds_fs_a_002,2026-09-19T01:44:55.477Z,50,OPERATING,10b5b89e-02a6-4456-9ddd-69e06c2bded4
tokyo_disneysea,tds_fs_a_001,2026-09-19T01:44:55.469Z,120,OPERATING,9fb0c97c-ebf7-4c25-8ea7-a3f4fe2aa9ec
tokyo_disneysea,tds_aw_a_001,2026-09-19T01:43:04.117Z,20,OPERATING,71943126-e4ac-49c5-ac61-ac1687ad33af
tokyo_disneysea,tds_ml_a_003,2026-09-19T01:41:26.837Z,10,OPERATING,58815e8e-7c01-4a42-8a00-1bd1c82a0252
tokyo_disneysea,tds_aw_a_003,2026-09-19T01:44:55.453Z,90,OPERATING,abb5d6ec-469e-4ab0-8685-5f04e9749653
tokyo_disneysea,tds_mh_a_003,2026-09-19T01:46:07.578Z,140,OPERATING,3407ebac-c575-4c31-b794-1d271014d303
tokyo_disneysea,tds_fs_a_003,2026-09-19T01:49:08.567Z,40,OPERATING,e8c15bc6-aaab-44ef-8285-1d92ebd2c47d
tokyo_disneysea,tds_lrd_a_002,2026-09-19T01:46:07.595Z,40,OPERATING,dd942cd2-b364-4262-af12-ca1a5012528b
tokyo_disneysea,tds_fs_a_002,2026-09-19T01:46:07.619Z,50,OPERATING,10b5b89e-02a6-4456-9ddd-69e06c2bded4
tokyo_disneysea,tds_fs_a_001,2026-09-19T01:46:07.611Z,120,OPERATING,9fb0c97c-ebf7-4c25-8ea7-a3f4fe2aa9ec
tokyo_disneysea,tds_aw_a_001,2026-09-19T01:49:08.558Z,15,OPERATING,71943126-e4ac-49c5-ac61-ac1687ad33af
tokyo_disneysea,tds_mi_a_001,2026-09-19T01:47:18.047Z,15,OPERATING,c15da0f5-9668-48ee-b93a-8b737b6acf5b
tokyo_disneysea,tds_ml_a_007,2026-09-19T01:49:08.538Z,10,OPERATING,7594d3f2-b3d1-47a0-b64f-8bc01d373830
tokyo_disneysea,tds_aw_a_003,2026-09-19T01:47:18.037Z,100,OPERATING,abb5d6ec-469e-4ab0-8685-5f04e9749653
tokyo_disneysea,tds_aw_a_002,2026-09-19T01:49:08.546Z,60,OPERATING,4ca7254c-7abc-4e52-82e0-9c562c096494
tokyo_disneysea,tds_mi_a_002,2026-09-19T01:46:07.587Z,80,OPERATING,c8526be3-e82c-4692-ae44-e8f2d1142c8a
tokyo_disneysea,tds_aw_a_004,2026-09-19T01:53:52.965Z,15,OPERATING,2daf12ac-21fd-4bfd-bbf6-0c98bed03e8f
tokyo_disneysea,tds_aw_a_002,2026-09-19T01:53:52.974Z,50,OPERATING,4ca7254c-7abc-4e52-82e0-9c562c096494
tokyo_disneysea,tds_mh_a_003,2026-09-19T01:58:18.101Z,140,OPERATING,3407ebac-c575-4c31-b794-1d271014d303
tokyo_disneysea,tds_fs_a_003,2026-09-19T01:58:18.148Z,40,OPERATING,e8c15bc6-aaab-44ef-8285-1d92ebd2c47d
tokyo_disneysea,tds_lrd_a_002,2026-09-19T01:58:18.117Z,40,OPERATING,dd942cd2-b364-4262-af12-ca1a5012528b
tokyo_disneysea,tds_fs_a_002,2026-09-19T01:58:18.141Z,50,OPERATING,10b5b89e-02a6-4456-9ddd-69e06c2bded4
tokyo_disneysea,tds_fs_a_001,2026-09-19T01:58:18.133Z,120,OPERATING,9fb0c97c-ebf7-4c25-8ea7-a3f4fe2aa9ec
tokyo_disneysea,tds_aw_a_003,2026-09-19T01:58:18.093Z,100,OPERATING,abb5d6ec-469e-4ab0-8685-5f04e9749653
tokyo_disneysea,tds_aw_a_002,2026-09-19T01:58:18.125Z,50,OPERATING,4ca7254c-7abc-4e52-82e0-9c562c096494
tokyo_disneysea,tds_mi_a_002,2026-09-19T01:58:18.109Z,70,OPERATING,c8526be3-e82c-4692-ae44-e8f2d1142c8a
tokyo_disneysea,tds_aw_a_004,2026-09-19T02:01:33.484Z,20,OPERATING,2daf12ac-21fd-4bfd-bbf6-0c98bed03e8f
tokyo_disneysea,tds_fs_a_002,2026-09-19T02:04:01.408Z,40,OPERATING,10b5b89e-02a6-4456-9ddd-69e06c2bded4
tokyo_disneysea,tds_fs_a_001,2026-09-19T02:04:01.399Z,140,OPERATING,9fb0c97c-ebf7-4c25-8ea7-a3f4fe2aa9ec
tokyo_disneysea,tds_aw_a_001,2026-09-19T02:04:25.265Z,15,OPERATING,71943126-e4ac-49c5-ac61-ac1687ad33af
tokyo_disneysea,tds_mh_a_003,2026-09-19T02:10:20.730Z,140,OPERATING,3407ebac-c575-4c31-b794-1d271014d303
tokyo_disneysea,tds_fs_a_003,2026-09-19T02:10:20.785Z,40,OPERATING,e8c15bc6-aaab-44ef-8285-1d92ebd2c47d
tokyo_disneysea,tds_aw_a_004,2026-09-19T02:06:46.626Z,25,OPERATING,2daf12ac-21fd-4bfd-bbf6-0c98bed03e8f
tokyo_disneysea,tds_lrd_a_002,2026-09-19T02:10:20.749Z,40,OPERATING,dd942cd2-b364-4262-af12-ca1a5012528b
tokyo_disneysea,tds_fs_a_002,2026-09-19T02:10:20.776Z,40,OPERATING,10b5b89e-02a6-4456-9ddd-69e06c2bded4
tokyo_disneysea,tds_fs_a_001,2026-09-19T02:10:20.767Z,140,OPERATING,9fb0c97c-ebf7-4c25-8ea7-a3f4fe2aa9ec
tokyo_disneysea,tds_aw_a_003,2026-09-19T02:10:20.722Z,100,OPERATING,abb5d6ec-469e-4ab0-8685-5f04e9749653
tokyo_disneysea,tds_aw_a_002,2026-09-19T02:10:20.758Z,50,OPERATING,4ca7254c-7abc-4e52-82e0-9c562c096494
tokyo_disneysea,tds_mi_a_002,2026-09-19T02:10:20.740Z,70,OPERATING,c8526be3-e82c-4692-ae44-e8f2d1142c8a
tokyo_disneysea,tds_ac_a_002,2026-09-19T02:13:37.506Z,15,OPERATING,abbf5b3e-94e5-420a-8257-34594cd9d590
tokyo_disneysea,tds_fs_a_001,2026-09-19T02:15:20.608Z,140,OPERATING,9fb0c97c-ebf7-4c25-8ea7-a3f4fe2aa9ec
tokyo_disneysea,tds_aw_a_001,2026-09-19T02:13:37.555Z,20,OPERATING,71943126-e4ac-49c5-ac61-ac1687ad33af
tokyo_disneysea,tds_ml_a_003,2026-09-19T02:13:37.532Z,5,OPERATING,58815e8e-7c01-4a42-8a00-1bd1c82a0252
tokyo_disneysea,tds_mi_a_001,2026-09-19T02:13:37.523Z,20,OPERATING,c15da0f5-9668-48ee-b93a-8b737b6acf5b
tokyo_disneysea,tds_ml_a_005,2026-09-19T02:13:37.548Z,20,OPERATING,f37d7fe8-169f-459d-86f3-4843655358bd
tokyo_disneysea,tds_ml_a_007,2026-09-19T02:15:20.582Z,15,OPERATING,7594d3f2-b3d1-47a0-b64f-8bc01d373830
tokyo_disneysea,tds_mi_a_002,2026-09-19T02:15:20.542Z,90,OPERATING,c8526be3-e82c-4692-ae44-e8f2d1142c8a
tokyo_disneysea,tds_ml_a_002,2026-09-19T02:13:37.540Z,15,OPERATING,c6c0d34d-531a-40d9-b711-3497fd53c28b
tokyo_disneysea,tds_mh_a_003,2026-09-19T02:19:43.917Z,140,OPERATING,3407ebac-c575-4c31-b794-1d271014d303
tokyo_disneysea,tds_fs_a_003,2026-09-19T02:19:43.958Z,40,OPERATING,e8c15bc6-aaab-44ef-8285-1d92ebd2c47d
tokyo_disneysea,tds_ml_a_004,2026-09-19T02:19:22.669Z,10,OPERATING,2d56558a-d4d2-4f79-898c-178c2c20cf67
tokyo_disneysea,tds_ac_a_002,2026-09-19T02:19:22.657Z,10,OPERATING,abbf5b3e-94e5-420a-8257-34594cd9d590
tokyo_disneysea,tds_lrd_a_002,2026-09-19T02:19:43.927Z,40,OPERATING,dd942cd2-b364-4262-af12-ca1a5012528b
tokyo_disneysea,tds_fs_a_002,2026-09-19T02:19:43.951Z,40,OPERATING,10b5b89e-02a6-4456-9ddd-69e06c2bded4
tokyo_disneysea,tds_fs_a_001,2026-09-19T02:19:43.943Z,140,OPERATING,9fb0c97c-ebf7-4c25-8ea7-a3f4fe2aa9ec
tokyo_disneysea,tds_aw_a_001,2026-09-19T02:19:22.691Z,15,OPERATING,71943126-e4ac-49c5-ac61-ac1687ad33af
tokyo_disneysea,tds_aw_a_003,2026-09-19T02:19:43.909Z,100,OPERATING,abb5d6ec-469e-4ab0-8685-5f04e9749653
tokyo_disneysea,tds_aw_a_002,2026-09-19T02:19:43.935Z,50,OPERATING,4ca7254c-7abc-4e52-82e0-9c562c096494
tokyo_disneysea,tds_mi_a_002,2026-09-19T02:16:38.821Z,90,OPERATING,c8526be3-e82c-4692-ae44-e8f2d1142c8a
tokyo_disneysea,tds_mh_a_003,2026-09-19T02:23:12.737Z,140,OPERATING,3407ebac-c575-4c31-b794-1d271014d303
tokyo_disneysea,tds_fs_a_003,2026-09-19T02:23:12.793Z,40,OPERATING,e8c15bc6-aaab-44ef-8285-1d92ebd2c47d
tokyo_disneysea,tds_lrd_a_002,2026-09-19T02:23:12.757Z,40,OPERATING,dd942cd2-b364-4262-af12-ca1a5012528b
tokyo_disneysea,tds_fs_a_002,2026-09-19T02:23:12.783Z,40,OPERATING,10b5b89e-02a6-4456-9ddd-69e06c2bded4
tokyo_disneysea,tds_fs_a_001,2026-09-19T02:23:12.775Z,160,OPERATING,9fb0c97c-ebf7-4c25-8ea7-a3f4fe2aa9ec
tokyo_disneysea,tds_aw_a_003,2026-09-19T02:23:12.729Z,100,OPERATING,abb5d6ec-469e-4ab0-8685-5f04e9749653
tokyo_disneysea,tds_aw_a_002,2026-09-19T02:23:12.765Z,50,OPERATING,4ca7254c-7abc-4e52-82e0-9c562c096494
tokyo_disneysea,tds_mi_a_002,2026-09-19T02:23:12.749Z,90,OPERATING,c8526be3-e82c-4692-ae44-e8f2d1142c8a
tokyo_disneysea,tds_aw_a_004,2026-09-19T02:28:50.565Z,20,OPERATING,2daf12ac-21fd-4bfd-bbf6-0c98bed03e8f
tokyo_disneysea,tds_lrd_a_002,2026-09-19T02:25:55.905Z,30,OPERATING,dd942cd2-b364-4262-af12-ca1a5012528b
tokyo_disneysea,tds_pd_a_003,2026-09-19T02:25:51.017Z,10,OPERATING,c8744918-42c0-427d-8947-c3dbd1abf8d5
tokyo_disneysea,tds_ml_a_007,2026-09-19T02:28:50.577Z,20,OPERATING,7594d3f2-b3d1-47a0-b64f-8bc01d373830
tokyo_disneysea,tds_aw_a_003,2026-09-19T02:29:37.869Z,90,OPERATING,abb5d6ec-469e-4ab0-8685-5f04e9749653
tokyo_disneysea,tds_fs_a_004,2026-09-19T02:28:50.595Z,30,OPERATING,c0224e78-abf6-4f89-b0d4-38647a98dd4d
tokyo_disneysea,tds_aw_a_002,2026-09-19T02:29:37.877Z,40,OPERATING,4ca7254c-7abc-4e52-82e0-9c562c096494
tokyo_disneysea,tds_mh_a_003,2026-09-19T02:31:53.446Z,140,OPERATING,3407ebac-c575-4c31-b794-1d271014d303
tokyo_disneysea,tds_fs_a_003,2026-09-19T02:31:53.522Z,40,OPERATING,e8c15bc6-aaab-44ef-8285-1d92ebd2c47d
tokyo_disneysea,tds_ac_a_002,2026-09-19T02:31:53.454Z,5,OPERATING,abbf5b3e-94e5-420a-8257-34594cd9d590
tokyo_disneysea,tds_lrd_a_002,2026-09-19T02:31:53.479Z,30,OPERATING,dd942cd2-b364-4262-af12-ca1a5012528b
tokyo_disneysea,tds_fs_a_002,2026-09-19T02:31:53.512Z,40,OPERATING,10b5b89e-02a6-4456-9ddd-69e06c2bded4
tokyo_disneysea,tds_fs_a_001,2026-09-19T02:31:53.503Z,160,OPERATING,9fb0c97c-ebf7-4c25-8ea7-a3f4fe2aa9ec
tokyo_disneysea,tds_aw_a_001,2026-09-19T02:31:53.495Z,20,OPERATING,71943126-e4ac-49c5-ac61-ac1687ad33af
tokyo_disneysea,tds_pd_a_003,2026-09-19T02:31:53.471Z,15,OPERATING,c8744918-42c0-427d-8947-c3dbd1abf8d5
tokyo_disneysea,tds_aw_a_003,2026-09-19T02:31:53.437Z,90,OPERATING,abb5d6ec-469e-4ab0-8685-5f04e9749653
tokyo_disneysea,tds_aw_a_002,2026-09-19T02:31:53.486Z,40,OPERATING,4ca7254c-7abc-4e52-82e0-9c562c096494
tokyo_disneysea,tds_mi_a_002,2026-09-19T02:31:53.462Z,90,OPERATING,c8526be3-e82c-4692-ae44-e8f2d1142c8a
tokyo_disneysea,tds_mh_a_003,2026-09-19T02:36:00.331Z,140,OPERATING,3407ebac-c575-4c31-b794-1d271014d303
tokyo_disneysea,tds_fs_a_003,2026-09-19T02:36:00.526Z,40,OPERATING,e8c15bc6-aaab-44ef-8285-1d92ebd2c47d
tokyo_disneysea,tds_lrd_a_002,2026-09-19T02:36:00.422Z,30,OPERATING,dd942cd2-b364-4262-af12-ca1a5012528b
tokyo_disneysea,tds_fs_a_002,2026-09-19T02:36:00.493Z,40,OPERATING,10b5b89e-02a6-4456-9ddd-69e06c2bded4
tokyo_disneysea,tds_fs_a_001,2026-09-19T02:36:00.463Z,160,OPERATING,9fb0c97c-ebf7-4c25-8ea7-a3f4fe2aa9ec
tokyo_disneysea,tds_aw_a_001,2026-09-19T02:37:59.443Z,15,OPERATING,71943126-e4ac-49c5-ac61-ac1687ad33af
tokyo_disneysea,tds_aw_a_003,2026-09-19T02:36:00.318Z,90,OPERATING,abb5d6ec-469e-4ab0-8685-5f04e9749653
tokyo_disneysea,tds_aw_a_002,2026-09-19T02:36:00.446Z,40,OPERATING,4ca7254c-7abc-4e52-82e0-9c562c096494
tokyo_disneysea,tds_mi_a_002,2026-09-19T02:36:00.354Z,90,OPERATING,c8526be3-e82c-4692-ae44-e8f2d1142c8a
tokyo_disneysea,tds_mh_a_003,2026-09-19T02:44:17.575Z,140,OPERATING,3407ebac-c575-4c31-b794-1d271014d303
tokyo_disneysea,tds_fs_a_003,2026-09-19T02:44:17.623Z,40,OPERATING,e8c15bc6-aaab-44ef-8285-1d92ebd2c47d
tokyo_disneysea,tds_lrd_a_002,2026-09-19T02:44:17.592Z,20,OPERATING,dd942cd2-b364-4262-af12-ca1a5012528b
tokyo_disneysea,tds_fs_a_002,2026-09-19T02:45:08.773Z,30,OPERATING,10b5b89e-02a6-4456-9ddd-69e06c2bded4
tokyo_disneysea,tds_fs_a_001,2026-09-19T02:44:17.608Z,160,OPERATING,9fb0c97c-ebf7-4c25-8ea7-a3f4fe2aa9ec
tokyo_disneysea,tds_pd_a_003,2026-09-19T02:41:37.851Z,20,OPERATING,c8744918-42c0-427d-8947-c3dbd1abf8d5
tokyo_disneysea,tds_aw_a_003,2026-09-19T02:44:17.569Z,90,OPERATING,abb5d6ec-469e-4ab0-8685-5f04e9749653
tokyo_disneysea,tds_aw_a_002,2026-09-19T02:44:17.600Z,40,OPERATING,4ca7254c-7abc-4e52-82e0-9c562c096494
tokyo_disneysea,tds_mi_a_002,2026-09-19T02:44:17.584Z,90,OPERATING,c8526be3-e82c-4692-ae44-e8f2d1142c8a
tokyo_disneysea,tds_mh_a_003,2026-09-19T02:48:38.580Z,140,OPERATING,3407ebac-c575-4c31-b794-1d271014d303
tokyo_disneysea,tds_fs_a_003,2026-09-19T02:48:38.621Z,30,OPERATING,e8c15bc6-aaab-44ef-8285-1d92ebd2c47d
tokyo_disneysea,tds_ml_a_004,2026-09-19T02:47:20.844Z,5,OPERATING,2d56558a-d4d2-4f79-898c-178c2c20cf67
tokyo_disneysea,tds_lrd_a_002,2026-09-19T02:48:38.596Z,20,OPERATING,dd942cd2-b364-4262-af12-ca1a5012528b
tokyo_disneysea,tds_fs_a_001,2026-09-19T02:48:38.613Z,160,OPERATING,9fb0c97c-ebf7-4c25-8ea7-a3f4fe2aa9ec
tokyo_disneysea,tds_aw_a_001,2026-09-19T02:47:20.861Z,20,OPERATING,71943126-e4ac-49c5-ac61-ac1687ad33af
tokyo_disneysea,tds_pd_a_003,2026-09-19T02:47:20.836Z,15,OPERATING,c8744918-42c0-427d-8947-c3dbd1abf8d5
tokyo_disneysea,tds_mi_a_001,2026-09-19T02:47:20.828Z,15,OPERATING,c15da0f5-9668-48ee-b93a-8b737b6acf5b
tokyo_disneysea,tds_ml_a_005,2026-09-19T02:47:20.853Z,30,OPERATING,f37d7fe8-169f-459d-86f3-4843655358bd
tokyo_disneysea,tds_aw_a_003,2026-09-19T02:48:38.572Z,90,OPERATING,abb5d6ec-469e-4ab0-8685-5f04e9749653
tokyo_disneysea,tds_aw_a_002,2026-09-19T02:48:38.605Z,40,OPERATING,4ca7254c-7abc-4e52-82e0-9c562c096494
tokyo_disneysea,tds_mi_a_002,2026-09-19T02:48:38.588Z,90,OPERATING,c8526be3-e82c-4692-ae44-e8f2d1142c8a
tokyo_disneysea,tds_mh_a_003,2026-09-19T02:53:31.849Z,120,OPERATING,3407ebac-c575-4c31-b794-1d271014d303
tokyo_disneysea,tds_lrd_a_002,2026-09-19T02:53:31.866Z,25,OPERATING,dd942cd2-b364-4262-af12-ca1a5012528b
tokyo_disneysea,tds_mh_a_001,2026-09-19T02:50:25.175Z,5,OPERATING,2ca8f848-b8e2-4ba5-aa6e-e0fb37e85d0b
tokyo_disneysea,tds_ml_a_005,2026-09-19T02:53:31.858Z,25,OPERATING,f37d7fe8-169f-459d-86f3-4843655358bd
tokyo_disneysea,tds_ml_a_002,2026-09-19T02:50:25.184Z,20,OPERATING,c6c0d34d-531a-40d9-b711-3497fd53c28b
tokyo_disneysea,tds_mh_a_003,2026-09-19T02:56:57.659Z,120,OPERATING,3407ebac-c575-4c31-b794-1d271014d303
tokyo_disneysea,tds_fs_a_003,2026-09-19T02:56:57.725Z,30,OPERATING,e8c15bc6-aaab-44ef-8285-1d92ebd2c47d
tokyo_disneysea,tds_lrd_a_002,2026-09-19T02:59:48.461Z,30,OPERATING,dd942cd2-b364-4262-af12-ca1a5012528b
tokyo_disneysea,tds_fs_a_002,2026-09-19T02:56:57.716Z,30,OPERATING,10b5b89e-02a6-4456-9ddd-69e06c2bded4
tokyo_disneysea,tds_fs_a_001,2026-09-19T02:56:57.708Z,160,OPERATING,9fb0c97c-ebf7-4c25-8ea7-a3f4fe2aa9ec
tokyo_disneysea,tds_aw_a_001,2026-09-19T02:56:57.700Z,15,OPERATING,71943126-e4ac-49c5-ac61-ac1687ad33af
tokyo_disneysea,tds_ml_a_007,2026-09-19T02:56:57.675Z,25,OPERATING,7594d3f2-b3d1-47a0-b64f-8bc01d373830
tokyo_disneysea,tds_aw_a_003,2026-09-19T02:59:48.453Z,80,OPERATING,abb5d6ec-469e-4ab0-8685-5f04e9749653
tokyo_disneysea,tds_aw_a_002,2026-09-19T02:56:57.692Z,40,OPERATING,4ca7254c-7abc-4e52-82e0-9c562c096494
tokyo_disneysea,tds_mi_a_002,2026-09-19T02:58:00.757Z,80,OPERATING,c8526be3-e82c-4692-ae44-e8f2d1142c8a
tokyo_disneysea,tds_ml_a_002,2026-09-19T02:58:00.764Z,15,OPERATING,c6c0d34d-531a-40d9-b711-3497fd53c28b
tokyo_disneysea,tds_mh_a_003,2026-09-19T03:01:32.819Z,120,OPERATING,3407ebac-c575-4c31-b794-1d271014d303
tokyo_disneysea,tds_fs_a_003,2026-09-19T03:01:32.860Z,30,OPERATING,e8c15bc6-aaab-44ef-8285-1d92ebd2c47d
tokyo_disneysea,tds_ml_a_004,2026-09-19T03:03:45.679Z,10,OPERATING,2d56558a-d4d2-4f79-898c-178c2c20cf67
tokyo_disneysea,tds_lrd_a_002,2026-09-19T03:01:32.828Z,30,OPERATING,dd942cd2-b364-4262-af12-ca1a5012528b
tokyo_disneysea,tds_fs_a_002,2026-09-19T03:01:32.852Z,30,OPERATING,10b5b89e-02a6-4456-9ddd-69e06c2bded4
tokyo_disneysea,tds_fs_a_001,2026-09-19T03:03:45.701Z,160,OPERATING,9fb0c97c-ebf7-4c25-8ea7-a3f4fe2aa9ec
tokyo_disneysea,tds_aw_a_001,2026-09-19T03:03:45.687Z,20,OPERATING,71943126-e4ac-49c5-ac61-ac1687ad33af
tokyo_disneysea,tds_aw_a_003,2026-09-19T03:01:32.811Z,80,OPERATING,abb5d6ec-469e-4ab0-8685-5f04e9749653
tokyo_disneysea,tds_aw_a_002,2026-09-19T03:01:32.835Z,40,OPERATING,4ca7254c-7abc-4e52-82e0-9c562c096494
tokyo_disneysea,tds_mh_a_003,2026-09-19T03:09:43.199Z,120,OPERATING,3407ebac-c575-4c31-b794-1d271014d303
tokyo_disneysea,tds_fs_a_003,2026-09-19T03:09:43.252Z,30,OPERATING,e8c15bc6-aaab-44ef-8285-1d92ebd2c47d
tokyo_disneysea,tds_ac_a_002,2026-09-19T03:09:43.209Z,10,OPERATING,abbf5b3e-94e5-420a-8257-34594cd9d590
tokyo_disneysea,tds_lrd_a_002,2026-09-19T03:09:43.227Z,30,OPERATING,dd942cd2-b364-4262-af12-ca1a5012528b
tokyo_disneysea,tds_fs_a_002,2026-09-19T03:09:43.244Z,30,OPERATING,10b5b89e-02a6-4456-9ddd-69e06c2bded4
tokyo_disneysea,tds_fs_a_001,2026-09-19T03:06:07.967Z,160,OPERATING,9fb0c97c-ebf7-4c25-8ea7-a3f4fe2aa9ec
tokyo_disneysea,tds_pd_a_003,2026-09-19T03:07:38.981Z,20,OPERATING,c8744918-42c0-427d-8947-c3dbd1abf8d5
tokyo_disneysea,tds_aw_a_003,2026-09-19T03:09:43.191Z,80,OPERATING,abb5d6ec-469e-4ab0-8685-5f04e9749653
tokyo_disneysea,tds_aw_a_002,2026-09-19T03:09:43.236Z,40,OPERATING,4ca7254c-7abc-4e52-82e0-9c562c096494
tokyo_disneysea,tds_mi_a_002,2026-09-19T03:09:43.217Z,70,OPERATING,c8526be3-e82c-4692-ae44-e8f2d1142c8a
tokyo_disneysea,tds_mh_a_003,2026-09-19T03:13:52.297Z,120,OPERATING,3407ebac-c575-4c31-b794-1d271014d303
tokyo_disneysea,tds_fs_a_003,2026-09-19T03:13:52.356Z,30,OPERATING,e8c15bc6-aaab-44ef-8285-1d92ebd2c47d
tokyo_disneysea,tds_aw_a_004,2026-09-19T03:13:52.320Z,15,OPERATING,2daf12ac-21fd-4bfd-bbf6-0c98bed03e8f
tokyo_disneysea,tds_ac_a_002,2026-09-19T03:13:52.305Z,10,OPERATING,abbf5b3e-94e5-420a-8257-34594cd9d590
tokyo_disneysea,tds_lrd_a_002,2026-09-19T03:13:52.327Z,30,OPERATING,dd942cd2-b364-4262-af12-ca1a5012528b
tokyo_disneysea,tds_fs_a_002,2026-09-19T03:13:52.349Z,40,OPERATING,10b5b89e-02a6-4456-9ddd-69e06c2bded4
tokyo_disneysea,tds_fs_a_001,2026-09-19T03:13:52.342Z,140,OPERATING,9fb0c97c-ebf7-4c25-8ea7-a3f4fe2aa9ec
tokyo_disneysea,tds_mi_a_001,2026-09-19T03:12:29.923Z,10,OPERATING,c15da0f5-9668-48ee-b93a-8b737b6acf5b
tokyo_disneysea,tds_ml_a_005,2026-09-19T03:12:29.934Z,20,OPERATING,f37d7fe8-169f-459d-86f3-4843655358bd
tokyo_disneysea,tds_aw_a_003,2026-09-19T03:13:52.290Z,80,OPERATING,abb5d6ec-469e-4ab0-8685-5f04e9749653
tokyo_disneysea,tds_aw_a_002,2026-09-19T03:13:52.334Z,40,OPERATING,4ca7254c-7abc-4e52-82e0-9c562c096494
tokyo_disneysea,tds_mi_a_002,2026-09-19T03:13:52.312Z,70,OPERATING,c8526be3-e82c-4692-ae44-e8f2d1142c8a
tokyo_disneysea,tds_fs_a_003,2026-09-19T03:16:48.566Z,40,OPERATING,e8c15bc6-aaab-44ef-8285-1d92ebd2c47d
tokyo_disneysea,tds_aw_a_004,2026-09-19T03:16:48.559Z,20,OPERATING,2daf12ac-21fd-4bfd-bbf6-0c98bed03e8f
tokyo_disneysea,tds_ac_a_002,2026-09-19T03:20:21.864Z,15,OPERATING,abbf5b3e-94e5-420a-8257-34594cd9d590
tokyo_disneysea,tds_fs_a_001,2026-09-19T03:20:21.898Z,140,OPERATING,9fb0c97c-ebf7-4c25-8ea7-a3f4fe2aa9ec
tokyo_disneysea,tds_ml_a_005,2026-09-19T03:20:21.891Z,25,OPERATING,f37d7fe8-169f-459d-86f3-4843655358bd
tokyo_disneysea,tds_aw_a_003,2026-09-19T03:20:21.854Z,70,OPERATING,abb5d6ec-469e-4ab0-8685-5f04e9749653
tokyo_disneysea,tds_fs_a_004,2026-09-19T03:20:21.906Z,30,OPERATING,c0224e78-abf6-4f89-b0d4-38647a98dd4d
tokyo_disneysea,tds_mi_a_002,2026-09-19T03:20:21.872Z,60,OPERATING,c8526be3-e82c-4692-ae44-e8f2d1142c8a
tokyo_disneysea,tds_ml_a_002,2026-09-19T03:20:21.881Z,10,OPERATING,c6c0d34d-531a-40d9-b711-3497fd53c28b
tokyo_disneysea,tds_mh_a_003,2026-09-19T03:21:48.850Z,120,OPERATING,3407ebac-c575-4c31-b794-1d271014d303
tokyo_disneysea,tds_fs_a_003,2026-09-19T03:21:48.896Z,40,OPERATING,e8c15bc6-aaab-44ef-8285-1d92ebd2c47d
tokyo_disneysea,tds_lrd_a_002,2026-09-19T03:21:48.865Z,30,OPERATING,dd942cd2-b364-4262-af12-ca1a5012528b
tokyo_disneysea,tds_fs_a_002,2026-09-19T03:21:48.888Z,40,OPERATING,10b5b89e-02a6-4456-9ddd-69e06c2bded4
tokyo_disneysea,tds_fs_a_001,2026-09-19T03:21:48.881Z,140,OPERATING,9fb0c97c-ebf7-4c25-8ea7-a3f4fe2aa9ec
tokyo_disneysea,tds_aw_a_003,2026-09-19T03:21:48.842Z,70,OPERATING,abb5d6ec-469e-4ab0-8685-5f04e9749653
tokyo_disneysea,tds_aw_a_002,2026-09-19T03:21:48.873Z,40,OPERATING,4ca7254c-7abc-4e52-82e0-9c562c096494
tokyo_disneysea,tds_mi_a_002,2026-09-19T03:21:48.858Z,60,OPERATING,c8526be3-e82c-4692-ae44-e8f2d1142c8a
tokyo_disneysea,tds_mh_a_003,2026-09-19T03:29:22.710Z,100,OPERATING,3407ebac-c575-4c31-b794-1d271014d303
tokyo_disneysea,tds_fs_a_003,2026-09-19T03:27:12.635Z,40,OPERATING,e8c15bc6-aaab-44ef-8285-1d92ebd2c47d
tokyo_disneysea,tds_aw_a_004,2026-09-19T03:27:12.567Z,25,OPERATING,2daf12ac-21fd-4bfd-bbf6-0c98bed03e8f
tokyo_disneysea,tds_lrd_a_002,2026-09-19T03:27:12.592Z,30,OPERATING,dd942cd2-b364-4262-af12-ca1a5012528b
tokyo_disneysea,tds_fs_a_002,2026-09-19T03:29:22.718Z,25,OPERATING,10b5b89e-02a6-4456-9ddd-69e06c2bded4
tokyo_disneysea,tds_fs_a_001,2026-09-19T03:27:12.620Z,140,OPERATING,9fb0c97c-ebf7-4c25-8ea7-a3f4fe2aa9ec
tokyo_disneysea,tds_aw_a_001,2026-09-19T03:27:12.612Z,15,OPERATING,71943126-e4ac-49c5-ac61-ac1687ad33af
tokyo_disneysea,tds_mi_a_001,2026-09-19T03:28:06.478Z,5,OPERATING,c15da0f5-9668-48ee-b93a-8b737b6acf5b
tokyo_disneysea,tds_ml_a_005,2026-09-19T03:27:12.582Z,20,OPERATING,f37d7fe8-169f-459d-86f3-4843655358bd
tokyo_disneysea,tds_aw_a_003,2026-09-19T03:27:12.537Z,70,OPERATING,abb5d6ec-469e-4ab0-8685-5f04e9749653
tokyo_disneysea,tds_fs_a_004,2026-09-19T03:27:12.644Z,40,OPERATING,c0224e78-abf6-4f89-b0d4-38647a98dd4d
tokyo_disneysea,tds_aw_a_002,2026-09-19T03:27:12.601Z,40,OPERATING,4ca7254c-7abc-4e52-82e0-9c562c096494
tokyo_disneysea,tds_mi_a_002,2026-09-19T03:27:12.559Z,60,OPERATING,c8526be3-e82c-4692-ae44-e8f2d1142c8a
tokyo_disneysea,tds_ml_a_002,2026-09-19T03:27:12.575Z,15,OPERATING,c6c0d34d-531a-40d9-b711-3497fd53c28b
tokyo_disneysea,tds_mh_a_003,2026-09-19T03:34:25.626Z,100,OPERATING,3407ebac-c575-4c31-b794-1d271014d303
tokyo_disneysea,tds_fs_a_003,2026-09-19T03:34:25.666Z,40,OPERATING,e8c15bc6-aaab-44ef-8285-1d92ebd2c47d
tokyo_disneysea,tds_ml_a_004,2026-09-19T03:31:10.955Z,15,OPERATING,2d56558a-d4d2-4f79-898c-178c2c20cf67
tokyo_disneysea,tds_lrd_a_002,2026-09-19T03:34:25.642Z,30,OPERATING,dd942cd2-b364-4262-af12-ca1a5012528b
tokyo_disneysea,tds_fs_a_002,2026-09-19T03:31:10.968Z,25,OPERATING,10b5b89e-02a6-4456-9ddd-69e06c2bded4
tokyo_disneysea,tds_fs_a_001,2026-09-19T03:34:25.657Z,120,OPERATING,9fb0c97c-ebf7-4c25-8ea7-a3f4fe2aa9ec
tokyo_disneysea,tds_aw_a_003,2026-09-19T03:34:25.618Z,80,OPERATING,abb5d6ec-469e-4ab0-8685-5f04e9749653
tokyo_disneysea,tds_aw_a_002,2026-09-19T03:34:25.649Z,40,OPERATING,4ca7254c-7abc-4e52-82e0-9c562c096494
tokyo_disneysea,tds_mi_a_002,2026-09-19T03:34:25.634Z,60,OPERATING,c8526be3-e82c-4692-ae44-e8f2d1142c8a
tokyo_disneysea,tds_mh_a_003,2026-09-19T03:39:24.523Z,100,OPERATING,3407ebac-c575-4c31-b794-1d271014d303
tokyo_disneysea,tds_fs_a_003,2026-09-19T03:39:24.566Z,40,OPERATING,e8c15bc6-aaab-44ef-8285-1d92ebd2c47d
tokyo_disneysea,tds_lrd_a_002,2026-09-19T03:39:24.539Z,30,OPERATING,dd942cd2-b364-4262-af12-ca1a5012528b
tokyo_disneysea,tds_fs_a_002,2026-09-19T03:39:24.557Z,25,OPERATING,10b5b89e-02a6-4456-9ddd-69e06c2bded4
tokyo_disneysea,tds_fs_a_001,2026-09-19T03:35:37.148Z,120,OPERATING,9fb0c97c-ebf7-4c25-8ea7-a3f4fe2aa9ec
tokyo_disneysea,tds_aw_a_001,2026-09-19T03:35:37.140Z,20,OPERATING,71943126-e4ac-49c5-ac61-ac1687ad33af
tokyo_disneysea,tds_pd_a_003,2026-09-19T03:35:37.131Z,15,OPERATING,c8744918-42c0-427d-8947-c3dbd1abf8d5
tokyo_disneysea,tds_mi_a_001,2026-09-19T03:35:37.122Z,10,OPERATING,c15da0f5-9668-48ee-b93a-8b737b6acf5b
tokyo_disneysea,tds_aw_a_003,2026-09-19T03:39:24.515Z,80,OPERATING,abb5d6ec-469e-4ab0-8685-5f04e9749653
tokyo_disneysea,tds_aw_a_002,2026-09-19T03:39:24.548Z,40,OPERATING,4ca7254c-7abc-4e52-82e0-9c562c096494
tokyo_disneysea,tds_mi_a_002,2026-09-19T03:39:24.531Z,60,OPERATING,c8526be3-e82c-4692-ae44-e8f2d1142c8a
tokyo_disneysea,tds_fs_a_002,2026-09-19T03:43:49.767Z,30,OPERATING,10b5b89e-02a6-4456-9ddd-69e06c2bded4
tokyo_disneysea,tds_fs_a_001,2026-09-19T03:43:49.759Z,100,OPERATING,9fb0c97c-ebf7-4c25-8ea7-a3f4fe2aa9ec
tokyo_disneysea,tds_aw_a_001,2026-09-19T03:42:05.686Z,15,OPERATING,71943126-e4ac-49c5-ac61-ac1687ad33af
tokyo_disneysea,tds_ml_a_003,2026-09-19T03:40:56.233Z,10,OPERATING,58815e8e-7c01-4a42-8a00-1bd1c82a0252
tokyo_disneysea,tds_pd_a_003,2026-09-19T03:43:49.742Z,10,OPERATING,c8744918-42c0-427d-8947-c3dbd1abf8d5
tokyo_disneysea,tds_mi_a_001,2026-09-19T03:43:49.734Z,15,OPERATING,c15da0f5-9668-48ee-b93a-8b737b6acf5b
tokyo_disneysea,tds_aw_a_003,2026-09-19T03:43:49.724Z,90,OPERATING,abb5d6ec-469e-4ab0-8685-5f04e9749653
tokyo_disneysea,tds_aw_a_002,2026-09-19T03:43:49.749Z,50,OPERATING,4ca7254c-7abc-4e52-82e0-9c562c096494
tokyo_disneysea,tds_mh_a_003,2026-09-19T03:47:01.761Z,100,OPERATING,3407ebac-c575-4c31-b794-1d271014d303
tokyo_disneysea,tds_fs_a_003,2026-09-19T03:47:01.819Z,40,OPERATING,e8c15bc6-aaab-44ef-8285-1d92ebd2c47d
tokyo_disneysea,tds_ml_a_004,2026-09-19T03:48:26.612Z,10,OPERATING,2d56558a-d4d2-4f79-898c-178c2c20cf67
tokyo_disneysea,tds_lrd_a_002,2026-09-19T03:47:01.793Z,40,OPERATING,dd942cd2-b364-4262-af12-ca1a5012528b
tokyo_disneysea,tds_aw_a_001,2026-09-19T03:49:59.054Z,20,OPERATING,71943126-e4ac-49c5-ac61-ac1687ad33af
tokyo_disneysea,tds_ml_a_003,2026-09-19T03:49:59.045Z,5,OPERATING,58815e8e-7c01-4a42-8a00-1bd1c82a0252
tokyo_disneysea,tds_aw_a_002,2026-09-19T03:47:01.808Z,50,OPERATING,4ca7254c-7abc-4e52-82e0-9c562c096494
tokyo_disneysea,tds_mi_a_002,2026-09-19T03:49:59.037Z,70,OPERATING,c8526be3-e82c-4692-ae44-e8f2d1142c8a
tokyo_disneysea,tds_mh_a_003,2026-09-19T03:52:13.792Z,100,OPERATING,3407ebac-c575-4c31-b794-1d271014d303
tokyo_disneysea,tds_fs_a_003,2026-09-19T03:52:13.981Z,40,OPERATING,e8c15bc6-aaab-44ef-8285-1d92ebd2c47d
tokyo_disneysea,tds_lrd_a_002,2026-09-19T03:52:13.898Z,40,OPERATING,dd942cd2-b364-4262-af12-ca1a5012528b
tokyo_disneysea,tds_fs_a_002,2026-09-19T03:52:13.957Z,30,OPERATING,10b5b89e-02a6-4456-9ddd-69e06c2bded4
tokyo_disneysea,tds_fs_a_001,2026-09-19T03:52:13.942Z,100,OPERATING,9fb0c97c-ebf7-4c25-8ea7-a3f4fe2aa9ec
tokyo_disneysea,tds_pd_a_003,2026-09-19T03:53:19.874Z,15,OPERATING,c8744918-42c0-427d-8947-c3dbd1abf8d5
tokyo_disneysea,tds_ml_a_005,2026-09-19T03:53:19.882Z,25,OPERATING,f37d7fe8-169f-459d-86f3-4843655358bd
tokyo_disneysea,tds_aw_a_003,2026-09-19T03:52:13.774Z,90,OPERATING,abb5d6ec-469e-4ab0-8685-5f04e9749653
tokyo_disneysea,tds_fs_a_004,2026-09-19T03:53:19.891Z,30,OPERATING,c0224e78-abf6-4f89-b0d4-38647a98dd4d
tokyo_disneysea,tds_aw_a_002,2026-09-19T03:52:13.931Z,50,OPERATING,4ca7254c-7abc-4e52-82e0-9c562c096494
tokyo_disneysea,tds_mi_a_002,2026-09-19T03:52:13.851Z,70,OPERATING,c8526be3-e82c-4692-ae44-e8f2d1142c8a
tokyo_disneysea,tds_mh_a_003,2026-09-19T03:59:30.067Z,90,OPERATING,3407ebac-c575-4c31-b794-1d271014d303
tokyo_disneysea,tds_fs_a_003,2026-09-19T03:59:30.127Z,40,OPERATING,e8c15bc6-aaab-44ef-8285-1d92ebd2c47d
tokyo_disneysea,tds_ac_a_002,2026-09-19T03:56:38.870Z,5,OPERATING,abbf5b3e-94e5-420a-8257-34594cd9d590
tokyo_disneysea,tds_lrd_a_002,2026-09-19T03:59:30.085Z,30,OPERATING,dd942cd2-b364-4262-af12-ca1a5012528b
tokyo_disneysea,tds_fs_a_002,2026-09-19T03:59:30.118Z,30,OPERATING,10b5b89e-02a6-4456-9ddd-69e06c2bded4
tokyo_disneysea,tds_fs_a_001,2026-09-19T03:59:30.110Z,100,OPERATING,9fb0c97c-ebf7-4c25-8ea7-a3f4fe2aa9ec
tokyo_disneysea,tds_aw_a_001,2026-09-19T03:59:30.102Z,15,OPERATING,71943126-e4ac-49c5-ac61-ac1687ad33af
tokyo_disneysea,tds_aw_a_003,2026-09-19T03:59:30.050Z,100,OPERATING,abb5d6ec-469e-4ab0-8685-5f04e9749653
tokyo_disneysea,tds_aw_a_002,2026-09-19T03:59:30.093Z,50,OPERATING,4ca7254c-7abc-4e52-82e0-9c562c096494
tokyo_disneysea,tds_mi_a_002,2026-09-19T03:59:30.076Z,80,OPERATING,c8526be3-e82c-4692-ae44-e8f2d1142c8a
tokyo_disneysea,tds_aw_a_001,2026-09-19T04:01:28.062Z,25,OPERATING,71943126-e4ac-49c5-ac61-ac1687ad33af
tokyo_disneysea,tds_ml_a_007,2026-09-19T04:01:28.050Z,20,OPERATING,7594d3f2-b3d1-47a0-b64f-8bc01d373830
tokyo_disneysea,tds_mh_a_003,2026-09-19T04:07:44.660Z,100,OPERATING,3407ebac-c575-4c31-b794-1d271014d303
tokyo_disneysea,tds_fs_a_003,2026-09-19T04:04:58.396Z,40,OPERATING,e8c15bc6-aaab-44ef-8285-1d92ebd2c47d
tokyo_disneysea,tds_ml_a_004,2026-09-19T04:07:16.857Z,15,OPERATING,2d56558a-d4d2-4f79-898c-178c2c20cf67
tokyo_disneysea,tds_aw_a_004,2026-09-19T04:04:58.345Z,20,OPERATING,2daf12ac-21fd-4bfd-bbf6-0c98bed03e8f
tokyo_disneysea,tds_lrd_a_002,2026-09-19T04:04:58.353Z,30,OPERATING,dd942cd2-b364-4262-af12-ca1a5012528b
tokyo_disneysea,tds_fs_a_002,2026-09-19T04:04:58.386Z,30,OPERATING,10b5b89e-02a6-4456-9ddd-69e06c2bded4
tokyo_disneysea,tds_fs_a_001,2026-09-19T04:04:58.378Z,100,OPERATING,9fb0c97c-ebf7-4c25-8ea7-a3f4fe2aa9ec
tokyo_disneysea,tds_aw_a_001,2026-09-19T04:04:58.369Z,30,OPERATING,71943126-e4ac-49c5-ac61-ac1687ad33af
tokyo_disneysea,tds_ml_a_007,2026-09-19T04:07:16.865Z,15,OPERATING,7594d3f2-b3d1-47a0-b64f-8bc01d373830
tokyo_disneysea,tds_aw_a_003,2026-09-19T04:04:58.321Z,100,OPERATING,abb5d6ec-469e-4ab0-8685-5f04e9749653
tokyo_disneysea,tds_aw_a_002,2026-09-19T04:04:58.361Z,50,OPERATING,4ca7254c-7abc-4e52-82e0-9c562c096494
tokyo_disneysea,tds_mi_a_002,2026-09-19T04:07:16.849Z,70,OPERATING,c8526be3-e82c-4692-ae44-e8f2d1142c8a
tokyo_disneysea,tds_mh_a_003,2026-09-19T04:12:09.698Z,100,OPERATING,3407ebac-c575-4c31-b794-1d271014d303
tokyo_disneysea,tds_fs_a_003,2026-09-19T04:12:09.768Z,40,OPERATING,e8c15bc6-aaab-44ef-8285-1d92ebd2c47d
tokyo_disneysea,tds_ac_a_002,2026-09-19T04:14:51.723Z,10,OPERATING,abbf5b3e-94e5-420a-8257-34594cd9d590
tokyo_disneysea,tds_ac_a_001,2026-09-19T04:12:09.723Z,10,OPERATING,76aed95a-dce8-4d03-8c2a-8ad69b3d0d4a
tokyo_disneysea,tds_lrd_a_002,2026-09-19T04:12:09.730Z,30,OPERATING,dd942cd2-b364-4262-af12-ca1a5012528b
tokyo_disneysea,tds_fs_a_002,2026-09-19T04:14:51.760Z,40,OPERATING,10b5b89e-02a6-4456-9ddd-69e06c2bded4
tokyo_disneysea,tds_fs_a_001,2026-09-19T04:14:51.752Z,100,OPERATING,9fb0c97c-ebf7-4c25-8ea7-a3f4fe2aa9ec
tokyo_disneysea,tds_aw_a_001,2026-09-19T04:12:09.744Z,20,OPERATING,71943126-e4ac-49c5-ac61-ac1687ad33af
tokyo_disneysea,tds_pd_a_003,2026-09-19T04:12:09.714Z,20,OPERATING,c8744918-42c0-427d-8947-c3dbd1abf8d5
tokyo_disneysea,tds_aw_a_003,2026-09-19T04:14:51.716Z,90,OPERATING,abb5d6ec-469e-4ab0-8685-5f04e9749653
tokyo_disneysea,tds_fs_a_004,2026-09-19T04:12:09.776Z,40,OPERATING,c0224e78-abf6-4f89-b0d4-38647a98dd4d
tokyo_disneysea,tds_aw_a_002,2026-09-19T04:14:51.740Z,40,OPERATING,4ca7254c-7abc-4e52-82e0-9c562c096494
tokyo_disneysea,tds_mi_a_002,2026-09-19T04:14:51.732Z,60,OPERATING,c8526be3-e82c-4692-ae44-e8f2d1142c8a
tokyo_disneysea,tds_mh_a_003,2026-09-19T04:18:16.779Z,120,OPERATING,3407ebac-c575-4c31-b794-1d271014d303
tokyo_disneysea,tds_fs_a_003,2026-09-19T04:15:04.071Z,40,OPERATING,e8c15bc6-aaab-44ef-8285-1d92ebd2c47d
tokyo_disneysea,tds_lrd_a_002,2026-09-19T04:15:04.054Z,30,OPERATING,dd942cd2-b364-4262-af12-ca1a5012528b
tokyo_disneysea,tds_mi_a_001,2026-09-19T04:17:25.161Z,10,OPERATING,c15da0f5-9668-48ee-b93a-8b737b6acf5b
tokyo_disneysea,tds_ac_a_002,2026-09-19T04:23:45.820Z,15,OPERATING,abbf5b3e-94e5-420a-8257-34594cd9d590
tokyo_disneysea,tds_fs_a_001,2026-09-19T04:21:22.716Z,100,OPERATING,9fb0c97c-ebf7-4c25-8ea7-a3f4fe2aa9ec
tokyo_disneysea,tds_aw_a_001,2026-09-19T04:21:22.708Z,15,OPERATING,71943126-e4ac-49c5-ac61-ac1687ad33af
tokyo_disneysea,tds_ml_a_003,2026-09-19T04:21:22.700Z,10,OPERATING,58815e8e-7c01-4a42-8a00-1bd1c82a0252
tokyo_disneysea,tds_aw_a_003,2026-09-19T04:23:45.811Z,80,OPERATING,abb5d6ec-469e-4ab0-8685-5f04e9749653
tokyo_disneysea,tds_fs_a_004,2026-09-19T04:23:45.828Z,30,OPERATING,c0224e78-abf6-4f89-b0d4-38647a98dd4d
tokyo_disneysea,tds_mh_a_003,2026-09-19T04:27:49.901Z,120,OPERATING,3407ebac-c575-4c31-b794-1d271014d303
tokyo_disneysea,tds_fs_a_003,2026-09-19T04:27:49.957Z,40,OPERATING,e8c15bc6-aaab-44ef-8285-1d92ebd2c47d
tokyo_disneysea,tds_ac_a_002,2026-09-19T04:27:36.716Z,20,OPERATING,abbf5b3e-94e5-420a-8257-34594cd9d590
tokyo_disneysea,tds_lrd_a_002,2026-09-19T04:30:14.627Z,40,OPERATING,dd942cd2-b364-4262-af12-ca1a5012528b
tokyo_disneysea,tds_fs_a_002,2026-09-19T04:27:49.945Z,40,OPERATING,10b5b89e-02a6-4456-9ddd-69e06c2bded4
tokyo_disneysea,tds_fs_a_001,2026-09-19T04:27:49.936Z,100,OPERATING,9fb0c97c-ebf7-4c25-8ea7-a3f4fe2aa9ec
tokyo_disneysea,tds_aw_a_001,2026-09-19T04:27:36.732Z,20,OPERATING,71943126-e4ac-49c5-ac61-ac1687ad33af
tokyo_disneysea,tds_ml_a_005,2026-09-19T04:27:36.724Z,20,OPERATING,f37d7fe8-169f-459d-86f3-4843655358bd
tokyo_disneysea,tds_aw_a_003,2026-09-19T04:27:49.893Z,70,OPERATING,abb5d6ec-469e-4ab0-8685-5f04e9749653
tokyo_disneysea,tds_aw_a_002,2026-09-19T04:27:49.927Z,40,OPERATING,4ca7254c-7abc-4e52-82e0-9c562c096494
tokyo_disneysea,tds_mi_a_002,2026-09-19T04:27:49.910Z,60,OPERATING,c8526be3-e82c-4692-ae44-e8f2d1142c8a
tokyo_disneysea,tds_lrd_a_002,2026-09-19T04:30:48.259Z,40,OPERATING,dd942cd2-b364-4262-af12-ca1a5012528b
tokyo_disneysea,tds_fs_a_002,2026-09-19T04:34:12.069Z,30,OPERATING,10b5b89e-02a6-4456-9ddd-69e06c2bded4
tokyo_disneysea,tds_fs_a_004,2026-09-19T04:33:55.654Z,40,OPERATING,c0224e78-abf6-4f89-b0d4-38647a98dd4d
tokyo_disneysea,tds_mh_a_003,2026-09-19T04:37:13.258Z,120,OPERATING,3407ebac-c575-4c31-b794-1d271014d303
tokyo_disneysea,tds_fs_a_003,2026-09-19T04:40:26.369Z,30,OPERATING,e8c15bc6-aaab-44ef-8285-1d92ebd2c47d
tokyo_disneysea,tds_fs_a_002,2026-09-19T04:37:13.291Z,30,OPERATING,10b5b89e-02a6-4456-9ddd-69e06c2bded4
tokyo_disneysea,tds_fs_a_001,2026-09-19T04:37:13.282Z,100,OPERATING,9fb0c97c-ebf7-4c25-8ea7-a3f4fe2aa9ec
tokyo_disneysea,tds_mh_a_001,2026-09-19T04:37:05.285Z,5,OPERATING,2ca8f848-b8e2-4ba5-aa6e-e0fb37e85d0b
tokyo_disneysea,tds_aw_a_001,2026-09-19T04:37:05.294Z,15,OPERATING,71943126-e4ac-49c5-ac61-ac1687ad33af
tokyo_disneysea,tds_ml_a_003,2026-09-19T04:40:26.353Z,15,OPERATING,58815e8e-7c01-4a42-8a00-1bd1c82a0252
tokyo_disneysea,tds_ml_a_005,2026-09-19T04:40:26.360Z,25,OPERATING,f37d7fe8-169f-459d-86f3-4843655358bd
tokyo_disneysea,tds_aw_a_003,2026-09-19T04:40:26.345Z,80,OPERATING,abb5d6ec-469e-4ab0-8685-5f04e9749653
tokyo_disneysea,tds_aw_a_002,2026-09-19T04:37:13.274Z,40,OPERATING,4ca7254c-7abc-4e52-82e0-9c562c096494
tokyo_disneysea,tds_mi_a_002,2026-09-19T04:37:13.267Z,70,OPERATING,c8526be3-e82c-4692-ae44-e8f2d1142c8a
tokyo_disneysea,tds_mh_a_003,2026-09-19T04:40:59.226Z,120,OPERATING,3407ebac-c575-4c31-b794-1d271014d303
tokyo_disneysea,tds_fs_a_003,2026-09-19T04:40:59.278Z,30,OPERATING,e8c15bc6-aaab-44ef-8285-1d92ebd2c47d
tokyo_disneysea,tds_lrd_a_002,2026-09-19T04:40:59.243Z,40,OPERATING,dd942cd2-b364-4262-af12-ca1a5012528b
tokyo_disneysea,tds_fs_a_002,2026-09-19T04:40:59.269Z,30,OPERATING,10b5b89e-02a6-4456-9ddd-69e06c2bded4
tokyo_disneysea,tds_fs_a_001,2026-09-19T04:40:59.261Z,100,OPERATING,9fb0c97c-ebf7-4c25-8ea7-a3f4fe2aa9ec
tokyo_disneysea,tds_aw_a_001,2026-09-19T04:43:16.562Z,20,OPERATING,71943126-e4ac-49c5-ac61-ac1687ad33af
tokyo_disneysea,tds_aw_a_003,2026-09-19T04:43:33.360Z,90,OPERATING,abb5d6ec-469e-4ab0-8685-5f04e9749653
tokyo_disneysea,tds_aw_a_002,2026-09-19T04:40:59.252Z,40,OPERATING,4ca7254c-7abc-4e52-82e0-9c562c096494
tokyo_disneysea,tds_mi_a_002,2026-09-19T04:40:59.235Z,70,OPERATING,c8526be3-e82c-4692-ae44-e8f2d1142c8a
tokyo_disneysea,tds_mh_a_003,2026-09-19T04:49:33.724Z,120,OPERATING,3407ebac-c575-4c31-b794-1d271014d303
tokyo_disneysea,tds_fs_a_003,2026-09-19T04:49:33.823Z,30,OPERATING,e8c15bc6-aaab-44ef-8285-1d92ebd2c47d
tokyo_disneysea,tds_aw_a_004,2026-09-19T04:49:33.767Z,25,OPERATING,2daf12ac-21fd-4bfd-bbf6-0c98bed03e8f
tokyo_disneysea,tds_ac_a_002,2026-09-19T04:49:33.734Z,15,OPERATING,abbf5b3e-94e5-420a-8257-34594cd9d590
tokyo_disneysea,tds_lrd_a_002,2026-09-19T04:49:33.791Z,40,OPERATING,dd942cd2-b364-4262-af12-ca1a5012528b
tokyo_disneysea,tds_fs_a_002,2026-09-19T04:49:33.815Z,40,OPERATING,10b5b89e-02a6-4456-9ddd-69e06c2bded4
tokyo_disneysea,tds_fs_a_001,2026-09-19T04:49:33.807Z,120,OPERATING,9fb0c97c-ebf7-4c25-8ea7-a3f4fe2aa9ec
tokyo_disneysea,tds_ml_a_003,2026-09-19T04:49:33.783Z,5,OPERATING,58815e8e-7c01-4a42-8a00-1bd1c82a0252
tokyo_disneysea,tds_ac_a_003,2026-09-19T04:49:33.775Z,10,OPERATING,63ef07eb-9bfb-4782-885e-cfd08ced82f0
tokyo_disneysea,tds_aw_a_003,2026-09-19T04:49:33.715Z,90,OPERATING,abb5d6ec-469e-4ab0-8685-5f04e9749653
tokyo_disneysea,tds_aw_a_002,2026-09-19T04:49:33.799Z,40,OPERATING,4ca7254c-7abc-4e52-82e0-9c562c096494
tokyo_disneysea,tds_mi_a_002,2026-09-19T04:49:58.753Z,80,OPERATING,c8526be3-e82c-4692-ae44-e8f2d1142c8a
tokyo_disneysea,tds_mh_a_003,2026-09-19T04:53:38.685Z,120,OPERATING,3407ebac-c575-4c31-b794-1d271014d303
tokyo_disneysea,tds_fs_a_003,2026-09-19T04:53:38.741Z,30,OPERATING,e8c15bc6-aaab-44ef-8285-1d92ebd2c47d
tokyo_disneysea,tds_ml_a_004,2026-09-19T04:52:42.366Z,10,OPERATING,2d56558a-d4d2-4f79-898c-178c2c20cf67
tokyo_disneysea,tds_ac_a_002,2026-09-19T04:53:38.693Z,5,OPERATING,abbf5b3e-94e5-420a-8257-34594cd9d590
tokyo_disneysea,tds_lrd_a_002,2026-09-19T04:53:38.709Z,30,OPERATING,dd942cd2-b364-4262-af12-ca1a5012528b
tokyo_disneysea,tds_fs_a_002,2026-09-19T04:53:38.733Z,40,OPERATING,10b5b89e-02a6-4456-9ddd-69e06c2bded4
tokyo_disneysea,tds_fs_a_001,2026-09-19T04:53:38.725Z,120,OPERATING,9fb0c97c-ebf7-4c25-8ea7-a3f4fe2aa9ec
tokyo_disneysea,tds_aw_a_001,2026-09-19T04:52:42.414Z,15,OPERATING,71943126-e4ac-49c5-ac61-ac1687ad33af
tokyo_disneysea,tds_ml_a_005,2026-09-19T04:52:42.382Z,20,OPERATING,f37d7fe8-169f-459d-86f3-4843655358bd
tokyo_disneysea,tds_ml_a_007,2026-09-19T04:53:38.701Z,20,OPERATING,7594d3f2-b3d1-47a0-b64f-8bc01d373830
tokyo_disneysea,tds_aw_a_003,2026-09-19T04:53:38.678Z,100,OPERATING,abb5d6ec-469e-4ab0-8685-5f04e9749653
tokyo_disneysea,tds_aw_a_002,2026-09-19T04:53:38.717Z,50,OPERATING,4ca7254c-7abc-4e52-82e0-9c562c096494
tokyo_disneysea,tds_fs_a_003,2026-09-19T04:59:58.449Z,40,OPERATING,e8c15bc6-aaab-44ef-8285-1d92ebd2c47d
tokyo_disneysea,tds_aw_a_004,2026-09-19T04:59:58.432Z,30,OPERATING,2daf12ac-21fd-4bfd-bbf6-0c98bed03e8f
tokyo_disneysea,tds_lrd_a_002,2026-09-19T04:56:16.354Z,30,OPERATING,dd942cd2-b364-4262-af12-ca1a5012528b
tokyo_disneysea,tds_fs_a_002,2026-09-19T04:59:58.441Z,30,OPERATING,10b5b89e-02a6-4456-9ddd-69e06c2bded4
tokyo_disneysea,tds_fs_a_001,2026-09-19T04:56:28.741Z,140,OPERATING,9fb0c97c-ebf7-4c25-8ea7-a3f4fe2aa9ec
tokyo_disneysea,tds_aw_a_001,2026-09-19T04:58:56.095Z,20,OPERATING,71943126-e4ac-49c5-ac61-ac1687ad33af
tokyo_disneysea,tds_ac_a_003,2026-09-19T04:58:56.079Z,15,OPERATING,63ef07eb-9bfb-4782-885e-cfd08ced82f0
tokyo_disneysea,tds_ml_a_005,2026-09-19T04:58:56.087Z,25,OPERATING,f37d7fe8-169f-459d-86f3-4843655358bd
tokyo_disneysea,tds_aw_a_003,2026-09-19T04:59:58.411Z,120,OPERATING,abb5d6ec-469e-4ab0-8685-5f04e9749653
tokyo_disneysea,tds_fs_a_004,2026-09-19T04:58:56.112Z,30,OPERATING,c0224e78-abf6-4f89-b0d4-38647a98dd4d
tokyo_disneysea,tds_mi_a_002,2026-09-19T04:59:58.423Z,90,OPERATING,c8526be3-e82c-4692-ae44-e8f2d1142c8a
tokyo_disneysea,tds_mh_a_003,2026-09-19T05:02:14.839Z,120,OPERATING,3407ebac-c575-4c31-b794-1d271014d303
tokyo_disneysea,tds_fs_a_003,2026-09-19T05:02:14.911Z,40,OPERATING,e8c15bc6-aaab-44ef-8285-1d92ebd2c47d
tokyo_disneysea,tds_aw_a_004,2026-09-19T05:02:14.855Z,25,OPERATING,2daf12ac-21fd-4bfd-bbf6-0c98bed03e8f
tokyo_disneysea,tds_lrd_a_002,2026-09-19T05:03:00.008Z,25,OPERATING,dd942cd2-b364-4262-af12-ca1a5012528b
tokyo_disneysea,tds_fs_a_002,2026-09-19T05:02:14.902Z,30,OPERATING,10b5b89e-02a6-4456-9ddd-69e06c2bded4
tokyo_disneysea,tds_fs_a_001,2026-09-19T05:02:14.892Z,140,OPERATING,9fb0c97c-ebf7-4c25-8ea7-a3f4fe2aa9ec
tokyo_disneysea,tds_ml_a_007,2026-09-19T05:02:14.863Z,25,OPERATING,7594d3f2-b3d1-47a0-b64f-8bc01d373830
tokyo_disneysea,tds_aw_a_003,2026-09-19T05:02:14.832Z,120,OPERATING,abb5d6ec-469e-4ab0-8685-5f04e9749653
tokyo_disneysea,tds_aw_a_002,2026-09-19T05:02:14.884Z,50,OPERATING,4ca7254c-7abc-4e52-82e0-9c562c096494
tokyo_disneysea,tds_mi_a_002,2026-09-19T05:02:14.848Z,90,OPERATING,c8526be3-e82c-4692-ae44-e8f2d1142c8a
tokyo_disneysea,tds_mh_a_003,2026-09-19T05:06:23.354Z,120,OPERATING,3407ebac-c575-4c31-b794-1d271014d303
tokyo_disneysea,tds_fs_a_003,2026-09-19T05:06:23.398Z,40,OPERATING,e8c15bc6-aaab-44ef-8285-1d92ebd2c47d
tokyo_disneysea,tds_fs_a_002,2026-09-19T05:06:23.391Z,30,OPERATING,10b5b89e-02a6-4456-9ddd-69e06c2bded4
tokyo_disneysea,tds_fs_a_001,2026-09-19T05:06:23.382Z,140,OPERATING,9fb0c97c-ebf7-4c25-8ea7-a3f4fe2aa9ec
tokyo_disneysea,tds_aw_a_001,2026-09-19T05:07:59.345Z,15,OPERATING,71943126-e4ac-49c5-ac61-ac1687ad33af
tokyo_disneysea,tds_pd_a_003,2026-09-19T05:07:59.338Z,25,OPERATING,c8744918-42c0-427d-8947-c3dbd1abf8d5
tokyo_disneysea,tds_ml_a_007,2026-09-19T05:06:23.368Z,20,OPERATING,7594d3f2-b3d1-47a0-b64f-8bc01d373830
tokyo_disneysea,tds_aw_a_003,2026-09-19T05:06:23.347Z,120,OPERATING,abb5d6ec-469e-4ab0-8685-5f04e9749653
tokyo_disneysea,tds_fs_a_004,2026-09-19T05:07:59.353Z,25,OPERATING,c0224e78-abf6-4f89-b0d4-38647a98dd4d
tokyo_disneysea,tds_aw_a_002,2026-09-19T05:06:23.375Z,50,OPERATING,4ca7254c-7abc-4e52-82e0-9c562c096494
tokyo_disneysea,tds_mi_a_002,2026-09-19T05:06:23.361Z,90,OPERATING,c8526be3-e82c-4692-ae44-e8f2d1142c8a
tokyo_disneysea,tds_mh_a_003,2026-09-19T05:14:02.675Z,120,OPERATING,3407ebac-c575-4c31-b794-1d271014d303
tokyo_disneysea,tds_fs_a_003,2026-09-19T05:14:02.887Z,40,OPERATING,e8c15bc6-aaab-44ef-8285-1d92ebd2c47d
tokyo_disneysea,tds_aw_a_004,2026-09-19T05:14:02.787Z,30,OPERATING,2daf12ac-21fd-4bfd-bbf6-0c98bed03e8f
tokyo_disneysea,tds_lrd_a_002,2026-09-19T05:14:02.803Z,25,OPERATING,dd942cd2-b364-4262-af12-ca1a5012528b
tokyo_disneysea,tds_fs_a_002,2026-09-19T05:14:02.848Z,25,OPERATING,10b5b89e-02a6-4456-9ddd-69e06c2bded4
tokyo_disneysea,tds_fs_a_001,2026-09-19T05:14:02.839Z,140,OPERATING,9fb0c97c-ebf7-4c25-8ea7-a3f4fe2aa9ec
tokyo_disneysea,tds_aw_a_001,2026-09-19T05:12:36.584Z,25,OPERATING,71943126-e4ac-49c5-ac61-ac1687ad33af
tokyo_disneysea,tds_pd_a_003,2026-09-19T05:14:02.767Z,30,OPERATING,c8744918-42c0-427d-8947-c3dbd1abf8d5
tokyo_disneysea,tds_aw_a_003,2026-09-19T05:14:02.662Z,120,OPERATING,abb5d6ec-469e-4ab0-8685-5f04e9749653
tokyo_disneysea,tds_aw_a_002,2026-09-19T05:14:02.821Z,50,OPERATING,4ca7254c-7abc-4e52-82e0-9c562c096494
tokyo_disneysea,tds_mi_a_002,2026-09-19T05:14:02.699Z,100,OPERATING,c8526be3-e82c-4692-ae44-e8f2d1142c8a
tokyo_disneysea,tds_ml_a_002,2026-09-19T05:12:36.577Z,20,OPERATING,c6c0d34d-531a-40d9-b711-3497fd53c28b
tokyo_disneysea,tds_mh_a_003,2026-09-19T05:19:00.990Z,120,OPERATING,3407ebac-c575-4c31-b794-1d271014d303
tokyo_disneysea,tds_fs_a_003,2026-09-19T05:19:01.052Z,40,OPERATING,e8c15bc6-aaab-44ef-8285-1d92ebd2c47d
tokyo_disneysea,tds_ml_a_004,2026-09-19T05:19:01.025Z,5,OPERATING,2d56558a-d4d2-4f79-898c-178c2c20cf67
tokyo_disneysea,tds_lrd_a_002,2026-09-19T05:19:01.032Z,25,OPERATING,dd942cd2-b364-4262-af12-ca1a5012528b
tokyo_disneysea,tds_fs_a_002,2026-09-19T05:15:27.689Z,25,OPERATING,10b5b89e-02a6-4456-9ddd-69e06c2bded4
tokyo_disneysea,tds_fs_a_001,2026-09-19T05:19:01.045Z,140,OPERATING,9fb0c97c-ebf7-4c25-8ea7-a3f4fe2aa9ec
tokyo_disneysea,tds_aw_a_001,2026-09-19T05:15:27.680Z,20,OPERATING,71943126-e4ac-49c5-ac61-ac1687ad33af
tokyo_disneysea,tds_aw_a_003,2026-09-19T05:19:00.983Z,120,OPERATING,abb5d6ec-469e-4ab0-8685-5f04e9749653
tokyo_disneysea,tds_fs_a_004,2026-09-19T05:15:27.698Z,20,OPERATING,c0224e78-abf6-4f89-b0d4-38647a98dd4d
tokyo_disneysea,tds_aw_a_002,2026-09-19T05:19:01.039Z,50,OPERATING,4ca7254c-7abc-4e52-82e0-9c562c096494
tokyo_disneysea,tds_mi_a_002,2026-09-19T05:19:00.996Z,100,OPERATING,c8526be3-e82c-4692-ae44-e8f2d1142c8a
tokyo_disneysea,tds_fs_a_003,2026-09-19T05:21:08.630Z,30,OPERATING,e8c15bc6-aaab-44ef-8285-1d92ebd2c47d
tokyo_disneysea,tds_lrd_a_002,2026-09-19T05:23:12.161Z,20,OPERATING,dd942cd2-b364-4262-af12-ca1a5012528b
tokyo_disneysea,tds_fs_a_002,2026-09-19T05:23:12.182Z,30,OPERATING,10b5b89e-02a6-4456-9ddd-69e06c2bded4
tokyo_disneysea,tds_fs_a_001,2026-09-19T05:24:41.012Z,140,OPERATING,9fb0c97c-ebf7-4c25-8ea7-a3f4fe2aa9ec
tokyo_disneysea,tds_aw_a_001,2026-09-19T05:23:12.169Z,15,OPERATING,71943126-e4ac-49c5-ac61-ac1687ad33af
tokyo_disneysea,tds_fs_a_004,2026-09-19T05:23:12.189Z,25,OPERATING,c0224e78-abf6-4f89-b0d4-38647a98dd4d
tokyo_disneysea,tds_mi_a_002,2026-09-19T05:21:08.594Z,80,OPERATING,c8526be3-e82c-4692-ae44-e8f2d1142c8a
tokyo_disneysea,tds_ml_a_002,2026-09-19T05:21:08.602Z,15,OPERATING,c6c0d34d-531a-40d9-b711-3497fd53c28b
tokyo_disneysea,tds_mh_a_003,2026-09-19T05:26:22.141Z,120,OPERATING,3407ebac-c575-4c31-b794-1d271014d303
tokyo_disneysea,tds_fs_a_003,2026-09-19T05:26:22.174Z,30,OPERATING,e8c15bc6-aaab-44ef-8285-1d92ebd2c47d
tokyo_disneysea,tds_ml_a_004,2026-09-19T05:27:10.618Z,10,OPERATING,2d56558a-d4d2-4f79-898c-178c2c20cf67
tokyo_disneysea,tds_fs_a_001,2026-09-19T05:27:10.636Z,140,OPERATING,9fb0c97c-ebf7-4c25-8ea7-a3f4fe2aa9ec
tokyo_disneysea,tds_aw_a_001,2026-09-19T05:27:10.628Z,25,OPERATING,71943126-e4ac-49c5-ac61-ac1687ad33af
tokyo_disneysea,tds_aw_a_003,2026-09-19T05:26:22.132Z,120,OPERATING,abb5d6ec-469e-4ab0-8685-5f04e9749653
tokyo_disneysea,tds_fs_a_004,2026-09-19T05:26:22.183Z,30,OPERATING,c0224e78-abf6-4f89-b0d4-38647a98dd4d
tokyo_disneysea,tds_aw_a_002,2026-09-19T05:26:22.157Z,50,OPERATING,4ca7254c-7abc-4e52-82e0-9c562c096494
tokyo_disneysea,tds_mi_a_002,2026-09-19T05:26:22.149Z,80,OPERATING,c8526be3-e82c-4692-ae44-e8f2d1142c8a
tokyo_disneysea,tds_mh_a_003,2026-09-19T05:30:40.033Z,120,OPERATING,3407ebac-c575-4c31-b794-1d271014d303
tokyo_disneysea,tds_fs_a_003,2026-09-19T05:30:40.077Z,30,OPERATING,e8c15bc6-aaab-44ef-8285-1d92ebd2c47d
tokyo_disneysea,tds_ml_a_004,2026-09-19T05:32:23.718Z,15,OPERATING,2d56558a-d4d2-4f79-898c-178c2c20cf67
tokyo_disneysea,tds_ac_a_002,2026-09-19T05:33:18.005Z,10,OPERATING,abbf5b3e-94e5-420a-8257-34594cd9d590
tokyo_disneysea,tds_lrd_a_002,2026-09-19T05:30:40.048Z,20,OPERATING,dd942cd2-b364-4262-af12-ca1a5012528b
tokyo_disneysea,tds_fs_a_002,2026-09-19T05:30:40.070Z,30,OPERATING,10b5b89e-02a6-4456-9ddd-69e06c2bded4
tokyo_disneysea,tds_fs_a_001,2026-09-19T05:30:40.062Z,140,OPERATING,9fb0c97c-ebf7-4c25-8ea7-a3f4fe2aa9ec
tokyo_disneysea,tds_aw_a_001,2026-09-19T05:32:23.734Z,20,OPERATING,71943126-e4ac-49c5-ac61-ac1687ad33af
tokyo_disneysea,tds_ml_a_003,2026-09-19T05:32:23.726Z,10,OPERATING,58815e8e-7c01-4a42-8a00-1bd1c82a0252
tokyo_disneysea,tds_ac_a_003,2026-09-19T05:32:23.710Z,10,OPERATING,63ef07eb-9bfb-4782-885e-cfd08ced82f0
tokyo_disneysea,tds_aw_a_003,2026-09-19T05:30:40.026Z,120,OPERATING,abb5d6ec-469e-4ab0-8685-5f04e9749653
tokyo_disneysea,tds_fs_a_004,2026-09-19T05:32:23.742Z,40,OPERATING,c0224e78-abf6-4f89-b0d4-38647a98dd4d
tokyo_disneysea,tds_aw_a_002,2026-09-19T05:30:40.055Z,50,OPERATING,4ca7254c-7abc-4e52-82e0-9c562c096494
tokyo_disneysea,tds_mi_a_002,2026-09-19T05:30:40.040Z,80,OPERATING,c8526be3-e82c-4692-ae44-e8f2d1142c8a
tokyo_disneysea,tds_mh_a_003,2026-09-19T05:38:26.266Z,120,OPERATING,3407ebac-c575-4c31-b794-1d271014d303
tokyo_disneysea,tds_fs_a_003,2026-09-19T05:38:26.406Z,30,OPERATING,e8c15bc6-aaab-44ef-8285-1d92ebd2c47d
tokyo_disneysea,tds_lrd_a_002,2026-09-19T05:38:26.375Z,30,OPERATING,dd942cd2-b364-4262-af12-ca1a5012528b
tokyo_disneysea,tds_fs_a_002,2026-09-19T05:38:26.399Z,30,OPERATING,10b5b89e-02a6-4456-9ddd-69e06c2bded4
tokyo_disneysea,tds_fs_a_001,2026-09-19T05:38:26.392Z,140,OPERATING,9fb0c97c-ebf7-4c25-8ea7-a3f4fe2aa9ec
tokyo_disneysea,tds_aw_a_001,2026-09-19T05:39:15.523Z,15,OPERATING,71943126-e4ac-49c5-ac61-ac1687ad33af
tokyo_disneysea,tds_aw_a_003,2026-09-19T05:38:26.253Z,120,OPERATING,abb5d6ec-469e-4ab0-8685-5f04e9749653
tokyo_disneysea,tds_fs_a_004,2026-09-19T05:39:15.531Z,30,OPERATING,c0224e78-abf6-4f89-b0d4-38647a98dd4d
tokyo_disneysea,tds_aw_a_002,2026-09-19T05:38:26.383Z,50,OPERATING,4ca7254c-7abc-4e52-82e0-9c562c096494
tokyo_disneysea,tds_mi_a_002,2026-09-19T05:39:15.516Z,90,OPERATING,c8526be3-e82c-4692-ae44-e8f2d1142c8a
tokyo_disneysea,tds_ml_a_002,2026-09-19T05:38:26.367Z,20,OPERATING,c6c0d34d-531a-40d9-b711-3497fd53c28b
tokyo_disneysea,tds_mh_a_003,2026-09-19T05:43:04.369Z,120,OPERATING,3407ebac-c575-4c31-b794-1d271014d303
tokyo_disneysea,tds_fs_a_003,2026-09-19T05:44:29.221Z,40,OPERATING,e8c15bc6-aaab-44ef-8285-1d92ebd2c47d
tokyo_disneysea,tds_ac_a_002,2026-09-19T05:43:04.379Z,15,OPERATING,abbf5b3e-94e5-420a-8257-34594cd9d590
tokyo_disneysea,tds_ac_a_001,2026-09-19T05:43:04.395Z,5,OPERATING,76aed95a-dce8-4d03-8c2a-8ad69b3d0d4a
tokyo_disneysea,tds_lrd_a_002,2026-09-19T05:44:29.205Z,40,OPERATING,dd942cd2-b364-4262-af12-ca1a5012528b
tokyo_disneysea,tds_fs_a_002,2026-09-19T05:43:04.430Z,30,OPERATING,10b5b89e-02a6-4456-9ddd-69e06c2bded4
tokyo_disneysea,tds_fs_a_001,2026-09-19T05:43:04.421Z,140,OPERATING,9fb0c97c-ebf7-4c25-8ea7-a3f4fe2aa9ec
tokyo_disneysea,tds_aw_a_001,2026-09-19T05:44:29.212Z,20,OPERATING,71943126-e4ac-49c5-ac61-ac1687ad33af
tokyo_disneysea,tds_mi_a_001,2026-09-19T05:44:29.197Z,15,OPERATING,c15da0f5-9668-48ee-b93a-8b737b6acf5b
tokyo_disneysea,tds_aw_a_003,2026-09-19T05:43:04.358Z,120,OPERATING,abb5d6ec-469e-4ab0-8685-5f04e9749653
tokyo_disneysea,tds_fs_a_004,2026-09-19T05:44:29.230Z,40,OPERATING,c0224e78-abf6-4f89-b0d4-38647a98dd4d
tokyo_disneysea,tds_aw_a_002,2026-09-19T05:43:04.412Z,50,OPERATING,4ca7254c-7abc-4e52-82e0-9c562c096494
tokyo_disneysea,tds_mi_a_002,2026-09-19T05:43:04.387Z,90,OPERATING,c8526be3-e82c-4692-ae44-e8f2d1142c8a
tokyo_disneysea,tds_fs_a_003,2026-09-19T05:45:48.269Z,40,OPERATING,e8c15bc6-aaab-44ef-8285-1d92ebd2c47d
tokyo_disneysea,tds_ac_a_002,2026-09-19T05:45:48.254Z,20,OPERATING,abbf5b3e-94e5-420a-8257-34594cd9d590
tokyo_disneysea,tds_lrd_a_002,2026-09-19T05:45:48.261Z,40,OPERATING,dd942cd2-b364-4262-af12-ca1a5012528b
tokyo_disneysea,tds_aw_a_002,2026-09-19T05:49:15.743Z,40,OPERATING,4ca7254c-7abc-4e52-82e0-9c562c096494
tokyo_disneysea,tds_ml_a_002,2026-09-19T05:48:00.697Z,15,OPERATING,c6c0d34d-531a-40d9-b711-3497fd53c28b
tokyo_disneysea,tds_mh_a_003,2026-09-19T05:55:03.168Z,120,OPERATING,3407ebac-c575-4c31-b794-1d271014d303
tokyo_disneysea,tds_fs_a_003,2026-09-19T05:55:03.267Z,40,OPERATING,e8c15bc6-aaab-44ef-8285-1d92ebd2c47d
tokyo_disneysea,tds_lrd_a_002,2026-09-19T05:55:03.209Z,30,OPERATING,dd942cd2-b364-4262-af12-ca1a5012528b
tokyo_disneysea,tds_fs_a_002,2026-09-19T05:55:03.255Z,30,OPERATING,10b5b89e-02a6-4456-9ddd-69e06c2bded4
tokyo_disneysea,tds_fs_a_001,2026-09-19T05:55:03.236Z,140,OPERATING,9fb0c97c-ebf7-4c25-8ea7-a3f4fe2aa9ec
tokyo_disneysea,tds_ac_a_003,2026-09-19T05:50:39.500Z,5,OPERATING,63ef07eb-9bfb-4782-885e-cfd08ced82f0
tokyo_disneysea,tds_ml_a_007,2026-09-19T05:53:44.091Z,25,OPERATING,7594d3f2-b3d1-47a0-b64f-8bc01d373830
tokyo_disneysea,tds_aw_a_003,2026-09-19T05:51:30.546Z,90,OPERATING,abb5d6ec-469e-4ab0-8685-5f04e9749653
tokyo_disneysea,tds_aw_a_002,2026-09-19T05:55:03.220Z,40,OPERATING,4ca7254c-7abc-4e52-82e0-9c562c096494
tokyo_disneysea,tds_mi_a_002,2026-09-19T05:55:03.189Z,90,OPERATING,c8526be3-e82c-4692-ae44-e8f2d1142c8a
tokyo_disneysea,tds_mh_a_003,2026-09-19T05:57:35.528Z,100,OPERATING,3407ebac-c575-4c31-b794-1d271014d303
tokyo_disneysea,tds_lrd_a_002,2026-09-19T05:59:46.374Z,40,OPERATING,dd942cd2-b364-4262-af12-ca1a5012528b
tokyo_disneysea,tds_fs_a_002,2026-09-19T05:59:46.387Z,40,OPERATING,10b5b89e-02a6-4456-9ddd-69e06c2bded4
tokyo_disneysea,tds_aw_a_001,2026-09-19T05:56:59.744Z,15,OPERATING,71943126-e4ac-49c5-ac61-ac1687ad33af
tokyo_disneysea,tds_aw_a_002,2026-09-19T05:59:46.381Z,70,OPERATING,4ca7254c-7abc-4e52-82e0-9c562c096494
tokyo_disneysea,tds_mi_a_002,2026-09-19T05:59:46.368Z,80,OPERATING,c8526be3-e82c-4692-ae44-e8f2d1142c8a
tokyo_disneysea,tds_mh_a_003,2026-09-19T06:02:56.290Z,100,OPERATING,3407ebac-c575-4c31-b794-1d271014d303
tokyo_disneysea,tds_fs_a_003,2026-09-19T06:02:56.357Z,40,OPERATING,e8c15bc6-aaab-44ef-8285-1d92ebd2c47d
tokyo_disneysea,tds_aw_a_004,2026-09-19T06:03:38.067Z,10,OPERATING,2daf12ac-21fd-4bfd-bbf6-0c98bed03e8f
tokyo_disneysea,tds_aw_a_005,2026-09-19T06:02:56.319Z,5,OPERATING,5449e9da-ee4c-47d8-a60a-8a964b94c32d
tokyo_disneysea,tds_lrd_a_002,2026-09-19T06:02:56.334Z,40,OPERATING,dd942cd2-b364-4262-af12-ca1a5012528b
tokyo_disneysea,tds_fs_a_001,2026-09-19T06:03:38.086Z,140,OPERATING,9fb0c97c-ebf7-4c25-8ea7-a3f4fe2aa9ec
tokyo_disneysea,tds_ml_a_003,2026-09-19T06:03:38.077Z,15,OPERATING,58815e8e-7c01-4a42-8a00-1bd1c82a0252
tokyo_disneysea,tds_pd_a_003,2026-09-19T06:02:56.305Z,5,OPERATING,c8744918-42c0-427d-8947-c3dbd1abf8d5
tokyo_disneysea,tds_mi_a_001,2026-09-19T06:02:56.297Z,10,OPERATING,c15da0f5-9668-48ee-b93a-8b737b6acf5b
tokyo_disneysea,tds_ml_a_007,2026-09-19T06:02:56.327Z,20,OPERATING,7594d3f2-b3d1-47a0-b64f-8bc01d373830
tokyo_disneysea,tds_aw_a_003,2026-09-19T06:02:56.282Z,90,OPERATING,abb5d6ec-469e-4ab0-8685-5f04e9749653
tokyo_disneysea,tds_pd_a_002,2026-09-19T06:02:56.341Z,20,OPERATING,179e4e82-26ed-4b04-bf21-f03808b61df4
tokyo_disneysea,tds_mh_a_003,2026-09-19T06:07:29.591Z,100,OPERATING,3407ebac-c575-4c31-b794-1d271014d303
tokyo_disneysea,tds_fs_a_003,2026-09-19T06:07:29.654Z,40,OPERATING,e8c15bc6-aaab-44ef-8285-1d92ebd2c47d
tokyo_disneysea,tds_lrd_a_002,2026-09-19T06:07:29.620Z,40,OPERATING,dd942cd2-b364-4262-af12-ca1a5012528b
tokyo_disneysea,tds_fs_a_002,2026-09-19T06:07:29.647Z,40,OPERATING,10b5b89e-02a6-4456-9ddd-69e06c2bded4
tokyo_disneysea,tds_fs_a_001,2026-09-19T06:07:29.639Z,140,OPERATING,9fb0c97c-ebf7-4c25-8ea7-a3f4fe2aa9ec
tokyo_disneysea,tds_aw_a_003,2026-09-19T06:07:29.583Z,90,OPERATING,abb5d6ec-469e-4ab0-8685-5f04e9749653
tokyo_disneysea,tds_aw_a_002,2026-09-19T06:07:29.630Z,80,OPERATING,4ca7254c-7abc-4e52-82e0-9c562c096494
tokyo_disneysea,tds_mi_a_002,2026-09-19T06:07:29.606Z,80,OPERATING,c8526be3-e82c-4692-ae44-e8f2d1142c8a
tokyo_disneysea,tds_mh_a_003,2026-09-19T06:15:07.275Z,120,OPERATING,3407ebac-c575-4c31-b794-1d271014d303
tokyo_disneysea,tds_fs_a_003,2026-09-19T06:15:07.368Z,40,OPERATING,e8c15bc6-aaab-44ef-8285-1d92ebd2c47d
tokyo_disneysea,tds_ml_a_004,2026-09-19T06:14:32.023Z,20,OPERATING,2d56558a-d4d2-4f79-898c-178c2c20cf67
tokyo_disneysea,tds_aw_a_004,2026-09-19T06:14:32.015Z,15,OPERATING,2daf12ac-21fd-4bfd-bbf6-0c98bed03e8f
tokyo_disneysea,tds_lrd_a_002,2026-09-19T06:15:07.319Z,40,OPERATING,dd942cd2-b364-4262-af12-ca1a5012528b
tokyo_disneysea,tds_fs_a_002,2026-09-19T06:15:07.353Z,40,OPERATING,10b5b89e-02a6-4456-9ddd-69e06c2bded4
tokyo_disneysea,tds_fs_a_001,2026-09-19T06:15:07.341Z,140,OPERATING,9fb0c97c-ebf7-4c25-8ea7-a3f4fe2aa9ec
tokyo_disneysea,tds_aw_a_001,2026-09-19T06:12:14.254Z,20,OPERATING,71943126-e4ac-49c5-ac61-ac1687ad33af
tokyo_disneysea,tds_pd_a_003,2026-09-19T06:14:32.005Z,10,OPERATING,c8744918-42c0-427d-8947-c3dbd1abf8d5
tokyo_disneysea,tds_mi_a_001,2026-09-19T06:15:07.307Z,15,OPERATING,c15da0f5-9668-48ee-b93a-8b737b6acf5b
tokyo_disneysea,tds_aw_a_003,2026-09-19T06:15:07.263Z,100,OPERATING,abb5d6ec-469e-4ab0-8685-5f04e9749653
tokyo_disneysea,tds_aw_a_002,2026-09-19T06:15:07.329Z,80,OPERATING,4ca7254c-7abc-4e52-82e0-9c562c096494
tokyo_disneysea,tds_mi_a_002,2026-09-19T06:15:07.288Z,80,OPERATING,c8526be3-e82c-4692-ae44-e8f2d1142c8a
tokyo_disneysea,tds_ml_a_002,2026-09-19T06:14:32.031Z,10,OPERATING,c6c0d34d-531a-40d9-b711-3497fd53c28b
tokyo_disneysea,tds_pd_a_002,2026-09-19T06:14:32.039Z,20,OPERATING,179e4e82-26ed-4b04-bf21-f03808b61df4
tokyo_disneysea,tds_aw_a_003,2026-09-19T06:18:20.196Z,120,OPERATING,abb5d6ec-469e-4ab0-8685-5f04e9749653
tokyo_disneysea,tds_mh_a_003,2026-09-19T06:24:29.254Z,140,OPERATING,3407ebac-c575-4c31-b794-1d271014d303
tokyo_disneysea,tds_fs_a_003,2026-09-19T06:19:44.978Z,40,OPERATING,e8c15bc6-aaab-44ef-8285-1d92ebd2c47d
tokyo_disneysea,tds_aw_a_004,2026-09-19T06:24:29.263Z,20,OPERATING,2daf12ac-21fd-4bfd-bbf6-0c98bed03e8f
tokyo_disneysea,tds_lrd_a_002,2026-09-19T06:19:44.943Z,40,OPERATING,dd942cd2-b364-4262-af12-ca1a5012528b
tokyo_disneysea,tds_fs_a_002,2026-09-19T06:21:16.158Z,30,OPERATING,10b5b89e-02a6-4456-9ddd-69e06c2bded4
tokyo_disneysea,tds_fs_a_001,2026-09-19T06:24:29.292Z,140,OPERATING,9fb0c97c-ebf7-4c25-8ea7-a3f4fe2aa9ec
tokyo_disneysea,tds_ml_a_003,2026-09-19T06:24:29.273Z,10,OPERATING,58815e8e-7c01-4a42-8a00-1bd1c82a0252
tokyo_disneysea,tds_pd_a_003,2026-09-19T06:21:16.125Z,15,OPERATING,c8744918-42c0-427d-8947-c3dbd1abf8d5
tokyo_disneysea,tds_aw_a_003,2026-09-19T06:19:44.918Z,120,OPERATING,abb5d6ec-469e-4ab0-8685-5f04e9749653
tokyo_disneysea,tds_aw_a_002,2026-09-19T06:24:29.282Z,50,OPERATING,4ca7254c-7abc-4e52-82e0-9c562c096494
tokyo_disneysea,tds_mi_a_002,2026-09-19T06:19:44.935Z,80,OPERATING,c8526be3-e82c-4692-ae44-e8f2d1142c8a
tokyo_disneysea,tds_mh_a_003,2026-09-19T06:27:29.959Z,140,OPERATING,3407ebac-c575-4c31-b794-1d271014d303
tokyo_disneysea,tds_fs_a_003,2026-09-19T06:29:02.060Z,30,OPERATING,e8c15bc6-aaab-44ef-8285-1d92ebd2c47d
tokyo_disneysea,tds_aw_a_004,2026-09-19T06:27:29.983Z,25,OPERATING,2daf12ac-21fd-4bfd-bbf6-0c98bed03e8f
tokyo_disneysea,tds_lrd_a_002,2026-09-19T06:27:30.017Z,40,OPERATING,dd942cd2-b364-4262-af12-ca1a5012528b
tokyo_disneysea,tds_fs_a_001,2026-09-19T06:27:30.073Z,140,OPERATING,9fb0c97c-ebf7-4c25-8ea7-a3f4fe2aa9ec
tokyo_disneysea,tds_aw_a_001,2026-09-19T06:27:30.054Z,15,OPERATING,71943126-e4ac-49c5-ac61-ac1687ad33af
tokyo_disneysea,tds_ac_a_003,2026-09-19T06:26:23.899Z,10,OPERATING,63ef07eb-9bfb-4782-885e-cfd08ced82f0
tokyo_disneysea,tds_mi_a_001,2026-09-19T06:27:29.975Z,25,OPERATING,c15da0f5-9668-48ee-b93a-8b737b6acf5b
tokyo_disneysea,tds_ml_a_005,2026-09-19T06:27:30.000Z,25,OPERATING,f37d7fe8-169f-459d-86f3-4843655358bd
tokyo_disneysea,tds_aw_a_003,2026-09-19T06:27:29.951Z,120,OPERATING,abb5d6ec-469e-4ab0-8685-5f04e9749653
tokyo_disneysea,tds_aw_a_002,2026-09-19T06:27:30.036Z,50,OPERATING,4ca7254c-7abc-4e52-82e0-9c562c096494
tokyo_disneysea,tds_mi_a_002,2026-09-19T06:27:29.967Z,90,OPERATING,c8526be3-e82c-4692-ae44-e8f2d1142c8a
tokyo_disneysea,tds_ml_a_002,2026-09-19T06:27:29.991Z,15,OPERATING,c6c0d34d-531a-40d9-b711-3497fd53c28b
tokyo_disneysea,tds_mh_a_003,2026-09-19T06:33:20.733Z,140,OPERATING,3407ebac-c575-4c31-b794-1d271014d303
tokyo_disneysea,tds_ml_a_004,2026-09-19T06:33:20.750Z,10,OPERATING,2d56558a-d4d2-4f79-898c-178c2c20cf67
tokyo_disneysea,tds_lrd_a_002,2026-09-19T06:33:20.758Z,40,OPERATING,dd942cd2-b364-4262-af12-ca1a5012528b
tokyo_disneysea,tds_fs_a_002,2026-09-19T06:33:20.791Z,30,OPERATING,10b5b89e-02a6-4456-9ddd-69e06c2bded4
tokyo_disneysea,tds_fs_a_001,2026-09-19T06:33:20.783Z,140,OPERATING,9fb0c97c-ebf7-4c25-8ea7-a3f4fe2aa9ec
tokyo_disneysea,tds_aw_a_001,2026-09-19T06:33:20.774Z,20,OPERATING,71943126-e4ac-49c5-ac61-ac1687ad33af
tokyo_disneysea,tds_ml_a_003,2026-09-19T06:30:20.581Z,5,OPERATING,58815e8e-7c01-4a42-8a00-1bd1c82a0252
tokyo_disneysea,tds_pd_a_003,2026-09-19T06:30:20.563Z,20,OPERATING,c8744918-42c0-427d-8947-c3dbd1abf8d5
tokyo_disneysea,tds_mi_a_001,2026-09-19T06:33:21.570Z,20,OPERATING,c15da0f5-9668-48ee-b93a-8b737b6acf5b
tokyo_disneysea,tds_aw_a_003,2026-09-19T06:33:20.725Z,120,OPERATING,abb5d6ec-469e-4ab0-8685-5f04e9749653
tokyo_disneysea,tds_aw_a_002,2026-09-19T06:33:20.766Z,50,OPERATING,4ca7254c-7abc-4e52-82e0-9c562c096494
tokyo_disneysea,tds_mi_a_002,2026-09-19T06:33:20.742Z,90,OPERATING,c8526be3-e82c-4692-ae44-e8f2d1142c8a
tokyo_disneysea,tds_pd_a_002,2026-09-19T06:33:21.580Z,30,OPERATING,179e4e82-26ed-4b04-bf21-f03808b61df4
tokyo_disneysea,tds_mh_a_003,2026-09-19T06:39:40.477Z,140,OPERATING,3407ebac-c575-4c31-b794-1d271014d303
tokyo_disneysea,tds_fs_a_003,2026-09-19T06:39:40.519Z,30,OPERATING,e8c15bc6-aaab-44ef-8285-1d92ebd2c47d
tokyo_disneysea,tds_lrd_a_002,2026-09-19T06:39:46.996Z,30,OPERATING,dd942cd2-b364-4262-af12-ca1a5012528b
tokyo_disneysea,tds_fs_a_002,2026-09-19T06:39:40.509Z,30,OPERATING,10b5b89e-02a6-4456-9ddd-69e06c2bded4
tokyo_disneysea,tds_fs_a_001,2026-09-19T06:39:40.502Z,140,OPERATING,9fb0c97c-ebf7-4c25-8ea7-a3f4fe2aa9ec
tokyo_disneysea,tds_aw_a_003,2026-09-19T06:39:40.469Z,120,OPERATING,abb5d6ec-469e-4ab0-8685-5f04e9749653
tokyo_disneysea,tds_aw_a_002,2026-09-19T06:36:46.894Z,60,OPERATING,4ca7254c-7abc-4e52-82e0-9c562c096494
tokyo_disneysea,tds_mi_a_002,2026-09-19T06:39:40.485Z,90,OPERATING,c8526be3-e82c-4692-ae44-e8f2d1142c8a
tokyo_disneysea,tds_mh_a_003,2026-09-19T06:42:43.486Z,140,OPERATING,3407ebac-c575-4c31-b794-1d271014d303
tokyo_disneysea,tds_aw_a_001,2026-09-19T06:42:38.976Z,25,OPERATING,71943126-e4ac-49c5-ac61-ac1687ad33af
tokyo_disneysea,tds_mi_a_002,2026-09-19T06:42:43.496Z,100,OPERATING,c8526be3-e82c-4692-ae44-e8f2d1142c8a
tokyo_disneysea,tds_pd_a_002,2026-09-19T06:42:38.984Z,20,OPERATING,179e4e82-26ed-4b04-bf21-f03808b61df4
tokyo_disneysea,tds_mh_a_003,2026-09-19T06:46:29.601Z,140,OPERATING,3407ebac-c575-4c31-b794-1d271014d303
tokyo_disneysea,tds_fs_a_003,2026-09-19T06:49:01.585Z,40,OPERATING,e8c15bc6-aaab-44ef-8285-1d92ebd2c47d
tokyo_disneysea,tds_ml_a_004,2026-09-19T06:48:18.526Z,15,OPERATING,2d56558a-d4d2-4f79-898c-178c2c20cf67
tokyo_disneysea,tds_fs_a_002,2026-09-19T06:46:29.633Z,30,OPERATING,10b5b89e-02a6-4456-9ddd-69e06c2bded4
tokyo_disneysea,tds_fs_a_001,2026-09-19T06:46:29.625Z,140,OPERATING,9fb0c97c-ebf7-4c25-8ea7-a3f4fe2aa9ec
tokyo_disneysea,tds_aw_a_001,2026-09-19T06:48:18.549Z,20,OPERATING,71943126-e4ac-49c5-ac61-ac1687ad33af
tokyo_disneysea,tds_ml_a_003,2026-09-19T06:48:18.534Z,15,OPERATING,58815e8e-7c01-4a42-8a00-1bd1c82a0252
tokyo_disneysea,tds_aw_a_003,2026-09-19T06:46:29.593Z,120,OPERATING,abb5d6ec-469e-4ab0-8685-5f04e9749653
tokyo_disneysea,tds_fs_a_004,2026-09-19T06:48:18.565Z,30,OPERATING,c0224e78-abf6-4f89-b0d4-38647a98dd4d
tokyo_disneysea,tds_aw_a_002,2026-09-19T06:49:01.551Z,50,OPERATING,4ca7254c-7abc-4e52-82e0-9c562c096494
tokyo_disneysea,tds_mi_a_002,2026-09-19T06:46:29.609Z,100,OPERATING,c8526be3-e82c-4692-ae44-e8f2d1142c8a
tokyo_disneysea,tds_mh_a_003,2026-09-19T06:52:04.740Z,120,OPERATING,3407ebac-c575-4c31-b794-1d271014d303
tokyo_disneysea,tds_lrd_a_002,2026-09-19T06:52:04.755Z,30,OPERATING,dd942cd2-b364-4262-af12-ca1a5012528b
tokyo_disneysea,tds_fs_a_002,2026-09-19T06:52:04.768Z,30,OPERATING,10b5b89e-02a6-4456-9ddd-69e06c2bded4
tokyo_disneysea,tds_fs_a_001,2026-09-19T06:52:04.762Z,140,OPERATING,9fb0c97c-ebf7-4c25-8ea7-a3f4fe2aa9ec
tokyo_disneysea,tds_pd_a_003,2026-09-19T06:54:51.437Z,25,OPERATING,c8744918-42c0-427d-8947-c3dbd1abf8d5
tokyo_disneysea,tds_aw_a_003,2026-09-19T06:52:04.733Z,120,OPERATING,abb5d6ec-469e-4ab0-8685-5f04e9749653
tokyo_disneysea,tds_mi_a_002,2026-09-19T06:52:04.747Z,100,OPERATING,c8526be3-e82c-4692-ae44-e8f2d1142c8a
tokyo_disneysea,tds_mh_a_003,2026-09-19T06:57:21.004Z,120,OPERATING,3407ebac-c575-4c31-b794-1d271014d303
tokyo_disneysea,tds_fs_a_003,2026-09-19T06:57:21.063Z,40,OPERATING,e8c15bc6-aaab-44ef-8285-1d92ebd2c47d
tokyo_disneysea,tds_lrd_a_002,2026-09-19T06:57:21.030Z,30,OPERATING,dd942cd2-b364-4262-af12-ca1a5012528b
tokyo_disneysea,tds_fs_a_002,2026-09-19T06:57:21.055Z,30,OPERATING,10b5b89e-02a6-4456-9ddd-69e06c2bded4
tokyo_disneysea,tds_fs_a_001,2026-09-19T06:57:21.047Z,140,OPERATING,9fb0c97c-ebf7-4c25-8ea7-a3f4fe2aa9ec
tokyo_disneysea,tds_aw_a_001,2026-09-19T06:55:18.793Z,30,OPERATING,71943126-e4ac-49c5-ac61-ac1687ad33af
tokyo_disneysea,tds_ac_a_003,2026-09-19T06:57:21.022Z,15,OPERATING,63ef07eb-9bfb-4782-885e-cfd08ced82f0
tokyo_disneysea,tds_ml_a_007,2026-09-19T06:55:18.785Z,25,OPERATING,7594d3f2-b3d1-47a0-b64f-8bc01d373830
tokyo_disneysea,tds_aw_a_003,2026-09-19T06:57:20.994Z,120,OPERATING,abb5d6ec-469e-4ab0-8685-5f04e9749653
tokyo_disneysea,tds_aw_a_002,2026-09-19T06:57:21.038Z,50,OPERATING,4ca7254c-7abc-4e52-82e0-9c562c096494
tokyo_disneysea,tds_mi_a_002,2026-09-19T06:57:21.014Z,100,OPERATING,c8526be3-e82c-4692-ae44-e8f2d1142c8a
tokyo_disneysea,tds_pd_a_002,2026-09-19T06:55:18.803Z,30,OPERATING,179e4e82-26ed-4b04-bf21-f03808b61df4
tokyo_disneysea,tds_mh_a_003,2026-09-19T07:04:22.708Z,140,OPERATING,3407ebac-c575-4c31-b794-1d271014d303
tokyo_disneysea,tds_fs_a_003,2026-09-19T07:04:22.748Z,40,OPERATING,e8c15bc6-aaab-44ef-8285-1d92ebd2c47d
tokyo_disneysea,tds_aw_a_004,2026-09-19T07:00:53.629Z,20,OPERATING,2daf12ac-21fd-4bfd-bbf6-0c98bed03e8f
tokyo_disneysea,tds_ac_a_002,2026-09-19T07:01:23.103Z,15,OPERATING,abbf5b3e-94e5-420a-8257-34594cd9d590
tokyo_disneysea,tds_lrd_a_002,2026-09-19T07:04:22.715Z,30,OPERATING,dd942cd2-b364-4262-af12-ca1a5012528b
tokyo_disneysea,tds_fs_a_002,2026-09-19T07:04:22.739Z,30,OPERATING,10b5b89e-02a6-4456-9ddd-69e06c2bded4
tokyo_disneysea,tds_fs_a_001,2026-09-19T07:04:22.732Z,140,OPERATING,9fb0c97c-ebf7-4c25-8ea7-a3f4fe2aa9ec
tokyo_disneysea,tds_pd_a_003,2026-09-19T07:00:53.618Z,20,OPERATING,c8744918-42c0-427d-8947-c3dbd1abf8d5
tokyo_disneysea,tds_mi_a_001,2026-09-19T07:00:53.606Z,15,OPERATING,c15da0f5-9668-48ee-b93a-8b737b6acf5b
tokyo_disneysea,tds_ml_a_005,2026-09-19T07:03:21.796Z,20,OPERATING,f37d7fe8-169f-459d-86f3-4843655358bd
tokyo_disneysea,tds_aw_a_003,2026-09-19T07:04:22.700Z,120,OPERATING,abb5d6ec-469e-4ab0-8685-5f04e9749653
tokyo_disneysea,tds_aw_a_002,2026-09-19T07:04:22.724Z,50,OPERATING,4ca7254c-7abc-4e52-82e0-9c562c096494
tokyo_disneysea,tds_mi_a_002,2026-09-19T07:01:23.114Z,90,OPERATING,c8526be3-e82c-4692-ae44-e8f2d1142c8a
tokyo_disneysea,tds_mh_a_003,2026-09-19T07:09:30.877Z,120,OPERATING,3407ebac-c575-4c31-b794-1d271014d303
tokyo_disneysea,tds_fs_a_003,2026-09-19T07:09:30.970Z,40,OPERATING,e8c15bc6-aaab-44ef-8285-1d92ebd2c47d
tokyo_disneysea,tds_ac_a_002,2026-09-19T07:07:32.119Z,10,OPERATING,abbf5b3e-94e5-420a-8257-34594cd9d590
tokyo_disneysea,tds_lrd_a_002,2026-09-19T07:09:30.922Z,30,OPERATING,dd942cd2-b364-4262-af12-ca1a5012528b
tokyo_disneysea,tds_fs_a_002,2026-09-19T07:09:30.959Z,30,OPERATING,10b5b89e-02a6-4456-9ddd-69e06c2bded4
tokyo_disneysea,tds_fs_a_001,2026-09-19T07:09:30.950Z,140,OPERATING,9fb0c97c-ebf7-4c25-8ea7-a3f4fe2aa9ec
tokyo_disneysea,tds_aw_a_001,2026-09-19T07:09:30.940Z,20,OPERATING,71943126-e4ac-49c5-ac61-ac1687ad33af
tokyo_disneysea,tds_ml_a_003,2026-09-19T07:09:30.897Z,10,OPERATING,58815e8e-7c01-4a42-8a00-1bd1c82a0252
tokyo_disneysea,tds_ml_a_005,2026-09-19T07:06:51.919Z,25,OPERATING,f37d7fe8-169f-459d-86f3-4843655358bd
tokyo_disneysea,tds_aw_a_003,2026-09-19T07:09:30.869Z,120,OPERATING,abb5d6ec-469e-4ab0-8685-5f04e9749653
tokyo_disneysea,tds_aw_a_002,2026-09-19T07:09:30.931Z,50,OPERATING,4ca7254c-7abc-4e52-82e0-9c562c096494
tokyo_disneysea,tds_mi_a_002,2026-09-19T07:09:30.888Z,80,OPERATING,c8526be3-e82c-4692-ae44-e8f2d1142c8a
tokyo_disneysea,tds_ml_a_002,2026-09-19T07:09:30.910Z,20,OPERATING,c6c0d34d-531a-40d9-b711-3497fd53c28b
tokyo_disneysea,tds_mh_a_003,2026-09-19T07:10:39.480Z,120,OPERATING,3407ebac-c575-4c31-b794-1d271014d303
tokyo_disneysea,tds_aw_a_001,2026-09-19T07:13:28.927Z,30,OPERATING,71943126-e4ac-49c5-ac61-ac1687ad33af
tokyo_disneysea,tds_ml_a_003,2026-09-19T07:13:28.904Z,5,OPERATING,58815e8e-7c01-4a42-8a00-1bd1c82a0252
tokyo_disneysea,tds_pd_a_003,2026-09-19T07:13:28.889Z,25,OPERATING,c8744918-42c0-427d-8947-c3dbd1abf8d5
tokyo_disneysea,tds_aw_a_002,2026-09-19T07:13:31.048Z,60,OPERATING,4ca7254c-7abc-4e52-82e0-9c562c096494
tokyo_disneysea,tds_mh_a_003,2026-09-19T07:19:31.899Z,120,OPERATING,3407ebac-c575-4c31-b794-1d271014d303
tokyo_disneysea,tds_fs_a_003,2026-09-19T07:19:31.950Z,40,OPERATING,e8c15bc6-aaab-44ef-8285-1d92ebd2c47d
tokyo_disneysea,tds_lrd_a_002,2026-09-19T07:19:31.917Z,30,OPERATING,dd942cd2-b364-4262-af12-ca1a5012528b
tokyo_disneysea,tds_fs_a_002,2026-09-19T07:19:31.942Z,30,OPERATING,10b5b89e-02a6-4456-9ddd-69e06c2bded4
tokyo_disneysea,tds_fs_a_001,2026-09-19T07:19:31.934Z,140,OPERATING,9fb0c97c-ebf7-4c25-8ea7-a3f4fe2aa9ec
tokyo_disneysea,tds_aw_a_003,2026-09-19T07:19:31.891Z,120,OPERATING,abb5d6ec-469e-4ab0-8685-5f04e9749653
tokyo_disneysea,tds_aw_a_002,2026-09-19T07:19:31.925Z,60,OPERATING,4ca7254c-7abc-4e52-82e0-9c562c096494
tokyo_disneysea,tds_mi_a_002,2026-09-19T07:19:31.908Z,80,OPERATING,c8526be3-e82c-4692-ae44-e8f2d1142c8a
tokyo_disneysea,tds_ml_a_002,2026-09-19T07:19:25.994Z,15,OPERATING,c6c0d34d-531a-40d9-b711-3497fd53c28b
tokyo_disneysea,tds_fs_a_003,2026-09-19T07:22:24.179Z,50,OPERATING,e8c15bc6-aaab-44ef-8285-1d92ebd2c47d
tokyo_disneysea,tds_fs_a_001,2026-09-19T07:22:24.170Z,120,OPERATING,9fb0c97c-ebf7-4c25-8ea7-a3f4fe2aa9ec
tokyo_disneysea,tds_ml_a_007,2026-09-19T07:22:24.158Z,20,OPERATING,7594d3f2-b3d1-47a0-b64f-8bc01d373830
tokyo_disneysea,tds_mh_a_003,2026-09-19T07:28:30.525Z,140,OPERATING,3407ebac-c575-4c31-b794-1d271014d303
tokyo_disneysea,tds_fs_a_003,2026-09-19T07:28:30.582Z,50,OPERATING,e8c15bc6-aaab-44ef-8285-1d92ebd2c47d
tokyo_disneysea,tds_ml_a_004,2026-09-19T07:25:39.882Z,10,OPERATING,2d56558a-d4d2-4f79-898c-178c2c20cf67
tokyo_disneysea,tds_aw_a_004,2026-09-19T07:25:39.870Z,25,OPERATING,2daf12ac-21fd-4bfd-bbf6-0c98bed03e8f
tokyo_disneysea,tds_lrd_a_002,2026-09-19T07:28:30.542Z,30,OPERATING,dd942cd2-b364-4262-af12-ca1a5012528b
tokyo_disneysea,tds_fs_a_002,2026-09-19T07:28:30.568Z,30,OPERATING,10b5b89e-02a6-4456-9ddd-69e06c2bded4
tokyo_disneysea,tds_fs_a_001,2026-09-19T07:28:30.560Z,100,OPERATING,9fb0c97c-ebf7-4c25-8ea7-a3f4fe2aa9ec
tokyo_disneysea,tds_mh_a_001,2026-09-19T07:25:35.909Z,5,OPERATING,2ca8f848-b8e2-4ba5-aa6e-e0fb37e85d0b
tokyo_disneysea,tds_aw_a_001,2026-09-19T07:27:57.965Z,40,OPERATING,71943126-e4ac-49c5-ac61-ac1687ad33af
tokyo_disneysea,tds_mi_a_001,2026-09-19T07:25:35.900Z,20,OPERATING,c15da0f5-9668-48ee-b93a-8b737b6acf5b
tokyo_disneysea,tds_aw_a_003,2026-09-19T07:28:30.517Z,120,OPERATING,abb5d6ec-469e-4ab0-8685-5f04e9749653
tokyo_disneysea,tds_fs_a_004,2026-09-19T07:25:39.891Z,40,OPERATING,c0224e78-abf6-4f89-b0d4-38647a98dd4d
tokyo_disneysea,tds_aw_a_002,2026-09-19T07:28:30.551Z,60,OPERATING,4ca7254c-7abc-4e52-82e0-9c562c096494
tokyo_disneysea,tds_mi_a_002,2026-09-19T07:28:30.534Z,90,OPERATING,c8526be3-e82c-4692-ae44-e8f2d1142c8a
tokyo_disneysea,tds_ml_a_002,2026-09-19T07:27:57.955Z,20,OPERATING,c6c0d34d-531a-40d9-b711-3497fd53c28b
tokyo_disneysea,tds_mh_a_003,2026-09-19T07:32:03.470Z,140,OPERATING,3407ebac-c575-4c31-b794-1d271014d303
tokyo_disneysea,tds_fs_a_003,2026-09-19T07:32:03.537Z,40,OPERATING,e8c15bc6-aaab-44ef-8285-1d92ebd2c47d
tokyo_disneysea,tds_aw_a_004,2026-09-19T07:31:29.632Z,30,OPERATING,2daf12ac-21fd-4bfd-bbf6-0c98bed03e8f
tokyo_disneysea,tds_lrd_a_002,2026-09-19T07:32:03.495Z,30,OPERATING,dd942cd2-b364-4262-af12-ca1a5012528b
tokyo_disneysea,tds_fs_a_002,2026-09-19T07:32:03.530Z,30,OPERATING,10b5b89e-02a6-4456-9ddd-69e06c2bded4
tokyo_disneysea,tds_fs_a_001,2026-09-19T07:32:03.520Z,100,OPERATING,9fb0c97c-ebf7-4c25-8ea7-a3f4fe2aa9ec
tokyo_disneysea,tds_aw_a_001,2026-09-19T07:31:29.640Z,30,OPERATING,71943126-e4ac-49c5-ac61-ac1687ad33af
tokyo_disneysea,tds_aw_a_003,2026-09-19T07:32:03.460Z,120,OPERATING,abb5d6ec-469e-4ab0-8685-5f04e9749653
tokyo_disneysea,tds_aw_a_002,2026-09-19T07:32:03.509Z,60,OPERATING,4ca7254c-7abc-4e52-82e0-9c562c096494
tokyo_disneysea,tds_mi_a_002,2026-09-19T07:32:03.484Z,90,OPERATING,c8526be3-e82c-4692-ae44-e8f2d1142c8a
tokyo_disneysea,tds_pd_a_002,2026-09-19T07:34:00.276Z,20,OPERATING,179e4e82-26ed-4b04-bf21-f03808b61df4
tokyo_disneysea,tds_mh_a_003,2026-09-19T07:37:28.704Z,120,OPERATING,3407ebac-c575-4c31-b794-1d271014d303
tokyo_disneysea,tds_fs_a_003,2026-09-19T07:40:00.505Z,30,OPERATING,e8c15bc6-aaab-44ef-8285-1d92ebd2c47d
tokyo_disneysea,tds_fs_a_001,2026-09-19T07:40:00.490Z,120,OPERATING,9fb0c97c-ebf7-4c25-8ea7-a3f4fe2aa9ec
tokyo_disneysea,tds_aw_a_001,2026-09-19T07:37:28.529Z,40,OPERATING,71943126-e4ac-49c5-ac61-ac1687ad33af
tokyo_disneysea,tds_mh_a_003,2026-09-19T07:43:32.954Z,120,OPERATING,3407ebac-c575-4c31-b794-1d271014d303
tokyo_disneysea,tds_fs_a_003,2026-09-19T07:43:33.020Z,30,OPERATING,e8c15bc6-aaab-44ef-8285-1d92ebd2c47d
tokyo_disneysea,tds_ac_a_001,2026-09-19T07:43:32.470Z,15,OPERATING,76aed95a-dce8-4d03-8c2a-8ad69b3d0d4a
tokyo_disneysea,tds_lrd_a_002,2026-09-19T07:43:32.978Z,30,OPERATING,dd942cd2-b364-4262-af12-ca1a5012528b
tokyo_disneysea,tds_fs_a_002,2026-09-19T07:43:33.011Z,30,OPERATING,10b5b89e-02a6-4456-9ddd-69e06c2bded4
tokyo_disneysea,tds_fs_a_001,2026-09-19T07:43:33.002Z,120,OPERATING,9fb0c97c-ebf7-4c25-8ea7-a3f4fe2aa9ec
tokyo_disneysea,tds_aw_a_001,2026-09-19T07:43:32.994Z,40,OPERATING,71943126-e4ac-49c5-ac61-ac1687ad33af
tokyo_disneysea,tds_ml_a_007,2026-09-19T07:43:32.970Z,20,OPERATING,7594d3f2-b3d1-47a0-b64f-8bc01d373830
tokyo_disneysea,tds_aw_a_003,2026-09-19T07:43:32.940Z,120,OPERATING,abb5d6ec-469e-4ab0-8685-5f04e9749653
tokyo_disneysea,tds_aw_a_002,2026-09-19T07:43:32.986Z,60,OPERATING,4ca7254c-7abc-4e52-82e0-9c562c096494
tokyo_disneysea,tds_mi_a_002,2026-09-19T07:43:32.961Z,90,OPERATING,c8526be3-e82c-4692-ae44-e8f2d1142c8a
tokyo_disneysea,tds_mh_a_003,2026-09-19T07:49:32.363Z,100,OPERATING,3407ebac-c575-4c31-b794-1d271014d303
tokyo_disneysea,tds_fs_a_003,2026-09-19T07:49:32.388Z,40,OPERATING,e8c15bc6-aaab-44ef-8285-1d92ebd2c47d
tokyo_disneysea,tds_lrd_a_002,2026-09-19T07:49:32.380Z,40,OPERATING,dd942cd2-b364-4262-af12-ca1a5012528b
tokyo_disneysea,tds_mh_a_001,2026-09-19T07:46:29.487Z,10,OPERATING,2ca8f848-b8e2-4ba5-aa6e-e0fb37e85d0b
tokyo_disneysea,tds_aw_a_001,2026-09-19T07:46:29.505Z,30,OPERATING,71943126-e4ac-49c5-ac61-ac1687ad33af
tokyo_disneysea,tds_ml_a_007,2026-09-19T07:49:32.371Z,25,OPERATING,7594d3f2-b3d1-47a0-b64f-8bc01d373830
tokyo_disneysea,tds_mi_a_002,2026-09-19T07:46:32.030Z,100,OPERATING,c8526be3-e82c-4692-ae44-e8f2d1142c8a
tokyo_disneysea,tds_mh_a_003,2026-09-19T07:52:32.867Z,100,OPERATING,3407ebac-c575-4c31-b794-1d271014d303
tokyo_disneysea,tds_fs_a_003,2026-09-19T07:52:32.916Z,40,OPERATING,e8c15bc6-aaab-44ef-8285-1d92ebd2c47d
tokyo_disneysea,tds_lrd_a_002,2026-09-19T07:52:32.877Z,40,OPERATING,dd942cd2-b364-4262-af12-ca1a5012528b
tokyo_disneysea,tds_fs_a_002,2026-09-19T07:52:32.907Z,30,OPERATING,10b5b89e-02a6-4456-9ddd-69e06c2bded4
tokyo_disneysea,tds_fs_a_001,2026-09-19T07:52:32.897Z,120,OPERATING,9fb0c97c-ebf7-4c25-8ea7-a3f4fe2aa9ec
tokyo_disneysea,tds_aw_a_003,2026-09-19T07:52:32.857Z,120,OPERATING,abb5d6ec-469e-4ab0-8685-5f04e9749653
tokyo_disneysea,tds_aw_a_002,2026-09-19T07:52:32.885Z,60,OPERATING,4ca7254c-7abc-4e52-82e0-9c562c096494
tokyo_disneysea,tds_mh_a_003,2026-09-19T07:56:31.117Z,100,OPERATING,3407ebac-c575-4c31-b794-1d271014d303
tokyo_disneysea,tds_fs_a_003,2026-09-19T07:56:31.166Z,40,OPERATING,e8c15bc6-aaab-44ef-8285-1d92ebd2c47d
tokyo_disneysea,tds_aw_a_004,2026-09-19T07:59:18.275Z,25,OPERATING,2daf12ac-21fd-4bfd-bbf6-0c98bed03e8f
tokyo_disneysea,tds_ac_a_001,2026-09-19T07:59:18.283Z,10,OPERATING,76aed95a-dce8-4d03-8c2a-8ad69b3d0d4a
tokyo_disneysea,tds_lrd_a_002,2026-09-19T07:59:21.914Z,30,OPERATING,dd942cd2-b364-4262-af12-ca1a5012528b
tokyo_disneysea,tds_fs_a_002,2026-09-19T07:56:31.157Z,30,OPERATING,10b5b89e-02a6-4456-9ddd-69e06c2bded4
tokyo_disneysea,tds_fs_a_001,2026-09-19T07:59:21.922Z,100,OPERATING,9fb0c97c-ebf7-4c25-8ea7-a3f4fe2aa9ec
tokyo_disneysea,tds_aw_a_001,2026-09-19T07:59:18.323Z,20,OPERATING,71943126-e4ac-49c5-ac61-ac1687ad33af
tokyo_disneysea,tds_ml_a_003,2026-09-19T07:59:18.291Z,10,OPERATING,58815e8e-7c01-4a42-8a00-1bd1c82a0252
tokyo_disneysea,tds_pd_a_003,2026-09-19T07:55:58.097Z,20,OPERATING,c8744918-42c0-427d-8947-c3dbd1abf8d5
tokyo_disneysea,tds_mi_a_001,2026-09-19T07:55:58.088Z,15,OPERATING,c15da0f5-9668-48ee-b93a-8b737b6acf5b
tokyo_disneysea,tds_ml_a_007,2026-09-19T07:59:18.307Z,25,OPERATING,7594d3f2-b3d1-47a0-b64f-8bc01d373830
tokyo_disneysea,tds_aw_a_003,2026-09-19T07:56:31.108Z,140,OPERATING,abb5d6ec-469e-4ab0-8685-5f04e9749653
tokyo_disneysea,tds_fs_a_004,2026-09-19T07:59:18.340Z,30,OPERATING,c0224e78-abf6-4f89-b0d4-38647a98dd4d
tokyo_disneysea,tds_aw_a_002,2026-09-19T07:56:31.140Z,60,OPERATING,4ca7254c-7abc-4e52-82e0-9c562c096494
tokyo_disneysea,tds_mi_a_002,2026-09-19T07:56:31.124Z,100,OPERATING,c8526be3-e82c-4692-ae44-e8f2d1142c8a
tokyo_disneysea,tds_ml_a_002,2026-09-19T07:59:18.299Z,15,OPERATING,c6c0d34d-531a-40d9-b711-3497fd53c28b
tokyo_disneysea,tds_mh_a_003,2026-09-19T08:09:44.007Z,100,OPERATING,3407ebac-c575-4c31-b794-1d271014d303
tokyo_disneysea,tds_fs_a_003,2026-09-19T08:09:44.065Z,40,OPERATING,e8c15bc6-aaab-44ef-8285-1d92ebd2c47d
tokyo_disneysea,tds_ac_a_002,2026-09-19T08:04:43.502Z,15,OPERATING,abbf5b3e-94e5-420a-8257-34594cd9d590
tokyo_disneysea,tds_lrd_a_002,2026-09-19T08:09:44.032Z,30,OPERATING,dd942cd2-b364-4262-af12-ca1a5012528b
tokyo_disneysea,tds_fs_a_002,2026-09-19T08:09:44.056Z,30,OPERATING,10b5b89e-02a6-4456-9ddd-69e06c2bded4
tokyo_disneysea,tds_fs_a_001,2026-09-19T08:09:44.047Z,120,OPERATING,9fb0c97c-ebf7-4c25-8ea7-a3f4fe2aa9ec
tokyo_disneysea,tds_aw_a_001,2026-09-19T08:04:43.551Z,25,OPERATING,71943126-e4ac-49c5-ac61-ac1687ad33af
tokyo_disneysea,tds_mi_a_001,2026-09-19T08:09:44.024Z,10,OPERATING,c15da0f5-9668-48ee-b93a-8b737b6acf5b
tokyo_disneysea,tds_ml_a_005,2026-09-19T08:05:56.957Z,30,OPERATING,f37d7fe8-169f-459d-86f3-4843655358bd
tokyo_disneysea,tds_ml_a_007,2026-09-19T08:04:43.522Z,30,OPERATING,7594d3f2-b3d1-47a0-b64f-8bc01d373830
tokyo_disneysea,tds_aw_a_003,2026-09-19T08:09:43.997Z,140,OPERATING,abb5d6ec-469e-4ab0-8685-5f04e9749653
tokyo_disneysea,tds_aw_a_002,2026-09-19T08:09:44.040Z,50,OPERATING,4ca7254c-7abc-4e52-82e0-9c562c096494
tokyo_disneysea,tds_mi_a_002,2026-09-19T08:09:44.015Z,90,OPERATING,c8526be3-e82c-4692-ae44-e8f2d1142c8a
tokyo_disneysea,tds_fs_a_003,2026-09-19T08:14:15.544Z,30,OPERATING,e8c15bc6-aaab-44ef-8285-1d92ebd2c47d
tokyo_disneysea,tds_aw_a_001,2026-09-19T08:13:48.975Z,20,OPERATING,71943126-e4ac-49c5-ac61-ac1687ad33af
tokyo_disneysea,tds_aw_a_002,2026-09-19T08:14:15.536Z,40,OPERATING,4ca7254c-7abc-4e52-82e0-9c562c096494
tokyo_disneysea,tds_mi_a_002,2026-09-19T08:14:15.529Z,80,OPERATING,c8526be3-e82c-4692-ae44-e8f2d1142c8a
tokyo_disneysea,tds_mh_a_003,2026-09-19T08:16:47.830Z,100,OPERATING,3407ebac-c575-4c31-b794-1d271014d303
tokyo_disneysea,tds_fs_a_003,2026-09-19T08:16:47.865Z,30,OPERATING,e8c15bc6-aaab-44ef-8285-1d92ebd2c47d
tokyo_disneysea,tds_ml_a_004,2026-09-19T08:16:27.050Z,15,OPERATING,2d56558a-d4d2-4f79-898c-178c2c20cf67
tokyo_disneysea,tds_lrd_a_002,2026-09-19T08:16:47.841Z,30,OPERATING,dd942cd2-b364-4262-af12-ca1a5012528b
tokyo_disneysea,tds_fs_a_002,2026-09-19T08:16:47.859Z,30,OPERATING,10b5b89e-02a6-4456-9ddd-69e06c2bded4
tokyo_disneysea,tds_fs_a_001,2026-09-19T08:16:47.853Z,120,OPERATING,9fb0c97c-ebf7-4c25-8ea7-a3f4fe2aa9ec
tokyo_disneysea,tds_mh_a_001,2026-09-19T08:17:33.737Z,15,OPERATING,2ca8f848-b8e2-4ba5-aa6e-e0fb37e85d0b
tokyo_disneysea,tds_ml_a_003,2026-09-19T08:16:27.057Z,15,OPERATING,58815e8e-7c01-4a42-8a00-1bd1c82a0252
tokyo_disneysea,tds_mi_a_001,2026-09-19T08:17:33.729Z,15,OPERATING,c15da0f5-9668-48ee-b93a-8b737b6acf5b
tokyo_disneysea,tds_ml_a_007,2026-09-19T08:16:27.064Z,25,OPERATING,7594d3f2-b3d1-47a0-b64f-8bc01d373830
tokyo_disneysea,tds_aw_a_003,2026-09-19T08:17:33.715Z,120,OPERATING,abb5d6ec-469e-4ab0-8685-5f04e9749653
tokyo_disneysea,tds_fs_a_004,2026-09-19T08:16:27.075Z,40,OPERATING,c0224e78-abf6-4f89-b0d4-38647a98dd4d
tokyo_disneysea,tds_aw_a_002,2026-09-19T08:16:47.847Z,40,OPERATING,4ca7254c-7abc-4e52-82e0-9c562c096494
tokyo_disneysea,tds_mi_a_002,2026-09-19T08:17:33.723Z,70,OPERATING,c8526be3-e82c-4692-ae44-e8f2d1142c8a
tokyo_disneysea,tds_mh_a_003,2026-09-19T08:24:24.609Z,100,OPERATING,3407ebac-c575-4c31-b794-1d271014d303
tokyo_disneysea,tds_fs_a_003,2026-09-19T08:24:24.658Z,30,OPERATING,e8c15bc6-aaab-44ef-8285-1d92ebd2c47d
tokyo_disneysea,tds_ml_a_004,2026-09-19T08:24:05.513Z,20,OPERATING,2d56558a-d4d2-4f79-898c-178c2c20cf67
tokyo_disneysea,tds_ac_a_001,2026-09-19T08:24:05.505Z,15,OPERATING,76aed95a-dce8-4d03-8c2a-8ad69b3d0d4a
tokyo_disneysea,tds_lrd_a_002,2026-09-19T08:24:24.625Z,30,OPERATING,dd942cd2-b364-4262-af12-ca1a5012528b
tokyo_disneysea,tds_fs_a_002,2026-09-19T08:24:24.650Z,30,OPERATING,10b5b89e-02a6-4456-9ddd-69e06c2bded4
tokyo_disneysea,tds_fs_a_001,2026-09-19T08:24:24.641Z,120,OPERATING,9fb0c97c-ebf7-4c25-8ea7-a3f4fe2aa9ec
tokyo_disneysea,tds_mh_a_001,2026-09-19T08:20:35.082Z,20,OPERATING,2ca8f848-b8e2-4ba5-aa6e-e0fb37e85d0b
tokyo_disneysea,tds_ml_a_003,2026-09-19T08:24:05.521Z,20,OPERATING,58815e8e-7c01-4a42-8a00-1bd1c82a0252
tokyo_disneysea,tds_ml_a_007,2026-09-19T08:24:05.539Z,20,OPERATING,7594d3f2-b3d1-47a0-b64f-8bc01d373830
tokyo_disneysea,tds_aw_a_003,2026-09-19T08:24:24.600Z,120,OPERATING,abb5d6ec-469e-4ab0-8685-5f04e9749653
tokyo_disneysea,tds_aw_a_002,2026-09-19T08:24:24.633Z,30,OPERATING,4ca7254c-7abc-4e52-82e0-9c562c096494
tokyo_disneysea,tds_mi_a_002,2026-09-19T08:24:24.617Z,70,OPERATING,c8526be3-e82c-4692-ae44-e8f2d1142c8a
tokyo_disneysea,tds_ml_a_002,2026-09-19T08:24:05.530Z,20,OPERATING,c6c0d34d-531a-40d9-b711-3497fd53c28b
tokyo_disneysea,tds_mh_a_003,2026-09-19T08:26:35.533Z,120,OPERATING,3407ebac-c575-4c31-b794-1d271014d303
tokyo_disneysea,tds_aw_a_004,2026-09-19T08:30:06.408Z,15,OPERATING,2daf12ac-21fd-4bfd-bbf6-0c98bed03e8f
tokyo_disneysea,tds_mh_a_001,2026-09-19T08:30:06.395Z,30,OPERATING,2ca8f848-b8e2-4ba5-aa6e-e0fb37e85d0b
tokyo_disneysea,tds_ac_a_003,2026-09-19T08:30:06.420Z,5,OPERATING,63ef07eb-9bfb-4782-885e-cfd08ced82f0
tokyo_disneysea,tds_mi_a_001,2026-09-19T08:25:43.185Z,10,OPERATING,c15da0f5-9668-48ee-b93a-8b737b6acf5b
tokyo_disneysea,tds_mi_a_002,2026-09-19T08:26:35.541Z,60,OPERATING,c8526be3-e82c-4692-ae44-e8f2d1142c8a
tokyo_disneysea,tds_ml_a_002,2026-09-19T08:28:37.379Z,15,OPERATING,c6c0d34d-531a-40d9-b711-3497fd53c28b
tokyo_disneysea,tds_mh_a_003,2026-09-19T08:34:37.957Z,140,OPERATING,3407ebac-c575-4c31-b794-1d271014d303
tokyo_disneysea,tds_fs_a_003,2026-09-19T08:34:38.001Z,25,OPERATING,e8c15bc6-aaab-44ef-8285-1d92ebd2c47d
tokyo_disneysea,tds_lrd_a_002,2026-09-19T08:34:37.972Z,40,OPERATING,dd942cd2-b364-4262-af12-ca1a5012528b
tokyo_disneysea,tds_fs_a_002,2026-09-19T08:34:37.993Z,30,OPERATING,10b5b89e-02a6-4456-9ddd-69e06c2bded4
tokyo_disneysea,tds_fs_a_001,2026-09-19T08:34:37.986Z,120,OPERATING,9fb0c97c-ebf7-4c25-8ea7-a3f4fe2aa9ec
tokyo_disneysea,tds_ml_a_003,2026-09-19T08:31:37.493Z,15,OPERATING,58815e8e-7c01-4a42-8a00-1bd1c82a0252
tokyo_disneysea,tds_pd_a_003,2026-09-19T08:31:37.485Z,15,OPERATING,c8744918-42c0-427d-8947-c3dbd1abf8d5
tokyo_disneysea,tds_ml_a_007,2026-09-19T08:31:37.500Z,15,OPERATING,7594d3f2-b3d1-47a0-b64f-8bc01d373830
tokyo_disneysea,tds_aw_a_003,2026-09-19T08:34:37.951Z,120,OPERATING,abb5d6ec-469e-4ab0-8685-5f04e9749653
tokyo_disneysea,tds_aw_a_002,2026-09-19T08:34:37.979Z,30,OPERATING,4ca7254c-7abc-4e52-82e0-9c562c096494
tokyo_disneysea,tds_mi_a_002,2026-09-19T08:34:37.965Z,60,OPERATING,c8526be3-e82c-4692-ae44-e8f2d1142c8a
tokyo_disneysea,tds_mh_a_003,2026-09-19T08:36:29.732Z,140,OPERATING,3407ebac-c575-4c31-b794-1d271014d303
tokyo_disneysea,tds_lrd_a_002,2026-09-19T08:36:29.738Z,40,OPERATING,dd942cd2-b364-4262-af12-ca1a5012528b
tokyo_disneysea,tds_fs_a_002,2026-09-19T08:39:14.349Z,50,OPERATING,10b5b89e-02a6-4456-9ddd-69e06c2bded4
tokyo_disneysea,tds_aw_a_001,2026-09-19T08:36:29.746Z,15,OPERATING,71943126-e4ac-49c5-ac61-ac1687ad33af
tokyo_disneysea,tds_mi_a_001,2026-09-19T08:37:38.066Z,5,OPERATING,c15da0f5-9668-48ee-b93a-8b737b6acf5b
tokyo_disneysea,tds_pd_a_002,2026-09-19T08:39:14.338Z,15,OPERATING,179e4e82-26ed-4b04-bf21-f03808b61df4
tokyo_disneysea,tds_fs_a_003,2026-09-19T08:43:40.270Z,30,OPERATING,e8c15bc6-aaab-44ef-8285-1d92ebd2c47d
tokyo_disneysea,tds_fs_a_002,2026-09-19T08:43:40.263Z,50,OPERATING,10b5b89e-02a6-4456-9ddd-69e06c2bded4
tokyo_disneysea,tds_fs_a_001,2026-09-19T08:43:40.257Z,120,OPERATING,9fb0c97c-ebf7-4c25-8ea7-a3f4fe2aa9ec
tokyo_disneysea,tds_ml_a_005,2026-09-19T08:43:38.336Z,15,OPERATING,f37d7fe8-169f-459d-86f3-4843655358bd
tokyo_disneysea,tds_ml_a_007,2026-09-19T08:43:38.344Z,20,OPERATING,7594d3f2-b3d1-47a0-b64f-8bc01d373830
tokyo_disneysea,tds_aw_a_003,2026-09-19T08:43:40.238Z,120,OPERATING,abb5d6ec-469e-4ab0-8685-5f04e9749653
tokyo_disneysea,tds_aw_a_002,2026-09-19T08:43:40.250Z,50,OPERATING,4ca7254c-7abc-4e52-82e0-9c562c096494
tokyo_disneysea,tds_mi_a_002,2026-09-19T08:43:40.244Z,60,OPERATING,c8526be3-e82c-4692-ae44-e8f2d1142c8a
tokyo_disneysea,tds_ml_a_002,2026-09-19T08:43:38.327Z,10,OPERATING,c6c0d34d-531a-40d9-b711-3497fd53c28b
tokyo_disneysea,tds_mh_a_003,2026-09-19T08:50:06.967Z,160,OPERATING,3407ebac-c575-4c31-b794-1d271014d303
tokyo_disneysea,tds_fs_a_003,2026-09-19T08:45:57.317Z,30,OPERATING,e8c15bc6-aaab-44ef-8285-1d92ebd2c47d
tokyo_disneysea,tds_lrd_a_002,2026-09-19T08:45:57.277Z,40,OPERATING,dd942cd2-b364-4262-af12-ca1a5012528b
tokyo_disneysea,tds_fs_a_002,2026-09-19T08:49:22.839Z,40,OPERATING,10b5b89e-02a6-4456-9ddd-69e06c2bded4
tokyo_disneysea,tds_fs_a_001,2026-09-19T08:45:57.301Z,120,OPERATING,9fb0c97c-ebf7-4c25-8ea7-a3f4fe2aa9ec
tokyo_disneysea,tds_aw_a_001,2026-09-19T08:45:57.292Z,20,OPERATING,71943126-e4ac-49c5-ac61-ac1687ad33af
tokyo_disneysea,tds_ml_a_005,2026-09-19T08:45:57.259Z,20,OPERATING,f37d7fe8-169f-459d-86f3-4843655358bd
tokyo_disneysea,tds_ml_a_007,2026-09-19T08:45:57.268Z,15,OPERATING,7594d3f2-b3d1-47a0-b64f-8bc01d373830
tokyo_disneysea,tds_aw_a_003,2026-09-19T08:45:57.234Z,120,OPERATING,abb5d6ec-469e-4ab0-8685-5f04e9749653
tokyo_disneysea,tds_aw_a_002,2026-09-19T08:50:07.003Z,60,OPERATING,4ca7254c-7abc-4e52-82e0-9c562c096494
tokyo_disneysea,tds_mi_a_002,2026-09-19T08:45:57.251Z,60,OPERATING,c8526be3-e82c-4692-ae44-e8f2d1142c8a
tokyo_disneysea,tds_mh_a_003,2026-09-19T08:55:04.267Z,140,OPERATING,3407ebac-c575-4c31-b794-1d271014d303
tokyo_disneysea,tds_fs_a_003,2026-09-19T08:54:15.836Z,30,OPERATING,e8c15bc6-aaab-44ef-8285-1d92ebd2c47d
tokyo_disneysea,tds_ac_a_001,2026-09-19T08:54:15.791Z,20,OPERATING,76aed95a-dce8-4d03-8c2a-8ad69b3d0d4a
tokyo_disneysea,tds_lrd_a_002,2026-09-19T08:54:15.798Z,40,OPERATING,dd942cd2-b364-4262-af12-ca1a5012528b
tokyo_disneysea,tds_fs_a_001,2026-09-19T08:54:15.828Z,120,OPERATING,9fb0c97c-ebf7-4c25-8ea7-a3f4fe2aa9ec
tokyo_disneysea,tds_aw_a_001,2026-09-19T08:54:15.810Z,15,OPERATING,71943126-e4ac-49c5-ac61-ac1687ad33af
tokyo_disneysea,tds_ml_a_005,2026-09-19T08:51:03.658Z,15,OPERATING,f37d7fe8-169f-459d-86f3-4843655358bd
tokyo_disneysea,tds_aw_a_003,2026-09-19T08:54:15.771Z,120,OPERATING,abb5d6ec-469e-4ab0-8685-5f04e9749653
tokyo_disneysea,tds_aw_a_002,2026-09-19T08:54:15.804Z,60,OPERATING,4ca7254c-7abc-4e52-82e0-9c562c096494
tokyo_disneysea,tds_mi_a_002,2026-09-19T08:54:15.784Z,60,OPERATING,c8526be3-e82c-4692-ae44-e8f2d1142c8a
tokyo_disneysea,tds_pd_a_002,2026-09-19T08:54:15.818Z,20,OPERATING,179e4e82-26ed-4b04-bf21-f03808b61df4
tokyo_disneysea,tds_fs_a_003,2026-09-19T08:58:04.295Z,30,OPERATING,e8c15bc6-aaab-44ef-8285-1d92ebd2c47d
tokyo_disneysea,tds_ml_a_004,2026-09-19T08:57:49.212Z,15,OPERATING,2d56558a-d4d2-4f79-898c-178c2c20cf67
tokyo_disneysea,tds_lrd_a_002,2026-09-19T08:58:04.265Z,30,OPERATING,dd942cd2-b364-4262-af12-ca1a5012528b
tokyo_disneysea,tds_fs_a_002,2026-09-19T08:58:04.289Z,40,OPERATING,10b5b89e-02a6-4456-9ddd-69e06c2bded4
tokyo_disneysea,tds_fs_a_001,2026-09-19T08:58:04.280Z,120,OPERATING,9fb0c97c-ebf7-4c25-8ea7-a3f4fe2aa9ec
tokyo_disneysea,tds_ml_a_003,2026-09-19T08:57:49.219Z,10,OPERATING,58815e8e-7c01-4a42-8a00-1bd1c82a0252
tokyo_disneysea,tds_pd_a_003,2026-09-19T08:57:49.205Z,20,OPERATING,c8744918-42c0-427d-8947-c3dbd1abf8d5
tokyo_disneysea,tds_aw_a_003,2026-09-19T08:58:04.248Z,120,OPERATING,abb5d6ec-469e-4ab0-8685-5f04e9749653
tokyo_disneysea,tds_aw_a_002,2026-09-19T08:58:04.272Z,60,OPERATING,4ca7254c-7abc-4e52-82e0-9c562c096494
tokyo_disneysea,tds_mi_a_002,2026-09-19T08:58:04.255Z,60,OPERATING,c8526be3-e82c-4692-ae44-e8f2d1142c8a
tokyo_disneysea,tds_fs_a_002,2026-09-19T09:01:04.781Z,30,OPERATING,10b5b89e-02a6-4456-9ddd-69e06c2bded4
tokyo_disneysea,tds_fs_a_001,2026-09-19T09:04:08.438Z,100,OPERATING,9fb0c97c-ebf7-4c25-8ea7-a3f4fe2aa9ec
tokyo_disneysea,tds_aw_a_001,2026-09-19T09:00:35.352Z,20,OPERATING,71943126-e4ac-49c5-ac61-ac1687ad33af
tokyo_disneysea,tds_pd_a_003,2026-09-19T09:04:06.080Z,20,OPERATING,c8744918-42c0-427d-8947-c3dbd1abf8d5
tokyo_disneysea,tds_fs_a_004,2026-09-19T09:04:06.100Z,30,OPERATING,c0224e78-abf6-4f89-b0d4-38647a98dd4d
tokyo_disneysea,tds_mi_a_002,2026-09-19T09:01:04.762Z,70,OPERATING,c8526be3-e82c-4692-ae44-e8f2d1142c8a
tokyo_disneysea,tds_mh_a_003,2026-09-19T09:06:31.265Z,140,OPERATING,3407ebac-c575-4c31-b794-1d271014d303
tokyo_disneysea,tds_fs_a_003,2026-09-19T09:07:12.882Z,25,OPERATING,e8c15bc6-aaab-44ef-8285-1d92ebd2c47d
tokyo_disneysea,tds_lrd_a_002,2026-09-19T09:06:31.301Z,30,OPERATING,dd942cd2-b364-4262-af12-ca1a5012528b
tokyo_disneysea,tds_fs_a_002,2026-09-19T09:06:31.318Z,30,OPERATING,10b5b89e-02a6-4456-9ddd-69e06c2bded4
tokyo_disneysea,tds_fs_a_001,2026-09-19T09:07:12.874Z,90,OPERATING,9fb0c97c-ebf7-4c25-8ea7-a3f4fe2aa9ec
tokyo_disneysea,tds_aw_a_003,2026-09-19T09:06:31.258Z,120,OPERATING,abb5d6ec-469e-4ab0-8685-5f04e9749653
tokyo_disneysea,tds_aw_a_002,2026-09-19T09:06:31.311Z,60,OPERATING,4ca7254c-7abc-4e52-82e0-9c562c096494
tokyo_disneysea,tds_mi_a_002,2026-09-19T09:06:31.273Z,70,OPERATING,c8526be3-e82c-4692-ae44-e8f2d1142c8a
tokyo_disneysea,tds_mh_a_003,2026-09-19T09:10:21.994Z,140,OPERATING,3407ebac-c575-4c31-b794-1d271014d303
tokyo_disneysea,tds_fs_a_003,2026-09-19T09:10:22.046Z,25,OPERATING,e8c15bc6-aaab-44ef-8285-1d92ebd2c47d
tokyo_disneysea,tds_aw_a_004,2026-09-19T09:10:07.805Z,20,OPERATING,2daf12ac-21fd-4bfd-bbf6-0c98bed03e8f
tokyo_disneysea,tds_lrd_a_002,2026-09-19T09:10:22.014Z,30,OPERATING,dd942cd2-b364-4262-af12-ca1a5012528b
tokyo_disneysea,tds_fs_a_002,2026-09-19T09:10:22.034Z,30,OPERATING,10b5b89e-02a6-4456-9ddd-69e06c2bded4
tokyo_disneysea,tds_fs_a_001,2026-09-19T09:10:22.027Z,90,OPERATING,9fb0c97c-ebf7-4c25-8ea7-a3f4fe2aa9ec
tokyo_disneysea,tds_aw_a_001,2026-09-19T09:13:31.954Z,20,OPERATING,71943126-e4ac-49c5-ac61-ac1687ad33af
tokyo_disneysea,tds_aw_a_003,2026-09-19T09:10:21.985Z,120,OPERATING,abb5d6ec-469e-4ab0-8685-5f04e9749653
tokyo_disneysea,tds_aw_a_002,2026-09-19T09:10:22.020Z,60,OPERATING,4ca7254c-7abc-4e52-82e0-9c562c096494
tokyo_disneysea,tds_mi_a_002,2026-09-19T09:13:31.947Z,60,OPERATING,c8526be3-e82c-4692-ae44-e8f2d1142c8a
tokyo_disneysea,tds_mh_a_003,2026-09-19T09:19:08.721Z,140,OPERATING,3407ebac-c575-4c31-b794-1d271014d303
tokyo_disneysea,tds_fs_a_003,2026-09-19T09:19:08.792Z,25,OPERATING,e8c15bc6-aaab-44ef-8285-1d92ebd2c47d
tokyo_disneysea,tds_ac_a_002,2026-09-19T09:19:08.729Z,20,OPERATING,abbf5b3e-94e5-420a-8257-34594cd9d590
tokyo_disneysea,tds_ac_a_001,2026-09-19T09:19:08.747Z,15,OPERATING,76aed95a-dce8-4d03-8c2a-8ad69b3d0d4a
tokyo_disneysea,tds_lrd_a_002,2026-09-19T09:19:08.756Z,30,OPERATING,dd942cd2-b364-4262-af12-ca1a5012528b
tokyo_disneysea,tds_fs_a_002,2026-09-19T09:19:08.781Z,30,OPERATING,10b5b89e-02a6-4456-9ddd-69e06c2bded4
tokyo_disneysea,tds_fs_a_001,2026-09-19T09:19:20.114Z,80,OPERATING,9fb0c97c-ebf7-4c25-8ea7-a3f4fe2aa9ec
tokyo_disneysea,tds_ml_a_005,2026-09-19T09:16:22.943Z,20,OPERATING,f37d7fe8-169f-459d-86f3-4843655358bd
tokyo_disneysea,tds_aw_a_003,2026-09-19T09:19:20.107Z,120,OPERATING,abb5d6ec-469e-4ab0-8685-5f04e9749653
tokyo_disneysea,tds_aw_a_002,2026-09-19T09:19:08.764Z,70,OPERATING,4ca7254c-7abc-4e52-82e0-9c562c096494
tokyo_disneysea,tds_mi_a_002,2026-09-19T09:19:08.737Z,60,OPERATING,c8526be3-e82c-4692-ae44-e8f2d1142c8a
tokyo_disneysea,tds_ml_a_002,2026-09-19T09:16:22.933Z,5,OPERATING,c6c0d34d-531a-40d9-b711-3497fd53c28b
tokyo_disneysea,tds_pd_a_002,2026-09-19T09:16:22.961Z,15,OPERATING,179e4e82-26ed-4b04-bf21-f03808b61df4
tokyo_disneysea,tds_mh_a_003,2026-09-19T09:22:20.433Z,140,OPERATING,3407ebac-c575-4c31-b794-1d271014d303
tokyo_disneysea,tds_fs_a_003,2026-09-19T09:22:20.493Z,25,OPERATING,e8c15bc6-aaab-44ef-8285-1d92ebd2c47d
tokyo_disneysea,tds_ml_a_004,2026-09-19T09:22:20.458Z,10,OPERATING,2d56558a-d4d2-4f79-898c-178c2c20cf67
tokyo_disneysea,tds_ac_a_001,2026-09-19T09:22:20.452Z,20,OPERATING,76aed95a-dce8-4d03-8c2a-8ad69b3d0d4a
tokyo_disneysea,tds_lrd_a_002,2026-09-19T09:22:20.473Z,30,OPERATING,dd942cd2-b364-4262-af12-ca1a5012528b
tokyo_disneysea,tds_fs_a_002,2026-09-19T09:22:39.050Z,25,OPERATING,10b5b89e-02a6-4456-9ddd-69e06c2bded4
tokyo_disneysea,tds_aw_a_003,2026-09-19T09:22:39.031Z,100,OPERATING,abb5d6ec-469e-4ab0-8685-5f04e9749653
tokyo_disneysea,tds_aw_a_002,2026-09-19T09:22:39.041Z,80,OPERATING,4ca7254c-7abc-4e52-82e0-9c562c096494
tokyo_disneysea,tds_mi_a_002,2026-09-19T09:22:20.440Z,60,OPERATING,c8526be3-e82c-4692-ae44-e8f2d1142c8a
tokyo_disneysea,tds_ml_a_002,2026-09-19T09:22:20.465Z,10,OPERATING,c6c0d34d-531a-40d9-b711-3497fd53c28b
tokyo_disneysea,tds_mh_a_003,2026-09-19T09:27:32.047Z,120,OPERATING,3407ebac-c575-4c31-b794-1d271014d303
tokyo_disneysea,tds_fs_a_003,2026-09-19T09:27:32.096Z,20,OPERATING,e8c15bc6-aaab-44ef-8285-1d92ebd2c47d
tokyo_disneysea,tds_ml_a_004,2026-09-19T09:27:32.063Z,15,OPERATING,2d56558a-d4d2-4f79-898c-178c2c20cf67
tokyo_disneysea,tds_aw_a_004,2026-09-19T09:25:21.103Z,25,OPERATING,2daf12ac-21fd-4bfd-bbf6-0c98bed03e8f
tokyo_disneysea,tds_lrd_a_002,2026-09-19T09:27:32.071Z,30,OPERATING,dd942cd2-b364-4262-af12-ca1a5012528b
tokyo_disneysea,tds_fs_a_001,2026-09-19T09:27:32.087Z,80,OPERATING,9fb0c97c-ebf7-4c25-8ea7-a3f4fe2aa9ec
tokyo_disneysea,tds_aw_a_003,2026-09-19T09:28:20.800Z,90,OPERATING,abb5d6ec-469e-4ab0-8685-5f04e9749653
tokyo_disneysea,tds_aw_a_002,2026-09-19T09:27:32.079Z,90,OPERATING,4ca7254c-7abc-4e52-82e0-9c562c096494
tokyo_disneysea,tds_mi_a_002,2026-09-19T09:27:32.055Z,60,OPERATING,c8526be3-e82c-4692-ae44-e8f2d1142c8a
tokyo_disneysea,tds_mh_a_003,2026-09-19T09:32:57.526Z,100,OPERATING,3407ebac-c575-4c31-b794-1d271014d303
tokyo_disneysea,tds_aw_a_004,2026-09-19T09:31:26.106Z,20,OPERATING,2daf12ac-21fd-4bfd-bbf6-0c98bed03e8f
tokyo_disneysea,tds_aw_a_001,2026-09-19T09:31:26.124Z,25,OPERATING,71943126-e4ac-49c5-ac61-ac1687ad33af
tokyo_disneysea,tds_aw_a_002,2026-09-19T09:31:28.515Z,80,OPERATING,4ca7254c-7abc-4e52-82e0-9c562c096494
tokyo_disneysea,tds_mh_a_003,2026-09-19T09:39:28.221Z,100,OPERATING,3407ebac-c575-4c31-b794-1d271014d303
tokyo_disneysea,tds_fs_a_003,2026-09-19T09:39:28.260Z,20,OPERATING,e8c15bc6-aaab-44ef-8285-1d92ebd2c47d
tokyo_disneysea,tds_lrd_a_002,2026-09-19T09:39:28.235Z,30,OPERATING,dd942cd2-b364-4262-af12-ca1a5012528b
tokyo_disneysea,tds_fs_a_002,2026-09-19T09:39:28.254Z,25,OPERATING,10b5b89e-02a6-4456-9ddd-69e06c2bded4
tokyo_disneysea,tds_fs_a_001,2026-09-19T09:39:28.248Z,80,OPERATING,9fb0c97c-ebf7-4c25-8ea7-a3f4fe2aa9ec
tokyo_disneysea,tds_pd_a_003,2026-09-19T09:35:57.418Z,15,OPERATING,c8744918-42c0-427d-8947-c3dbd1abf8d5
tokyo_disneysea,tds_aw_a_003,2026-09-19T09:39:28.214Z,90,OPERATING,abb5d6ec-469e-4ab0-8685-5f04e9749653
tokyo_disneysea,tds_aw_a_002,2026-09-19T09:39:28.241Z,80,OPERATING,4ca7254c-7abc-4e52-82e0-9c562c096494
tokyo_disneysea,tds_mi_a_002,2026-09-19T09:39:28.228Z,60,OPERATING,c8526be3-e82c-4692-ae44-e8f2d1142c8a
tokyo_disneysea,tds_ml_a_004,2026-09-19T09:42:07.846Z,25,OPERATING,2d56558a-d4d2-4f79-898c-178c2c20cf67
tokyo_disneysea,tds_aw_a_001,2026-09-19T09:40:27.657Z,20,OPERATING,71943126-e4ac-49c5-ac61-ac1687ad33af
tokyo_disneysea,tds_pd_a_003,2026-09-19T09:40:27.641Z,20,OPERATING,c8744918-42c0-427d-8947-c3dbd1abf8d5
tokyo_disneysea,tds_ml_a_005,2026-09-19T09:40:27.648Z,15,OPERATING,f37d7fe8-169f-459d-86f3-4843655358bd
tokyo_disneysea,tds_mh_a_003,2026-09-19T09:46:27.825Z,100,OPERATING,3407ebac-c575-4c31-b794-1d271014d303
tokyo_disneysea,tds_fs_a_003,2026-09-19T09:46:27.875Z,20,OPERATING,e8c15bc6-aaab-44ef-8285-1d92ebd2c47d
tokyo_disneysea,tds_ml_a_004,2026-09-19T09:48:28.260Z,20,OPERATING,2d56558a-d4d2-4f79-898c-178c2c20cf67
tokyo_disneysea,tds_aw_a_004,2026-09-19T09:49:27.374Z,15,OPERATING,2daf12ac-21fd-4bfd-bbf6-0c98bed03e8f
tokyo_disneysea,tds_lrd_a_002,2026-09-19T09:46:27.843Z,30,OPERATING,dd942cd2-b364-4262-af12-ca1a5012528b
tokyo_disneysea,tds_fs_a_002,2026-09-19T09:46:27.868Z,25,OPERATING,10b5b89e-02a6-4456-9ddd-69e06c2bded4
tokyo_disneysea,tds_fs_a_001,2026-09-19T09:49:27.382Z,90,OPERATING,9fb0c97c-ebf7-4c25-8ea7-a3f4fe2aa9ec
tokyo_disneysea,tds_aw_a_001,2026-09-19T09:48:28.268Z,25,OPERATING,71943126-e4ac-49c5-ac61-ac1687ad33af
tokyo_disneysea,tds_aw_a_003,2026-09-19T09:46:27.817Z,90,OPERATING,abb5d6ec-469e-4ab0-8685-5f04e9749653
tokyo_disneysea,tds_aw_a_002,2026-09-19T09:46:27.852Z,80,OPERATING,4ca7254c-7abc-4e52-82e0-9c562c096494
tokyo_disneysea,tds_mi_a_002,2026-09-19T09:46:27.834Z,60,OPERATING,c8526be3-e82c-4692-ae44-e8f2d1142c8a
tokyo_disneysea,tds_mh_a_003,2026-09-19T09:52:06.756Z,100,OPERATING,3407ebac-c575-4c31-b794-1d271014d303
tokyo_disneysea,tds_fs_a_003,2026-09-19T09:52:06.815Z,20,OPERATING,e8c15bc6-aaab-44ef-8285-1d92ebd2c47d
tokyo_disneysea,tds_lrd_a_002,2026-09-19T09:52:06.772Z,30,OPERATING,dd942cd2-b364-4262-af12-ca1a5012528b
tokyo_disneysea,tds_fs_a_002,2026-09-19T09:52:06.806Z,25,OPERATING,10b5b89e-02a6-4456-9ddd-69e06c2bded4
tokyo_disneysea,tds_fs_a_001,2026-09-19T09:52:06.797Z,90,OPERATING,9fb0c97c-ebf7-4c25-8ea7-a3f4fe2aa9ec
tokyo_disneysea,tds_aw_a_001,2026-09-19T09:52:06.788Z,20,OPERATING,71943126-e4ac-49c5-ac61-ac1687ad33af
tokyo_disneysea,tds_aw_a_003,2026-09-19T09:52:06.748Z,90,OPERATING,abb5d6ec-469e-4ab0-8685-5f04e9749653
tokyo_disneysea,tds_aw_a_002,2026-09-19T09:52:27.644Z,70,OPERATING,4ca7254c-7abc-4e52-82e0-9c562c096494
tokyo_disneysea,tds_mi_a_002,2026-09-19T09:52:06.763Z,60,OPERATING,c8526be3-e82c-4692-ae44-e8f2d1142c8a
tokyo_disneysea,tds_mh_a_003,2026-09-19T09:58:28.174Z,100,OPERATING,3407ebac-c575-4c31-b794-1d271014d303
tokyo_disneysea,tds_fs_a_003,2026-09-19T09:58:28.217Z,20,OPERATING,e8c15bc6-aaab-44ef-8285-1d92ebd2c47d
tokyo_disneysea,tds_lrd_a_002,2026-09-19T09:58:28.192Z,30,OPERATING,dd942cd2-b364-4262-af12-ca1a5012528b
tokyo_disneysea,tds_fs_a_002,2026-09-19T09:58:28.208Z,20,OPERATING,10b5b89e-02a6-4456-9ddd-69e06c2bded4
tokyo_disneysea,tds_fs_a_001,2026-09-19T09:58:28.200Z,90,OPERATING,9fb0c97c-ebf7-4c25-8ea7-a3f4fe2aa9ec
tokyo_disneysea,tds_ml_a_007,2026-09-19T09:55:27.881Z,10,OPERATING,7594d3f2-b3d1-47a0-b64f-8bc01d373830
tokyo_disneysea,tds_aw_a_003,2026-09-19T09:58:28.166Z,90,OPERATING,abb5d6ec-469e-4ab0-8685-5f04e9749653
tokyo_disneysea,tds_mi_a_002,2026-09-19T09:58:28.183Z,60,OPERATING,c8526be3-e82c-4692-ae44-e8f2d1142c8a
tokyo_disneysea,tds_mh_a_003,2026-09-19T10:04:00.405Z,100,OPERATING,3407ebac-c575-4c31-b794-1d271014d303
tokyo_disneysea,tds_fs_a_003,2026-09-19T10:04:00.469Z,20,OPERATING,e8c15bc6-aaab-44ef-8285-1d92ebd2c47d
tokyo_disneysea,tds_ml_a_004,2026-09-19T10:01:35.427Z,15,OPERATING,2d56558a-d4d2-4f79-898c-178c2c20cf67
tokyo_disneysea,tds_lrd_a_002,2026-09-19T10:04:00.428Z,30,OPERATING,dd942cd2-b364-4262-af12-ca1a5012528b
tokyo_disneysea,tds_fs_a_002,2026-09-19T10:04:00.460Z,20,OPERATING,10b5b89e-02a6-4456-9ddd-69e06c2bded4
tokyo_disneysea,tds_fs_a_001,2026-09-19T10:04:00.450Z,90,OPERATING,9fb0c97c-ebf7-4c25-8ea7-a3f4fe2aa9ec
tokyo_disneysea,tds_ml_a_007,2026-09-19T10:00:30.611Z,5,OPERATING,7594d3f2-b3d1-47a0-b64f-8bc01d373830
tokyo_disneysea,tds_aw_a_003,2026-09-19T10:04:00.391Z,90,OPERATING,abb5d6ec-469e-4ab0-8685-5f04e9749653
tokyo_disneysea,tds_aw_a_002,2026-09-19T10:04:00.440Z,70,OPERATING,4ca7254c-7abc-4e52-82e0-9c562c096494
tokyo_disneysea,tds_mi_a_002,2026-09-19T10:04:00.415Z,60,OPERATING,c8526be3-e82c-4692-ae44-e8f2d1142c8a
tokyo_disneysea,tds_aw_a_002,2026-09-19T10:10:00.968Z,50,OPERATING,4ca7254c-7abc-4e52-82e0-9c562c096494
tokyo_disneysea,tds_mi_a_002,2026-09-19T10:07:52.735Z,50,OPERATING,c8526be3-e82c-4692-ae44-e8f2d1142c8a
tokyo_disneysea,tds_mh_a_003,2026-09-19T10:11:01.647Z,100,OPERATING,3407ebac-c575-4c31-b794-1d271014d303
tokyo_disneysea,tds_fs_a_003,2026-09-19T10:14:06.897Z,15,OPERATING,e8c15bc6-aaab-44ef-8285-1d92ebd2c47d
tokyo_disneysea,tds_lrd_a_002,2026-09-19T10:14:06.884Z,25,OPERATING,dd942cd2-b364-4262-af12-ca1a5012528b
tokyo_disneysea,tds_fs_a_002,2026-09-19T10:11:01.738Z,20,OPERATING,10b5b89e-02a6-4456-9ddd-69e06c2bded4
tokyo_disneysea,tds_fs_a_001,2026-09-19T10:14:06.891Z,70,OPERATING,9fb0c97c-ebf7-4c25-8ea7-a3f4fe2aa9ec
tokyo_disneysea,tds_ml_a_005,2026-09-19T10:13:08.342Z,10,OPERATING,f37d7fe8-169f-459d-86f3-4843655358bd
tokyo_disneysea,tds_aw_a_003,2026-09-19T10:11:01.605Z,90,OPERATING,abb5d6ec-469e-4ab0-8685-5f04e9749653
tokyo_disneysea,tds_aw_a_002,2026-09-19T10:11:01.679Z,50,OPERATING,4ca7254c-7abc-4e52-82e0-9c562c096494
tokyo_disneysea,tds_mh_a_003,2026-09-19T10:16:19.731Z,100,OPERATING,3407ebac-c575-4c31-b794-1d271014d303
tokyo_disneysea,tds_fs_a_003,2026-09-19T10:16:19.781Z,15,OPERATING,e8c15bc6-aaab-44ef-8285-1d92ebd2c47d
tokyo_disneysea,tds_ml_a_004,2026-09-19T10:16:19.745Z,10,OPERATING,2d56558a-d4d2-4f79-898c-178c2c20cf67
tokyo_disneysea,tds_lrd_a_002,2026-09-19T10:16:19.751Z,25,OPERATING,dd942cd2-b364-4262-af12-ca1a5012528b
tokyo_disneysea,tds_fs_a_002,2026-09-19T10:16:19.773Z,20,OPERATING,10b5b89e-02a6-4456-9ddd-69e06c2bded4
tokyo_disneysea,tds_fs_a_001,2026-09-19T10:16:19.766Z,70,OPERATING,9fb0c97c-ebf7-4c25-8ea7-a3f4fe2aa9ec
tokyo_disneysea,tds_aw_a_003,2026-09-19T10:16:19.725Z,90,OPERATING,abb5d6ec-469e-4ab0-8685-5f04e9749653
tokyo_disneysea,tds_aw_a_002,2026-09-19T10:16:19.759Z,50,OPERATING,4ca7254c-7abc-4e52-82e0-9c562c096494
tokyo_disneysea,tds_mi_a_002,2026-09-19T10:16:19.738Z,50,OPERATING,c8526be3-e82c-4692-ae44-e8f2d1142c8a
tokyo_disneysea,tds_mh_a_003,2026-09-19T10:23:34.857Z,90,OPERATING,3407ebac-c575-4c31-b794-1d271014d303
tokyo_disneysea,tds_fs_a_003,2026-09-19T10:23:34.909Z,15,OPERATING,e8c15bc6-aaab-44ef-8285-1d92ebd2c47d
tokyo_disneysea,tds_aw_a_004,2026-09-19T10:22:15.421Z,10,OPERATING,2daf12ac-21fd-4bfd-bbf6-0c98bed03e8f
tokyo_disneysea,tds_lrd_a_002,2026-09-19T10:23:34.876Z,20,OPERATING,dd942cd2-b364-4262-af12-ca1a5012528b
tokyo_disneysea,tds_fs_a_002,2026-09-19T10:23:34.900Z,20,OPERATING,10b5b89e-02a6-4456-9ddd-69e06c2bded4
tokyo_disneysea,tds_fs_a_001,2026-09-19T10:23:34.892Z,70,OPERATING,9fb0c97c-ebf7-4c25-8ea7-a3f4fe2aa9ec
tokyo_disneysea,tds_aw_a_001,2026-09-19T10:20:37.869Z,15,OPERATING,71943126-e4ac-49c5-ac61-ac1687ad33af
tokyo_disneysea,tds_aw_a_003,2026-09-19T10:23:34.849Z,90,OPERATING,abb5d6ec-469e-4ab0-8685-5f04e9749653
tokyo_disneysea,tds_aw_a_002,2026-09-19T10:23:34.884Z,50,OPERATING,4ca7254c-7abc-4e52-82e0-9c562c096494
tokyo_disneysea,tds_mi_a_002,2026-09-19T10:23:34.868Z,50,OPERATING,c8526be3-e82c-4692-ae44-e8f2d1142c8a
tokyo_disneysea,tds_ml_a_002,2026-09-19T10:20:37.862Z,5,OPERATING,c6c0d34d-531a-40d9-b711-3497fd53c28b
tokyo_disneysea,tds_mh_a_003,2026-09-19T10:29:48.709Z,80,OPERATING,3407ebac-c575-4c31-b794-1d271014d303
tokyo_disneysea,tds_fs_a_003,2026-09-19T10:29:07.640Z,15,OPERATING,e8c15bc6-aaab-44ef-8285-1d92ebd2c47d
tokyo_disneysea,tds_ac_a_002,2026-09-19T10:29:07.597Z,15,OPERATING,abbf5b3e-94e5-420a-8257-34594cd9d590
tokyo_disneysea,tds_lrd_a_002,2026-09-19T10:29:07.612Z,20,OPERATING,dd942cd2-b364-4262-af12-ca1a5012528b
tokyo_disneysea,tds_fs_a_002,2026-09-19T10:29:07.634Z,20,OPERATING,10b5b89e-02a6-4456-9ddd-69e06c2bded4
tokyo_disneysea,tds_fs_a_001,2026-09-19T10:29:07.627Z,70,OPERATING,9fb0c97c-ebf7-4c25-8ea7-a3f4fe2aa9ec
tokyo_disneysea,tds_aw_a_003,2026-09-19T10:29:07.582Z,90,OPERATING,abb5d6ec-469e-4ab0-8685-5f04e9749653
tokyo_disneysea,tds_aw_a_002,2026-09-19T10:29:48.717Z,40,OPERATING,4ca7254c-7abc-4e52-82e0-9c562c096494
tokyo_disneysea,tds_mi_a_002,2026-09-19T10:29:07.604Z,60,OPERATING,c8526be3-e82c-4692-ae44-e8f2d1142c8a
tokyo_disneysea,tds_fs_a_003,2026-09-19T10:34:55.347Z,10,OPERATING,e8c15bc6-aaab-44ef-8285-1d92ebd2c47d
tokyo_disneysea,tds_aw_a_004,2026-09-19T10:34:55.330Z,5,OPERATING,2daf12ac-21fd-4bfd-bbf6-0c98bed03e8f
tokyo_disneysea,tds_ac_a_001,2026-09-19T10:31:27.830Z,5,OPERATING,76aed95a-dce8-4d03-8c2a-8ad69b3d0d4a
tokyo_disneysea,tds_fs_a_001,2026-09-19T10:34:55.338Z,60,OPERATING,9fb0c97c-ebf7-4c25-8ea7-a3f4fe2aa9ec
tokyo_disneysea,tds_aw_a_001,2026-09-19T10:31:27.840Z,20,OPERATING,71943126-e4ac-49c5-ac61-ac1687ad33af
tokyo_disneysea,tds_fs_a_003,2026-09-19T10:36:12.805Z,10,OPERATING,e8c15bc6-aaab-44ef-8285-1d92ebd2c47d
tokyo_disneysea,tds_lrd_a_002,2026-09-19T10:36:12.770Z,20,OPERATING,dd942cd2-b364-4262-af12-ca1a5012528b
tokyo_disneysea,tds_fs_a_002,2026-09-19T10:36:12.796Z,20,OPERATING,10b5b89e-02a6-4456-9ddd-69e06c2bded4
tokyo_disneysea,tds_fs_a_001,2026-09-19T10:36:12.787Z,60,OPERATING,9fb0c97c-ebf7-4c25-8ea7-a3f4fe2aa9ec
tokyo_disneysea,tds_aw_a_001,2026-09-19T10:36:12.779Z,15,OPERATING,71943126-e4ac-49c5-ac61-ac1687ad33af
tokyo_disneysea,tds_aw_a_003,2026-09-19T10:36:12.748Z,90,OPERATING,abb5d6ec-469e-4ab0-8685-5f04e9749653
tokyo_disneysea,tds_fs_a_004,2026-09-19T10:37:37.778Z,25,OPERATING,c0224e78-abf6-4f89-b0d4-38647a98dd4d
tokyo_disneysea,tds_aw_a_002,2026-09-19T10:39:15.316Z,30,OPERATING,4ca7254c-7abc-4e52-82e0-9c562c096494
tokyo_disneysea,tds_mi_a_002,2026-09-19T10:39:15.309Z,50,OPERATING,c8526be3-e82c-4692-ae44-e8f2d1142c8a
tokyo_disneysea,tds_mh_a_003,2026-09-19T10:41:29.020Z,80,OPERATING,3407ebac-c575-4c31-b794-1d271014d303
tokyo_disneysea,tds_fs_a_003,2026-09-19T10:41:29.083Z,10,OPERATING,e8c15bc6-aaab-44ef-8285-1d92ebd2c47d
tokyo_disneysea,tds_lrd_a_002,2026-09-19T10:41:29.038Z,20,OPERATING,dd942cd2-b364-4262-af12-ca1a5012528b
tokyo_disneysea,tds_fs_a_002,2026-09-19T10:41:29.073Z,20,OPERATING,10b5b89e-02a6-4456-9ddd-69e06c2bded4
tokyo_disneysea,tds_fs_a_001,2026-09-19T10:41:29.060Z,60,OPERATING,9fb0c97c-ebf7-4c25-8ea7-a3f4fe2aa9ec
tokyo_disneysea,tds_ml_a_005,2026-09-19T10:42:37.035Z,5,OPERATING,f37d7fe8-169f-459d-86f3-4843655358bd
tokyo_disneysea,tds_aw_a_003,2026-09-19T10:41:29.013Z,90,OPERATING,abb5d6ec-469e-4ab0-8685-5f04e9749653
tokyo_disneysea,tds_fs_a_004,2026-09-19T10:42:37.044Z,30,OPERATING,c0224e78-abf6-4f89-b0d4-38647a98dd4d
tokyo_disneysea,tds_aw_a_002,2026-09-19T10:41:29.047Z,30,OPERATING,4ca7254c-7abc-4e52-82e0-9c562c096494
tokyo_disneysea,tds_mi_a_002,2026-09-19T10:41:29.029Z,50,OPERATING,c8526be3-e82c-4692-ae44-e8f2d1142c8a
tokyo_disneysea,tds_ac_a_002,2026-09-19T10:47:55.141Z,10,OPERATING,abbf5b3e-94e5-420a-8257-34594cd9d590
tokyo_disneysea,tds_lrd_a_002,2026-09-19T10:47:55.166Z,15,OPERATING,dd942cd2-b364-4262-af12-ca1a5012528b
tokyo_disneysea,tds_aw_a_001,2026-09-19T10:47:55.174Z,20,OPERATING,71943126-e4ac-49c5-ac61-ac1687ad33af
tokyo_disneysea,tds_pd_a_003,2026-09-19T10:47:55.158Z,15,OPERATING,c8744918-42c0-427d-8947-c3dbd1abf8d5
tokyo_disneysea,tds_aw_a_003,2026-09-19T10:47:55.131Z,80,OPERATING,abb5d6ec-469e-4ab0-8685-5f04e9749653
tokyo_disneysea,tds_mi_a_002,2026-09-19T10:47:55.150Z,40,OPERATING,c8526be3-e82c-4692-ae44-e8f2d1142c8a
tokyo_disneysea,tds_fs_a_003,2026-09-19T10:54:33.204Z,10,OPERATING,e8c15bc6-aaab-44ef-8285-1d92ebd2c47d
tokyo_disneysea,tds_mh_a_003,2026-09-19T10:54:33.150Z,80,OPERATING,3407ebac-c575-4c31-b794-1d271014d303
tokyo_disneysea,tds_ac_a_002,2026-09-19T10:54:33.158Z,5,OPERATING,abbf5b3e-94e5-420a-8257-34594cd9d590
tokyo_disneysea,tds_lrd_a_002,2026-09-19T10:54:33.179Z,15,OPERATING,dd942cd2-b364-4262-af12-ca1a5012528b
tokyo_disneysea,tds_fs_a_002,2026-09-19T10:54:33.198Z,15,OPERATING,10b5b89e-02a6-4456-9ddd-69e06c2bded4
tokyo_disneysea,tds_fs_a_001,2026-09-19T10:54:33.192Z,60,OPERATING,9fb0c97c-ebf7-4c25-8ea7-a3f4fe2aa9ec
tokyo_disneysea,tds_aw_a_001,2026-09-19T10:52:04.030Z,15,OPERATING,71943126-e4ac-49c5-ac61-ac1687ad33af
tokyo_disneysea,tds_ml_a_003,2026-09-19T10:54:33.172Z,5,OPERATING,58815e8e-7c01-4a42-8a00-1bd1c82a0252
tokyo_disneysea,tds_aw_a_003,2026-09-19T10:54:33.143Z,70,OPERATING,abb5d6ec-469e-4ab0-8685-5f04e9749653
tokyo_disneysea,tds_aw_a_002,2026-09-19T10:54:33.185Z,30,OPERATING,4ca7254c-7abc-4e52-82e0-9c562c096494
tokyo_disneysea,tds_mi_a_002,2026-09-19T10:54:33.165Z,40,OPERATING,c8526be3-e82c-4692-ae44-e8f2d1142c8a
tokyo_disneysea,tds_lrd_a_002,2026-09-19T10:58:22.297Z,10,OPERATING,dd942cd2-b364-4262-af12-ca1a5012528b
tokyo_disneysea,tds_fs_a_002,2026-09-19T10:57:33.982Z,10,OPERATING,10b5b89e-02a6-4456-9ddd-69e06c2bded4
tokyo_disneysea,tds_fs_a_001,2026-09-19T10:58:22.310Z,60,OPERATING,9fb0c97c-ebf7-4c25-8ea7-a3f4fe2aa9ec
tokyo_disneysea,tds_aw_a_001,2026-09-19T10:57:33.965Z,20,OPERATING,71943126-e4ac-49c5-ac61-ac1687ad33af
tokyo_disneysea,tds_aw_a_003,2026-09-19T10:58:22.284Z,60,OPERATING,abb5d6ec-469e-4ab0-8685-5f04e9749653
tokyo_disneysea,tds_aw_a_002,2026-09-19T10:58:22.303Z,40,OPERATING,4ca7254c-7abc-4e52-82e0-9c562c096494
tokyo_disneysea,tds_mi_a_002,2026-09-19T10:58:22.291Z,40,OPERATING,c8526be3-e82c-4692-ae44-e8f2d1142c8a
tokyo_disneysea,tds_fs_a_003,2026-09-19T11:03:41.944Z,10,OPERATING,e8c15bc6-aaab-44ef-8285-1d92ebd2c47d
tokyo_disneysea,tds_fs_a_002,2026-09-19T11:03:41.935Z,5,OPERATING,10b5b89e-02a6-4456-9ddd-69e06c2bded4
tokyo_disneysea,tds_fs_a_001,2026-09-19T11:01:38.219Z,50,OPERATING,9fb0c97c-ebf7-4c25-8ea7-a3f4fe2aa9ec
tokyo_disneysea,tds_pd_a_003,2026-09-19T11:01:38.212Z,10,OPERATING,c8744918-42c0-427d-8947-c3dbd1abf8d5
tokyo_disneysea,tds_aw_a_002,2026-09-19T11:04:35.543Z,30,OPERATING,4ca7254c-7abc-4e52-82e0-9c562c096494
tokyo_disneysea,tds_mi_a_002,2026-09-19T11:03:41.915Z,30,OPERATING,c8526be3-e82c-4692-ae44-e8f2d1142c8a
tokyo_disneysea,tds_lrd_a_002,2026-09-19T11:07:29.538Z,10,OPERATING,dd942cd2-b364-4262-af12-ca1a5012528b
tokyo_disneysea,tds_fs_a_001,2026-09-19T11:07:29.553Z,50,OPERATING,9fb0c97c-ebf7-4c25-8ea7-a3f4fe2aa9ec
tokyo_disneysea,tds_aw_a_001,2026-09-19T11:07:14.385Z,15,OPERATING,71943126-e4ac-49c5-ac61-ac1687ad33af
tokyo_disneysea,tds_aw_a_003,2026-09-19T11:07:29.530Z,60,OPERATING,abb5d6ec-469e-4ab0-8685-5f04e9749653
tokyo_disneysea,tds_fs_a_004,2026-09-19T11:07:14.392Z,25,OPERATING,c0224e78-abf6-4f89-b0d4-38647a98dd4d
tokyo_disneysea,tds_aw_a_002,2026-09-19T11:07:29.545Z,30,OPERATING,4ca7254c-7abc-4e52-82e0-9c562c096494
tokyo_disneysea,tds_fs_a_003,2026-09-19T11:14:07.511Z,5,OPERATING,e8c15bc6-aaab-44ef-8285-1d92ebd2c47d
tokyo_disneysea,tds_lrd_a_002,2026-09-19T11:13:13.368Z,5,OPERATING,dd942cd2-b364-4262-af12-ca1a5012528b
tokyo_disneysea,tds_fs_a_002,2026-09-19T11:13:13.388Z,5,OPERATING,10b5b89e-02a6-4456-9ddd-69e06c2bded4
tokyo_disneysea,tds_fs_a_001,2026-09-19T11:13:13.381Z,50,OPERATING,9fb0c97c-ebf7-4c25-8ea7-a3f4fe2aa9ec
tokyo_disneysea,tds_aw_a_003,2026-09-19T11:13:13.347Z,60,OPERATING,abb5d6ec-469e-4ab0-8685-5f04e9749653
tokyo_disneysea,tds_fs_a_004,2026-09-19T11:13:13.402Z,20,OPERATING,c0224e78-abf6-4f89-b0d4-38647a98dd4d
tokyo_disneysea,tds_aw_a_002,2026-09-19T11:13:13.374Z,30,OPERATING,4ca7254c-7abc-4e52-82e0-9c562c096494
tokyo_disneysea,tds_mi_a_002,2026-09-19T11:13:13.362Z,30,OPERATING,c8526be3-e82c-4692-ae44-e8f2d1142c8a
tokyo_disneysea,tds_fs_a_001,2026-09-19T11:16:46.786Z,40,OPERATING,9fb0c97c-ebf7-4c25-8ea7-a3f4fe2aa9ec
tokyo_disneysea,tds_aw_a_001,2026-09-19T11:16:19.997Z,20,OPERATING,71943126-e4ac-49c5-ac61-ac1687ad33af
tokyo_disneysea,tds_aw_a_002,2026-09-19T11:16:46.775Z,25,OPERATING,4ca7254c-7abc-4e52-82e0-9c562c096494
tokyo_disneysea,tds_lrd_a_002,2026-09-19T11:20:38.349Z,5,OPERATING,dd942cd2-b364-4262-af12-ca1a5012528b
tokyo_disneysea,tds_fs_a_002,2026-09-19T11:20:38.357Z,5,OPERATING,10b5b89e-02a6-4456-9ddd-69e06c2bded4
tokyo_disneysea,tds_fs_a_001,2026-09-19T11:22:34.654Z,35,OPERATING,9fb0c97c-ebf7-4c25-8ea7-a3f4fe2aa9ec
tokyo_disneysea,tds_aw_a_003,2026-09-19T11:22:34.645Z,50,OPERATING,abb5d6ec-469e-4ab0-8685-5f04e9749653
tokyo_disneysea,tds_mi_a_002,2026-09-19T11:20:38.341Z,30,OPERATING,c8526be3-e82c-4692-ae44-e8f2d1142c8a
tokyo_disneysea,tds_fs_a_003,2026-09-19T11:25:15.633Z,5,OPERATING,e8c15bc6-aaab-44ef-8285-1d92ebd2c47d
tokyo_disneysea,tds_lrd_a_002,2026-09-19T11:25:15.593Z,5,OPERATING,dd942cd2-b364-4262-af12-ca1a5012528b
tokyo_disneysea,tds_fs_a_002,2026-09-19T11:25:15.625Z,5,OPERATING,10b5b89e-02a6-4456-9ddd-69e06c2bded4
tokyo_disneysea,tds_fs_a_001,2026-09-19T11:28:16.873Z,20,OPERATING,9fb0c97c-ebf7-4c25-8ea7-a3f4fe2aa9ec
tokyo_disneysea,tds_aw_a_001,2026-09-19T11:25:15.610Z,15,OPERATING,71943126-e4ac-49c5-ac61-ac1687ad33af
tokyo_disneysea,tds_aw_a_003,2026-09-19T11:25:15.562Z,50,OPERATING,abb5d6ec-469e-4ab0-8685-5f04e9749653
tokyo_disneysea,tds_aw_a_002,2026-09-19T11:28:16.865Z,40,OPERATING,4ca7254c-7abc-4e52-82e0-9c562c096494
tokyo_disneysea,tds_mi_a_002,2026-09-19T11:28:16.857Z,30,OPERATING,c8526be3-e82c-4692-ae44-e8f2d1142c8a
