parkId,facilityId,observedAt,waitMinutes,status,sourceEntityId
tokyo_disneyland,tdl_fantasyland_peter_pans_flight,2026-09-07T00:03:09.160Z,5,OPERATING,e541ad8f-1457-469a-8f35-457555f475ad
tokyo_disneyland,tdl_critter_country_splash_mountain,2026-09-07T00:03:29.358Z,10,OPERATING,dfe25d8e-e234-4020-a261-30c6825d0680
tokyo_disneyland,tdl_toontown_donalds_boat,2026-09-07T00:03:09.252Z,5,OPERATING,2d215a6d-77a2-4c44-a2e3-c293c1289876
tokyo_disneyland,tdl_fantasyland_castle_carrousel,2026-09-07T00:03:09.185Z,5,OPERATING,1fb05b7d-953a-4fa7-b7ed-db2eb62b85bf
tokyo_disneyland,tdl_tomorrowland_star_tours,2026-09-07T00:03:09.261Z,5,OPERATING,512fd34c-2f0a-4e0a-bcc1-ef4d15c5f803
tokyo_disneyland,tdl_fantasyland_mickeys_philharmagic,2026-09-07T00:03:09.168Z,5,OPERATING,392ca2e8-afe0-4103-b296-c45bd373d036
tokyo_disneyland,tdl_toontown_gadgets_go_coaster,2026-09-07T00:03:09.245Z,5,OPERATING,52c5e406-67e2-4d37-aee8-987644d87b63
tokyo_disneyland,tdl_tomorrowland_monsters_inc_ride_and_go_seek,2026-09-07T00:03:29.379Z,10,OPERATING,4ed6a812-df04-4aa8-acb9-c6b164dbb706
tokyo_disneyland,tdl_new_fantasyland_enchanted_tale_of_beauty_and_the_beast,2026-09-07T00:03:29.398Z,40,OPERATING,e76670f0-9f5f-4918-8491-9bf51e73a596
tokyo_disneyland,tdl_adventureland_pirates_of_the_caribbean,2026-09-07T00:03:09.105Z,5,OPERATING,52eb0fc9-5853-49c8-8c72-1e5e83aae1c1
tokyo_disneyland,tdl_adventureland_jungle_cruise,2026-09-07T00:03:09.116Z,5,OPERATING,e0887415-3da2-458c-8b88-0691e6b8ab63
tokyo_disneyland,tdl_fantasyland_its_a_small_world,2026-09-07T00:03:09.195Z,5,OPERATING,0de1b543-46fd-4c3f-81c8-31d0cab9ef63
tokyo_disneyland,tdl_fantasyland_poohs_hunny_hunt,2026-09-07T00:03:29.370Z,8,OPERATING,a88464b5-2cf5-4ef1-b38f-96e07b233bf2
tokyo_disneyland,tdl_toontown_roger_rabbits_car_toon_spin,2026-09-07T00:03:09.222Z,5,OPERATING,73384e33-a86a-4601-996f-61dbffba6ec2
tokyo_disneyland,tdl_toontown_minnies_house,2026-09-07T00:03:09.230Z,5,OPERATING,534ca90a-2626-4a45-9b7b-1964ed15678e
tokyo_disneyland,tdl_fantasyland_alices_tea_party,2026-09-07T00:03:09.203Z,5,OPERATING,cfaa7d1c-111e-49b9-b21b-134eac4000e8
tokyo_disneyland,tdl_tomorrowland_baymax_happy_ride,2026-09-07T00:03:29.387Z,30,OPERATING,ca00a0e8-f069-4d0a-9d5e-10cb63010956
tokyo_disneyland,tdl_westernland_shooting_gallery,2026-09-07T00:03:09.127Z,5,OPERATING,4876ec54-92ed-4b0c-8b1b-292bba89c61c
tokyo_disneyland,tdl_fantasyland_pinocchios_daring_journey,2026-09-07T00:03:09.176Z,5,OPERATING,6922377e-0ff4-481f-9da3-35051938732a
tokyo_disneyland,tdl_toontown_chip_and_dales_treehouse,2026-09-07T00:03:09.237Z,5,OPERATING,a0a63e1c-3fc6-4433-b9b1-f5e798ab1f00
tokyo_disneyland,tdl_tomorrowland_monsters_inc_ride_and_go_seek,2026-09-07T00:09:57.007Z,15,OPERATING,4ed6a812-df04-4aa8-acb9-c6b164dbb706
tokyo_disneyland,tdl_new_fantasyland_enchanted_tale_of_beauty_and_the_beast,2026-09-07T00:09:57.030Z,60,OPERATING,e76670f0-9f5f-4918-8491-9bf51e73a596
tokyo_disneyland,tdl_tomorrowland_baymax_happy_ride,2026-09-07T00:09:57.020Z,40,OPERATING,ca00a0e8-f069-4d0a-9d5e-10cb63010956
tokyo_disneyland,tdl_critter_country_splash_mountain,2026-09-07T00:12:43.586Z,15,OPERATING,dfe25d8e-e234-4020-a261-30c6825d0680
tokyo_disneyland,tdl_tomorrowland_monsters_inc_ride_and_go_seek,2026-09-07T00:12:43.595Z,20,OPERATING,4ed6a812-df04-4aa8-acb9-c6b164dbb706
tokyo_disneyland,tdl_new_fantasyland_enchanted_tale_of_beauty_and_the_beast,2026-09-07T00:13:27.313Z,80,OPERATING,e76670f0-9f5f-4918-8491-9bf51e73a596
tokyo_disneyland,tdl_tomorrowland_baymax_happy_ride,2026-09-07T00:12:43.603Z,50,OPERATING,ca00a0e8-f069-4d0a-9d5e-10cb63010956
tokyo_disneyland,tdl_critter_country_splash_mountain,2026-09-07T00:20:03.609Z,20,OPERATING,dfe25d8e-e234-4020-a261-30c6825d0680
tokyo_disneyland,tdl_westernland_big_thunder_mountain,2026-09-07T00:16:28.455Z,30,OPERATING,e3577b4a-f1d9-4ec5-aacf-b99977ea88c9
tokyo_disneyland,tdl_tomorrowland_monsters_inc_ride_and_go_seek,2026-09-07T00:20:03.633Z,25,OPERATING,4ed6a812-df04-4aa8-acb9-c6b164dbb706
tokyo_disneyland,tdl_new_fantasyland_enchanted_tale_of_beauty_and_the_beast,2026-09-07T00:20:03.647Z,70,OPERATING,e76670f0-9f5f-4918-8491-9bf51e73a596
tokyo_disneyland,tdl_fantasyland_poohs_hunny_hunt,2026-09-07T00:20:03.621Z,15,OPERATING,a88464b5-2cf5-4ef1-b38f-96e07b233bf2
tokyo_disneyland,tdl_tomorrowland_baymax_happy_ride,2026-09-07T00:16:28.464Z,60,OPERATING,ca00a0e8-f069-4d0a-9d5e-10cb63010956
tokyo_disneyland,tdl_fantasyland_poohs_hunny_hunt,2026-09-07T00:23:13.138Z,20,OPERATING,a88464b5-2cf5-4ef1-b38f-96e07b233bf2
tokyo_disneyland,tdl_critter_country_splash_mountain,2026-09-07T00:28:41.865Z,20,OPERATING,dfe25d8e-e234-4020-a261-30c6825d0680
tokyo_disneyland,tdl_westernland_big_thunder_mountain,2026-09-07T00:28:41.856Z,25,OPERATING,e3577b4a-f1d9-4ec5-aacf-b99977ea88c9
tokyo_disneyland,tdl_tomorrowland_monsters_inc_ride_and_go_seek,2026-09-07T00:28:41.880Z,30,OPERATING,4ed6a812-df04-4aa8-acb9-c6b164dbb706
tokyo_disneyland,tdl_new_fantasyland_enchanted_tale_of_beauty_and_the_beast,2026-09-07T00:28:41.896Z,60,OPERATING,e76670f0-9f5f-4918-8491-9bf51e73a596
tokyo_disneyland,tdl_fantasyland_poohs_hunny_hunt,2026-09-07T00:29:14.174Z,30,OPERATING,a88464b5-2cf5-4ef1-b38f-96e07b233bf2
tokyo_disneyland,tdl_toontown_roger_rabbits_car_toon_spin,2026-09-07T00:29:14.181Z,5,OPERATING,73384e33-a86a-4601-996f-61dbffba6ec2
tokyo_disneyland,tdl_tomorrowland_baymax_happy_ride,2026-09-07T00:28:41.889Z,60,OPERATING,ca00a0e8-f069-4d0a-9d5e-10cb63010956
tokyo_disneyland,tdl_critter_country_splash_mountain,2026-09-07T00:33:05.453Z,15,OPERATING,dfe25d8e-e234-4020-a261-30c6825d0680
tokyo_disneyland,tdl_adventureland_western_river_railroad,2026-09-07T00:31:50.674Z,5,OPERATING,6ee0697f-57ba-4c7b-8216-7c55b21288d4
tokyo_disneyland,tdl_fantasyland_poohs_hunny_hunt,2026-09-07T00:31:50.692Z,30,OPERATING,a88464b5-2cf5-4ef1-b38f-96e07b233bf2
tokyo_disneyland,tdl_westernland_big_thunder_mountain,2026-09-07T00:36:07.164Z,25,OPERATING,e3577b4a-f1d9-4ec5-aacf-b99977ea88c9
tokyo_disneyland,tdl_tomorrowland_monsters_inc_ride_and_go_seek,2026-09-07T00:36:07.180Z,30,OPERATING,4ed6a812-df04-4aa8-acb9-c6b164dbb706
tokyo_disneyland,tdl_new_fantasyland_enchanted_tale_of_beauty_and_the_beast,2026-09-07T00:36:07.195Z,60,OPERATING,e76670f0-9f5f-4918-8491-9bf51e73a596
tokyo_disneyland,tdl_adventureland_western_river_railroad,2026-09-07T00:38:21.306Z,10,OPERATING,6ee0697f-57ba-4c7b-8216-7c55b21288d4
tokyo_disneyland,tdl_fantasyland_poohs_hunny_hunt,2026-09-07T00:36:07.172Z,30,OPERATING,a88464b5-2cf5-4ef1-b38f-96e07b233bf2
tokyo_disneyland,tdl_tomorrowland_baymax_happy_ride,2026-09-07T00:36:07.188Z,60,OPERATING,ca00a0e8-f069-4d0a-9d5e-10cb63010956
tokyo_disneyland,tdl_fantasyland_peter_pans_flight,2026-09-07T00:41:22.898Z,10,OPERATING,e541ad8f-1457-469a-8f35-457555f475ad
tokyo_disneyland,tdl_critter_country_splash_mountain,2026-09-07T00:44:25.262Z,15,OPERATING,dfe25d8e-e234-4020-a261-30c6825d0680
tokyo_disneyland,tdl_westernland_big_thunder_mountain,2026-09-07T00:44:25.248Z,20,OPERATING,e3577b4a-f1d9-4ec5-aacf-b99977ea88c9
tokyo_disneyland,tdl_tomorrowland_monsters_inc_ride_and_go_seek,2026-09-07T00:41:22.916Z,30,OPERATING,4ed6a812-df04-4aa8-acb9-c6b164dbb706
tokyo_disneyland,tdl_new_fantasyland_enchanted_tale_of_beauty_and_the_beast,2026-09-07T00:42:24.426Z,50,OPERATING,e76670f0-9f5f-4918-8491-9bf51e73a596
tokyo_disneyland,tdl_fantasyland_poohs_hunny_hunt,2026-09-07T00:44:25.274Z,25,OPERATING,a88464b5-2cf5-4ef1-b38f-96e07b233bf2
tokyo_disneyland,tdl_tomorrowland_baymax_happy_ride,2026-09-07T00:41:22.923Z,60,OPERATING,ca00a0e8-f069-4d0a-9d5e-10cb63010956
tokyo_disneyland,tdl_fantasyland_peter_pans_flight,2026-09-07T00:45:55.711Z,15,OPERATING,e541ad8f-1457-469a-8f35-457555f475ad
tokyo_disneyland,tdl_critter_country_splash_mountain,2026-09-07T00:45:55.703Z,15,OPERATING,dfe25d8e-e234-4020-a261-30c6825d0680
tokyo_disneyland,tdl_westernland_big_thunder_mountain,2026-09-07T00:45:55.695Z,20,OPERATING,e3577b4a-f1d9-4ec5-aacf-b99977ea88c9
tokyo_disneyland,tdl_tomorrowland_monsters_inc_ride_and_go_seek,2026-09-07T00:48:37.717Z,30,OPERATING,4ed6a812-df04-4aa8-acb9-c6b164dbb706
tokyo_disneyland,tdl_fantasyland_poohs_hunny_hunt,2026-09-07T00:45:55.720Z,25,OPERATING,a88464b5-2cf5-4ef1-b38f-96e07b233bf2
tokyo_disneyland,tdl_tomorrowland_baymax_happy_ride,2026-09-07T00:48:37.724Z,50,OPERATING,ca00a0e8-f069-4d0a-9d5e-10cb63010956
tokyo_disneyland,tdl_critter_country_splash_mountain,2026-09-07T00:53:50.007Z,15,OPERATING,dfe25d8e-e234-4020-a261-30c6825d0680
tokyo_disneyland,tdl_westernland_big_thunder_mountain,2026-09-07T00:53:49.997Z,20,OPERATING,e3577b4a-f1d9-4ec5-aacf-b99977ea88c9
tokyo_disneyland,tdl_tomorrowland_monsters_inc_ride_and_go_seek,2026-09-07T00:53:50.025Z,30,OPERATING,4ed6a812-df04-4aa8-acb9-c6b164dbb706
tokyo_disneyland,tdl_new_fantasyland_enchanted_tale_of_beauty_and_the_beast,2026-09-07T00:53:50.040Z,50,OPERATING,e76670f0-9f5f-4918-8491-9bf51e73a596
tokyo_disneyland,tdl_fantasyland_poohs_hunny_hunt,2026-09-07T00:53:50.018Z,25,OPERATING,a88464b5-2cf5-4ef1-b38f-96e07b233bf2
tokyo_disneyland,tdl_tomorrowland_baymax_happy_ride,2026-09-07T00:53:50.033Z,40,OPERATING,ca00a0e8-f069-4d0a-9d5e-10cb63010956
tokyo_disneyland,tdl_critter_country_splash_mountain,2026-09-07T00:59:03.061Z,15,OPERATING,dfe25d8e-e234-4020-a261-30c6825d0680
tokyo_disneyland,tdl_westernland_big_thunder_mountain,2026-09-07T00:59:03.049Z,15,OPERATING,e3577b4a-f1d9-4ec5-aacf-b99977ea88c9
tokyo_disneyland,tdl_tomorrowland_monsters_inc_ride_and_go_seek,2026-09-07T00:59:03.081Z,30,OPERATING,4ed6a812-df04-4aa8-acb9-c6b164dbb706
tokyo_disneyland,tdl_new_fantasyland_enchanted_tale_of_beauty_and_the_beast,2026-09-07T01:00:13.556Z,40,OPERATING,e76670f0-9f5f-4918-8491-9bf51e73a596
tokyo_disneyland,tdl_fantasyland_poohs_hunny_hunt,2026-09-07T01:00:13.546Z,30,OPERATING,a88464b5-2cf5-4ef1-b38f-96e07b233bf2
tokyo_disneyland,tdl_tomorrowland_baymax_happy_ride,2026-09-07T00:59:03.094Z,40,OPERATING,ca00a0e8-f069-4d0a-9d5e-10cb63010956
tokyo_disneyland,tdl_fantasyland_cinderella_fairy_tale_hall,2026-09-07T01:01:43.807Z,5,OPERATING,f82709b6-51a3-4b65-8d6f-c2472f5053df
tokyo_disneyland,tdl_westernland_big_thunder_mountain,2026-09-07T01:03:25.786Z,10,OPERATING,e3577b4a-f1d9-4ec5-aacf-b99977ea88c9
tokyo_disneyland,tdl_tomorrowland_stitch_encounter,2026-09-07T01:01:43.823Z,10,OPERATING,05c7400b-866d-4d47-9cb1-8722fe6b22da
tokyo_disneyland,tdl_adventureland_tiki_room,2026-09-07T01:01:43.770Z,10,OPERATING,4f0b3416-0b0a-419b-ba8c-6ee00b7d7144
tokyo_disneyland,tdl_westernland_mark_twain_riverboat,2026-09-07T01:01:43.788Z,5,OPERATING,02a96ff7-da13-48b5-b1a8-f29d9f6109fc
tokyo_disneyland,tdl_new_fantasyland_enchanted_tale_of_beauty_and_the_beast,2026-09-07T01:01:43.832Z,40,OPERATING,e76670f0-9f5f-4918-8491-9bf51e73a596
tokyo_disneyland,tdl_toontown_goofys_paint_and_play_house,2026-09-07T01:01:43.814Z,5,OPERATING,74f17654-ceb1-4f12-9c19-ce6ed0587f33
tokyo_disneyland,tdl_westernland_country_bear_theater,2026-09-07T01:01:43.780Z,15,OPERATING,83f11a48-0d22-4429-8e59-43fd611d6795
tokyo_disneyland,tdl_critter_country_splash_mountain,2026-09-07T01:06:38.996Z,15,OPERATING,dfe25d8e-e234-4020-a261-30c6825d0680
tokyo_disneyland,tdl_tomorrowland_monsters_inc_ride_and_go_seek,2026-09-07T01:06:39.005Z,30,OPERATING,4ed6a812-df04-4aa8-acb9-c6b164dbb706
tokyo_disneyland,tdl_new_fantasyland_enchanted_tale_of_beauty_and_the_beast,2026-09-07T01:06:39.022Z,40,OPERATING,e76670f0-9f5f-4918-8491-9bf51e73a596
tokyo_disneyland,tdl_fantasyland_poohs_hunny_hunt,2026-09-07T01:09:45.733Z,40,OPERATING,a88464b5-2cf5-4ef1-b38f-96e07b233bf2
tokyo_disneyland,tdl_tomorrowland_baymax_happy_ride,2026-09-07T01:08:07.839Z,30,OPERATING,ca00a0e8-f069-4d0a-9d5e-10cb63010956
tokyo_disneyland,tdl_critter_country_splash_mountain,2026-09-07T01:11:51.609Z,15,OPERATING,dfe25d8e-e234-4020-a261-30c6825d0680
tokyo_disneyland,tdl_westernland_big_thunder_mountain,2026-09-07T01:11:51.600Z,10,OPERATING,e3577b4a-f1d9-4ec5-aacf-b99977ea88c9
tokyo_disneyland,tdl_tomorrowland_monsters_inc_ride_and_go_seek,2026-09-07T01:11:51.625Z,30,OPERATING,4ed6a812-df04-4aa8-acb9-c6b164dbb706
tokyo_disneyland,tdl_new_fantasyland_enchanted_tale_of_beauty_and_the_beast,2026-09-07T01:11:51.632Z,40,OPERATING,e76670f0-9f5f-4918-8491-9bf51e73a596
tokyo_disneyland,tdl_fantasyland_poohs_hunny_hunt,2026-09-07T01:14:38.248Z,30,OPERATING,a88464b5-2cf5-4ef1-b38f-96e07b233bf2
tokyo_disneyland,tdl_critter_country_splash_mountain,2026-09-07T01:19:05.037Z,15,OPERATING,dfe25d8e-e234-4020-a261-30c6825d0680
tokyo_disneyland,tdl_westernland_big_thunder_mountain,2026-09-07T01:19:05.027Z,10,OPERATING,e3577b4a-f1d9-4ec5-aacf-b99977ea88c9
tokyo_disneyland,tdl_tomorrowland_monsters_inc_ride_and_go_seek,2026-09-07T01:19:05.045Z,30,OPERATING,4ed6a812-df04-4aa8-acb9-c6b164dbb706
tokyo_disneyland,tdl_new_fantasyland_enchanted_tale_of_beauty_and_the_beast,2026-09-07T01:19:05.061Z,40,OPERATING,e76670f0-9f5f-4918-8491-9bf51e73a596
tokyo_disneyland,tdl_fantasyland_poohs_hunny_hunt,2026-09-07T01:15:58.676Z,30,OPERATING,a88464b5-2cf5-4ef1-b38f-96e07b233bf2
tokyo_disneyland,tdl_tomorrowland_baymax_happy_ride,2026-09-07T01:19:05.053Z,30,OPERATING,ca00a0e8-f069-4d0a-9d5e-10cb63010956
tokyo_disneyland,tdl_critter_country_splash_mountain,2026-09-07T01:24:51.304Z,15,OPERATING,dfe25d8e-e234-4020-a261-30c6825d0680
tokyo_disneyland,tdl_westernland_big_thunder_mountain,2026-09-07T01:24:51.294Z,10,OPERATING,e3577b4a-f1d9-4ec5-aacf-b99977ea88c9
tokyo_disneyland,tdl_tomorrowland_monsters_inc_ride_and_go_seek,2026-09-07T01:24:51.320Z,30,OPERATING,4ed6a812-df04-4aa8-acb9-c6b164dbb706
tokyo_disneyland,tdl_new_fantasyland_enchanted_tale_of_beauty_and_the_beast,2026-09-07T01:24:51.336Z,50,OPERATING,e76670f0-9f5f-4918-8491-9bf51e73a596
tokyo_disneyland,tdl_fantasyland_poohs_hunny_hunt,2026-09-07T01:24:51.313Z,25,OPERATING,a88464b5-2cf5-4ef1-b38f-96e07b233bf2
tokyo_disneyland,tdl_tomorrowland_baymax_happy_ride,2026-09-07T01:24:51.328Z,40,OPERATING,ca00a0e8-f069-4d0a-9d5e-10cb63010956
tokyo_disneyland,tdl_critter_country_splash_mountain,2026-09-07T01:28:39.117Z,10,OPERATING,dfe25d8e-e234-4020-a261-30c6825d0680
tokyo_disneyland,tdl_tomorrowland_baymax_happy_ride,2026-09-07T01:28:39.125Z,50,OPERATING,ca00a0e8-f069-4d0a-9d5e-10cb63010956
tokyo_disneyland,tdl_world_bazaar_omnibus,2026-09-07T01:31:45.700Z,5,OPERATING,cf1e721e-ba51-4e48-a2bc-b07883091e88
tokyo_disneyland,tdl_westernland_big_thunder_mountain,2026-09-07T01:33:51.413Z,15,OPERATING,e3577b4a-f1d9-4ec5-aacf-b99977ea88c9
tokyo_disneyland,tdl_tomorrowland_monsters_inc_ride_and_go_seek,2026-09-07T01:31:45.726Z,30,OPERATING,4ed6a812-df04-4aa8-acb9-c6b164dbb706
tokyo_disneyland,tdl_new_fantasyland_enchanted_tale_of_beauty_and_the_beast,2026-09-07T01:31:45.736Z,50,OPERATING,e76670f0-9f5f-4918-8491-9bf51e73a596
tokyo_disneyland,tdl_fantasyland_poohs_hunny_hunt,2026-09-07T01:33:51.424Z,30,OPERATING,a88464b5-2cf5-4ef1-b38f-96e07b233bf2
tokyo_disneyland,tdl_critter_country_splash_mountain,2026-09-07T01:38:03.436Z,10,OPERATING,dfe25d8e-e234-4020-a261-30c6825d0680
tokyo_disneyland,tdl_tomorrowland_monsters_inc_ride_and_go_seek,2026-09-07T01:38:03.453Z,30,OPERATING,4ed6a812-df04-4aa8-acb9-c6b164dbb706
tokyo_disneyland,tdl_new_fantasyland_enchanted_tale_of_beauty_and_the_beast,2026-09-07T01:38:03.474Z,50,OPERATING,e76670f0-9f5f-4918-8491-9bf51e73a596
tokyo_disneyland,tdl_fantasyland_poohs_hunny_hunt,2026-09-07T01:38:03.445Z,25,OPERATING,a88464b5-2cf5-4ef1-b38f-96e07b233bf2
tokyo_disneyland,tdl_tomorrowland_baymax_happy_ride,2026-09-07T01:38:03.466Z,50,OPERATING,ca00a0e8-f069-4d0a-9d5e-10cb63010956
tokyo_disneyland,tdl_critter_country_splash_mountain,2026-09-07T01:44:29.559Z,10,OPERATING,dfe25d8e-e234-4020-a261-30c6825d0680
tokyo_disneyland,tdl_westernland_big_thunder_mountain,2026-09-07T01:44:29.550Z,20,OPERATING,e3577b4a-f1d9-4ec5-aacf-b99977ea88c9
tokyo_disneyland,tdl_tomorrowland_monsters_inc_ride_and_go_seek,2026-09-07T01:44:29.576Z,25,OPERATING,4ed6a812-df04-4aa8-acb9-c6b164dbb706
tokyo_disneyland,tdl_new_fantasyland_enchanted_tale_of_beauty_and_the_beast,2026-09-07T01:44:29.594Z,50,OPERATING,e76670f0-9f5f-4918-8491-9bf51e73a596
tokyo_disneyland,tdl_fantasyland_poohs_hunny_hunt,2026-09-07T01:44:29.568Z,30,OPERATING,a88464b5-2cf5-4ef1-b38f-96e07b233bf2
tokyo_disneyland,tdl_tomorrowland_baymax_happy_ride,2026-09-07T01:44:29.585Z,50,OPERATING,ca00a0e8-f069-4d0a-9d5e-10cb63010956
tokyo_disneyland,tdl_westernland_big_thunder_mountain,2026-09-07T01:47:45.646Z,25,OPERATING,e3577b4a-f1d9-4ec5-aacf-b99977ea88c9
tokyo_disneyland,tdl_tomorrowland_monsters_inc_ride_and_go_seek,2026-09-07T01:47:45.654Z,20,OPERATING,4ed6a812-df04-4aa8-acb9-c6b164dbb706
tokyo_disneyland,tdl_critter_country_splash_mountain,2026-09-07T01:50:53.307Z,15,OPERATING,dfe25d8e-e234-4020-a261-30c6825d0680
tokyo_disneyland,tdl_westernland_big_thunder_mountain,2026-09-07T01:50:27.229Z,25,OPERATING,e3577b4a-f1d9-4ec5-aacf-b99977ea88c9
tokyo_disneyland,tdl_tomorrowland_monsters_inc_ride_and_go_seek,2026-09-07T01:50:27.248Z,20,OPERATING,4ed6a812-df04-4aa8-acb9-c6b164dbb706
tokyo_disneyland,tdl_new_fantasyland_enchanted_tale_of_beauty_and_the_beast,2026-09-07T01:50:27.259Z,50,OPERATING,e76670f0-9f5f-4918-8491-9bf51e73a596
tokyo_disneyland,tdl_fantasyland_poohs_hunny_hunt,2026-09-07T01:50:27.242Z,30,OPERATING,a88464b5-2cf5-4ef1-b38f-96e07b233bf2
tokyo_disneyland,tdl_tomorrowland_baymax_happy_ride,2026-09-07T01:50:27.253Z,50,OPERATING,ca00a0e8-f069-4d0a-9d5e-10cb63010956
tokyo_disneyland,tdl_westernland_big_thunder_mountain,2026-09-07T01:57:22.300Z,25,OPERATING,e3577b4a-f1d9-4ec5-aacf-b99977ea88c9
tokyo_disneyland,tdl_tomorrowland_monsters_inc_ride_and_go_seek,2026-09-07T01:57:22.327Z,20,OPERATING,4ed6a812-df04-4aa8-acb9-c6b164dbb706
tokyo_disneyland,tdl_new_fantasyland_enchanted_tale_of_beauty_and_the_beast,2026-09-07T01:57:26.758Z,40,OPERATING,e76670f0-9f5f-4918-8491-9bf51e73a596
tokyo_disneyland,tdl_fantasyland_poohs_hunny_hunt,2026-09-07T02:00:05.985Z,25,OPERATING,a88464b5-2cf5-4ef1-b38f-96e07b233bf2
tokyo_disneyland,tdl_tomorrowland_baymax_happy_ride,2026-09-07T01:57:22.335Z,50,OPERATING,ca00a0e8-f069-4d0a-9d5e-10cb63010956
tokyo_disneyland,tdl_critter_country_splash_mountain,2026-09-07T02:03:45.847Z,15,OPERATING,dfe25d8e-e234-4020-a261-30c6825d0680
tokyo_disneyland,tdl_westernland_big_thunder_mountain,2026-09-07T02:03:45.837Z,30,OPERATING,e3577b4a-f1d9-4ec5-aacf-b99977ea88c9
tokyo_disneyland,tdl_tomorrowland_monsters_inc_ride_and_go_seek,2026-09-07T02:03:45.863Z,20,OPERATING,4ed6a812-df04-4aa8-acb9-c6b164dbb706
tokyo_disneyland,tdl_westernland_tom_sawyer_island_rafts,2026-09-07T02:03:45.246Z,5,OPERATING,077c390c-c214-40c4-83e9-93d8f8621141
tokyo_disneyland,tdl_fantasyland_poohs_hunny_hunt,2026-09-07T02:03:45.856Z,25,OPERATING,a88464b5-2cf5-4ef1-b38f-96e07b233bf2
tokyo_disneyland,tdl_tomorrowland_baymax_happy_ride,2026-09-07T02:03:45.871Z,40,OPERATING,ca00a0e8-f069-4d0a-9d5e-10cb63010956
tokyo_disneyland,tdl_critter_country_splash_mountain,2026-09-07T02:09:58.500Z,15,OPERATING,dfe25d8e-e234-4020-a261-30c6825d0680
tokyo_disneyland,tdl_westernland_big_thunder_mountain,2026-09-07T02:09:58.491Z,30,OPERATING,e3577b4a-f1d9-4ec5-aacf-b99977ea88c9
tokyo_disneyland,tdl_tomorrowland_monsters_inc_ride_and_go_seek,2026-09-07T02:06:40.798Z,25,OPERATING,4ed6a812-df04-4aa8-acb9-c6b164dbb706
tokyo_disneyland,tdl_new_fantasyland_enchanted_tale_of_beauty_and_the_beast,2026-09-07T02:09:58.524Z,40,OPERATING,e76670f0-9f5f-4918-8491-9bf51e73a596
tokyo_disneyland,tdl_fantasyland_poohs_hunny_hunt,2026-09-07T02:09:58.508Z,25,OPERATING,a88464b5-2cf5-4ef1-b38f-96e07b233bf2
tokyo_disneyland,tdl_tomorrowland_baymax_happy_ride,2026-09-07T02:09:58.516Z,30,OPERATING,ca00a0e8-f069-4d0a-9d5e-10cb63010956
tokyo_disneyland,tdl_westernland_big_thunder_mountain,2026-09-07T02:12:58.332Z,25,OPERATING,e3577b4a-f1d9-4ec5-aacf-b99977ea88c9
tokyo_disneyland,tdl_tomorrowland_monsters_inc_ride_and_go_seek,2026-09-07T02:11:18.505Z,25,OPERATING,4ed6a812-df04-4aa8-acb9-c6b164dbb706
tokyo_disneyland,tdl_adventureland_jungle_cruise,2026-09-07T02:12:45.916Z,10,OPERATING,e0887415-3da2-458c-8b88-0691e6b8ab63
tokyo_disneyland,tdl_tomorrowland_baymax_happy_ride,2026-09-07T02:11:18.512Z,30,OPERATING,ca00a0e8-f069-4d0a-9d5e-10cb63010956
tokyo_disneyland,tdl_fantasyland_peter_pans_flight,2026-09-07T02:16:00.238Z,20,OPERATING,e541ad8f-1457-469a-8f35-457555f475ad
tokyo_disneyland,tdl_critter_country_splash_mountain,2026-09-07T02:16:00.228Z,15,OPERATING,dfe25d8e-e234-4020-a261-30c6825d0680
tokyo_disneyland,tdl_westernland_big_thunder_mountain,2026-09-07T02:16:00.218Z,25,OPERATING,e3577b4a-f1d9-4ec5-aacf-b99977ea88c9
tokyo_disneyland,tdl_tomorrowland_monsters_inc_ride_and_go_seek,2026-09-07T02:16:09.217Z,20,OPERATING,4ed6a812-df04-4aa8-acb9-c6b164dbb706
tokyo_disneyland,tdl_new_fantasyland_enchanted_tale_of_beauty_and_the_beast,2026-09-07T02:19:19.880Z,50,OPERATING,e76670f0-9f5f-4918-8491-9bf51e73a596
tokyo_disneyland,tdl_adventureland_jungle_cruise,2026-09-07T02:19:19.872Z,5,OPERATING,e0887415-3da2-458c-8b88-0691e6b8ab63
tokyo_disneyland,tdl_fantasyland_poohs_hunny_hunt,2026-09-07T02:16:00.253Z,25,OPERATING,a88464b5-2cf5-4ef1-b38f-96e07b233bf2
tokyo_disneyland,tdl_tomorrowland_baymax_happy_ride,2026-09-07T02:16:09.226Z,25,OPERATING,ca00a0e8-f069-4d0a-9d5e-10cb63010956
tokyo_disneyland,tdl_new_fantasyland_enchanted_tale_of_beauty_and_the_beast,2026-09-07T02:19:44.818Z,50,OPERATING,e76670f0-9f5f-4918-8491-9bf51e73a596
tokyo_disneyland,tdl_critter_country_splash_mountain,2026-09-07T02:26:45.785Z,10,OPERATING,dfe25d8e-e234-4020-a261-30c6825d0680
tokyo_disneyland,tdl_adventureland_tiki_room,2026-09-07T02:25:48.520Z,10,OPERATING,4f0b3416-0b0a-419b-ba8c-6ee00b7d7144
tokyo_disneyland,tdl_westernland_big_thunder_mountain,2026-09-07T02:28:57.383Z,15,OPERATING,e3577b4a-f1d9-4ec5-aacf-b99977ea88c9
tokyo_disneyland,tdl_tomorrowland_monsters_inc_ride_and_go_seek,2026-09-07T02:26:45.800Z,25,OPERATING,4ed6a812-df04-4aa8-acb9-c6b164dbb706
tokyo_disneyland,tdl_new_fantasyland_enchanted_tale_of_beauty_and_the_beast,2026-09-07T02:26:45.814Z,50,OPERATING,e76670f0-9f5f-4918-8491-9bf51e73a596
tokyo_disneyland,tdl_fantasyland_poohs_hunny_hunt,2026-09-07T02:26:45.793Z,25,OPERATING,a88464b5-2cf5-4ef1-b38f-96e07b233bf2
tokyo_disneyland,tdl_tomorrowland_baymax_happy_ride,2026-09-07T02:26:45.807Z,30,OPERATING,ca00a0e8-f069-4d0a-9d5e-10cb63010956
tokyo_disneyland,tdl_fantasyland_peter_pans_flight,2026-09-07T02:32:39.762Z,25,OPERATING,e541ad8f-1457-469a-8f35-457555f475ad
tokyo_disneyland,tdl_westernland_big_thunder_mountain,2026-09-07T02:32:43.414Z,10,OPERATING,e3577b4a-f1d9-4ec5-aacf-b99977ea88c9
tokyo_disneyland,tdl_new_fantasyland_enchanted_tale_of_beauty_and_the_beast,2026-09-07T02:32:43.435Z,60,OPERATING,e76670f0-9f5f-4918-8491-9bf51e73a596
tokyo_disneyland,tdl_tomorrowland_baymax_happy_ride,2026-09-07T02:32:43.426Z,40,OPERATING,ca00a0e8-f069-4d0a-9d5e-10cb63010956
tokyo_disneyland,tdl_critter_country_splash_mountain,2026-09-07T02:38:36.200Z,5,OPERATING,dfe25d8e-e234-4020-a261-30c6825d0680
tokyo_disneyland,tdl_westernland_big_thunder_mountain,2026-09-07T02:38:36.192Z,10,OPERATING,e3577b4a-f1d9-4ec5-aacf-b99977ea88c9
tokyo_disneyland,tdl_tomorrowland_monsters_inc_ride_and_go_seek,2026-09-07T02:38:36.213Z,25,OPERATING,4ed6a812-df04-4aa8-acb9-c6b164dbb706
tokyo_disneyland,tdl_new_fantasyland_enchanted_tale_of_beauty_and_the_beast,2026-09-07T02:38:36.228Z,60,OPERATING,e76670f0-9f5f-4918-8491-9bf51e73a596
tokyo_disneyland,tdl_fantasyland_poohs_hunny_hunt,2026-09-07T02:38:36.207Z,25,OPERATING,a88464b5-2cf5-4ef1-b38f-96e07b233bf2
tokyo_disneyland,tdl_tomorrowland_baymax_happy_ride,2026-09-07T02:38:36.220Z,40,OPERATING,ca00a0e8-f069-4d0a-9d5e-10cb63010956
tokyo_disneyland,tdl_westernland_big_thunder_mountain,2026-09-07T02:41:09.118Z,5,OPERATING,e3577b4a-f1d9-4ec5-aacf-b99977ea88c9
tokyo_disneyland,tdl_tomorrowland_monsters_inc_ride_and_go_seek,2026-09-07T02:43:43.957Z,30,OPERATING,4ed6a812-df04-4aa8-acb9-c6b164dbb706
tokyo_disneyland,tdl_toontown_roger_rabbits_car_toon_spin,2026-09-07T02:41:09.128Z,10,OPERATING,73384e33-a86a-4601-996f-61dbffba6ec2
tokyo_disneyland,tdl_fantasyland_peter_pans_flight,2026-09-07T02:49:49.157Z,15,OPERATING,e541ad8f-1457-469a-8f35-457555f475ad
tokyo_disneyland,tdl_critter_country_splash_mountain,2026-09-07T02:49:49.148Z,5,OPERATING,dfe25d8e-e234-4020-a261-30c6825d0680
tokyo_disneyland,tdl_westernland_big_thunder_mountain,2026-09-07T02:49:49.137Z,10,OPERATING,e3577b4a-f1d9-4ec5-aacf-b99977ea88c9
tokyo_disneyland,tdl_new_fantasyland_enchanted_tale_of_beauty_and_the_beast,2026-09-07T02:49:49.181Z,60,OPERATING,e76670f0-9f5f-4918-8491-9bf51e73a596
tokyo_disneyland,tdl_fantasyland_poohs_hunny_hunt,2026-09-07T02:49:49.164Z,25,OPERATING,a88464b5-2cf5-4ef1-b38f-96e07b233bf2
tokyo_disneyland,tdl_tomorrowland_baymax_happy_ride,2026-09-07T02:49:49.173Z,40,OPERATING,ca00a0e8-f069-4d0a-9d5e-10cb63010956
tokyo_disneyland,tdl_critter_country_splash_mountain,2026-09-07T02:50:48.775Z,5,OPERATING,dfe25d8e-e234-4020-a261-30c6825d0680
tokyo_disneyland,tdl_westernland_big_thunder_mountain,2026-09-07T02:50:48.767Z,10,OPERATING,e3577b4a-f1d9-4ec5-aacf-b99977ea88c9
tokyo_disneyland,tdl_tomorrowland_monsters_inc_ride_and_go_seek,2026-09-07T02:50:48.795Z,30,OPERATING,4ed6a812-df04-4aa8-acb9-c6b164dbb706
tokyo_disneyland,tdl_new_fantasyland_enchanted_tale_of_beauty_and_the_beast,2026-09-07T02:53:12.611Z,50,OPERATING,e76670f0-9f5f-4918-8491-9bf51e73a596
tokyo_disneyland,tdl_fantasyland_poohs_hunny_hunt,2026-09-07T02:50:48.787Z,25,OPERATING,a88464b5-2cf5-4ef1-b38f-96e07b233bf2
tokyo_disneyland,tdl_tomorrowland_baymax_happy_ride,2026-09-07T02:50:48.802Z,40,OPERATING,ca00a0e8-f069-4d0a-9d5e-10cb63010956
tokyo_disneyland,tdl_critter_country_splash_mountain,2026-09-07T02:59:12.820Z,10,OPERATING,dfe25d8e-e234-4020-a261-30c6825d0680
tokyo_disneyland,tdl_westernland_big_thunder_mountain,2026-09-07T02:59:12.811Z,15,OPERATING,e3577b4a-f1d9-4ec5-aacf-b99977ea88c9
tokyo_disneyland,tdl_new_fantasyland_enchanted_tale_of_beauty_and_the_beast,2026-09-07T02:59:12.828Z,40,OPERATING,e76670f0-9f5f-4918-8491-9bf51e73a596
tokyo_disneyland,tdl_critter_country_splash_mountain,2026-09-07T03:02:16.668Z,10,OPERATING,dfe25d8e-e234-4020-a261-30c6825d0680
tokyo_disneyland,tdl_westernland_big_thunder_mountain,2026-09-07T03:02:16.660Z,15,OPERATING,e3577b4a-f1d9-4ec5-aacf-b99977ea88c9
tokyo_disneyland,tdl_tomorrowland_monsters_inc_ride_and_go_seek,2026-09-07T03:02:16.684Z,30,OPERATING,4ed6a812-df04-4aa8-acb9-c6b164dbb706
tokyo_disneyland,tdl_new_fantasyland_enchanted_tale_of_beauty_and_the_beast,2026-09-07T03:02:16.698Z,40,OPERATING,e76670f0-9f5f-4918-8491-9bf51e73a596
tokyo_disneyland,tdl_fantasyland_poohs_hunny_hunt,2026-09-07T03:02:16.676Z,25,OPERATING,a88464b5-2cf5-4ef1-b38f-96e07b233bf2
tokyo_disneyland,tdl_tomorrowland_baymax_happy_ride,2026-09-07T03:02:16.691Z,40,OPERATING,ca00a0e8-f069-4d0a-9d5e-10cb63010956
tokyo_disneyland,tdl_critter_country_splash_mountain,2026-09-07T03:07:53.368Z,10,OPERATING,dfe25d8e-e234-4020-a261-30c6825d0680
tokyo_disneyland,tdl_fantasyland_poohs_hunny_hunt,2026-09-07T03:07:53.376Z,20,OPERATING,a88464b5-2cf5-4ef1-b38f-96e07b233bf2
tokyo_disneyland,tdl_fantasyland_peter_pans_flight,2026-09-07T03:14:01.141Z,20,OPERATING,e541ad8f-1457-469a-8f35-457555f475ad
tokyo_disneyland,tdl_critter_country_splash_mountain,2026-09-07T03:14:51.952Z,10,OPERATING,dfe25d8e-e234-4020-a261-30c6825d0680
tokyo_disneyland,tdl_westernland_big_thunder_mountain,2026-09-07T03:14:51.942Z,15,OPERATING,e3577b4a-f1d9-4ec5-aacf-b99977ea88c9
tokyo_disneyland,tdl_tomorrowland_monsters_inc_ride_and_go_seek,2026-09-07T03:14:51.969Z,25,OPERATING,4ed6a812-df04-4aa8-acb9-c6b164dbb706
tokyo_disneyland,tdl_new_fantasyland_enchanted_tale_of_beauty_and_the_beast,2026-09-07T03:14:51.984Z,40,OPERATING,e76670f0-9f5f-4918-8491-9bf51e73a596
tokyo_disneyland,tdl_tomorrowland_baymax_happy_ride,2026-09-07T03:14:51.977Z,40,OPERATING,ca00a0e8-f069-4d0a-9d5e-10cb63010956
tokyo_disneyland,tdl_fantasyland_peter_pans_flight,2026-09-07T03:17:05.007Z,25,OPERATING,e541ad8f-1457-469a-8f35-457555f475ad
tokyo_disneyland,tdl_critter_country_splash_mountain,2026-09-07T03:17:04.996Z,15,OPERATING,dfe25d8e-e234-4020-a261-30c6825d0680
tokyo_disneyland,tdl_fantasyland_peter_pans_flight,2026-09-07T03:22:01.355Z,20,OPERATING,e541ad8f-1457-469a-8f35-457555f475ad
tokyo_disneyland,tdl_critter_country_splash_mountain,2026-09-07T03:22:01.335Z,10,OPERATING,dfe25d8e-e234-4020-a261-30c6825d0680
tokyo_disneyland,tdl_westernland_big_thunder_mountain,2026-09-07T03:22:01.320Z,10,OPERATING,e3577b4a-f1d9-4ec5-aacf-b99977ea88c9
tokyo_disneyland,tdl_new_fantasyland_enchanted_tale_of_beauty_and_the_beast,2026-09-07T03:22:01.365Z,50,OPERATING,e76670f0-9f5f-4918-8491-9bf51e73a596
tokyo_disneyland,tdl_fantasyland_peter_pans_flight,2026-09-07T03:26:17.592Z,25,OPERATING,e541ad8f-1457-469a-8f35-457555f475ad
tokyo_disneyland,tdl_critter_country_splash_mountain,2026-09-07T03:30:02.872Z,10,OPERATING,dfe25d8e-e234-4020-a261-30c6825d0680
tokyo_disneyland,tdl_westernland_big_thunder_mountain,2026-09-07T03:27:34.396Z,10,OPERATING,e3577b4a-f1d9-4ec5-aacf-b99977ea88c9
tokyo_disneyland,tdl_tomorrowland_monsters_inc_ride_and_go_seek,2026-09-07T03:27:34.417Z,25,OPERATING,4ed6a812-df04-4aa8-acb9-c6b164dbb706
tokyo_disneyland,tdl_new_fantasyland_enchanted_tale_of_beauty_and_the_beast,2026-09-07T03:27:34.431Z,50,OPERATING,e76670f0-9f5f-4918-8491-9bf51e73a596
tokyo_disneyland,tdl_tomorrowland_baymax_happy_ride,2026-09-07T03:27:34.424Z,40,OPERATING,ca00a0e8-f069-4d0a-9d5e-10cb63010956
tokyo_disneyland,tdl_westernland_big_thunder_mountain,2026-09-07T03:33:57.558Z,5,OPERATING,e3577b4a-f1d9-4ec5-aacf-b99977ea88c9
tokyo_disneyland,tdl_critter_country_splash_mountain,2026-09-07T03:39:47.015Z,10,OPERATING,dfe25d8e-e234-4020-a261-30c6825d0680
tokyo_disneyland,tdl_westernland_big_thunder_mountain,2026-09-07T03:39:47.008Z,5,OPERATING,e3577b4a-f1d9-4ec5-aacf-b99977ea88c9
tokyo_disneyland,tdl_tomorrowland_monsters_inc_ride_and_go_seek,2026-09-07T03:39:47.030Z,30,OPERATING,4ed6a812-df04-4aa8-acb9-c6b164dbb706
tokyo_disneyland,tdl_new_fantasyland_enchanted_tale_of_beauty_and_the_beast,2026-09-07T03:39:47.046Z,40,OPERATING,e76670f0-9f5f-4918-8491-9bf51e73a596
tokyo_disneyland,tdl_toontown_roger_rabbits_car_toon_spin,2026-09-07T03:38:27.677Z,5,OPERATING,73384e33-a86a-4601-996f-61dbffba6ec2
tokyo_disneyland,tdl_tomorrowland_baymax_happy_ride,2026-09-07T03:39:47.038Z,40,OPERATING,ca00a0e8-f069-4d0a-9d5e-10cb63010956
tokyo_disneyland,tdl_tomorrowland_monsters_inc_ride_and_go_seek,2026-09-07T03:41:28.613Z,30,OPERATING,4ed6a812-df04-4aa8-acb9-c6b164dbb706
tokyo_disneyland,tdl_fantasyland_peter_pans_flight,2026-09-07T03:47:29.037Z,30,OPERATING,e541ad8f-1457-469a-8f35-457555f475ad
tokyo_disneyland,tdl_critter_country_splash_mountain,2026-09-07T03:48:32.490Z,5,OPERATING,dfe25d8e-e234-4020-a261-30c6825d0680
tokyo_disneyland,tdl_fantasyland_pinocchios_daring_journey,2026-09-07T03:47:29.046Z,10,OPERATING,6922377e-0ff4-481f-9da3-35051938732a
tokyo_disneyland,tdl_critter_country_splash_mountain,2026-09-07T03:51:51.104Z,5,OPERATING,dfe25d8e-e234-4020-a261-30c6825d0680
tokyo_disneyland,tdl_westernland_big_thunder_mountain,2026-09-07T03:51:51.094Z,5,OPERATING,e3577b4a-f1d9-4ec5-aacf-b99977ea88c9
tokyo_disneyland,tdl_tomorrowland_monsters_inc_ride_and_go_seek,2026-09-07T03:51:51.118Z,30,OPERATING,4ed6a812-df04-4aa8-acb9-c6b164dbb706
tokyo_disneyland,tdl_new_fantasyland_enchanted_tale_of_beauty_and_the_beast,2026-09-07T03:51:51.132Z,40,OPERATING,e76670f0-9f5f-4918-8491-9bf51e73a596
tokyo_disneyland,tdl_tomorrowland_baymax_happy_ride,2026-09-07T03:51:51.124Z,40,OPERATING,ca00a0e8-f069-4d0a-9d5e-10cb63010956
tokyo_disneyland,tdl_fantasyland_peter_pans_flight,2026-09-07T03:57:48.879Z,25,OPERATING,e541ad8f-1457-469a-8f35-457555f475ad
tokyo_disneyland,tdl_critter_country_splash_mountain,2026-09-07T03:57:48.871Z,10,OPERATING,dfe25d8e-e234-4020-a261-30c6825d0680
tokyo_disneyland,tdl_westernland_big_thunder_mountain,2026-09-07T03:59:41.148Z,10,OPERATING,e3577b4a-f1d9-4ec5-aacf-b99977ea88c9
tokyo_disneyland,tdl_toontown_roger_rabbits_car_toon_spin,2026-09-07T03:57:48.886Z,15,OPERATING,73384e33-a86a-4601-996f-61dbffba6ec2
tokyo_disneyland,tdl_critter_country_splash_mountain,2026-09-07T04:03:55.732Z,10,OPERATING,dfe25d8e-e234-4020-a261-30c6825d0680
tokyo_disneyland,tdl_westernland_big_thunder_mountain,2026-09-07T04:03:55.723Z,15,OPERATING,e3577b4a-f1d9-4ec5-aacf-b99977ea88c9
tokyo_disneyland,tdl_tomorrowland_monsters_inc_ride_and_go_seek,2026-09-07T04:03:55.746Z,30,OPERATING,4ed6a812-df04-4aa8-acb9-c6b164dbb706
tokyo_disneyland,tdl_new_fantasyland_enchanted_tale_of_beauty_and_the_beast,2026-09-07T04:03:55.761Z,50,OPERATING,e76670f0-9f5f-4918-8491-9bf51e73a596
tokyo_disneyland,tdl_tomorrowland_baymax_happy_ride,2026-09-07T04:03:55.754Z,40,OPERATING,ca00a0e8-f069-4d0a-9d5e-10cb63010956
tokyo_disneyland,tdl_fantasyland_peter_pans_flight,2026-09-07T04:05:40.763Z,20,OPERATING,e541ad8f-1457-469a-8f35-457555f475ad
tokyo_disneyland,tdl_westernland_big_thunder_mountain,2026-09-07T04:10:29.381Z,5,OPERATING,e3577b4a-f1d9-4ec5-aacf-b99977ea88c9
tokyo_disneyland,tdl_tomorrowland_monsters_inc_ride_and_go_seek,2026-09-07T04:08:43.666Z,40,OPERATING,4ed6a812-df04-4aa8-acb9-c6b164dbb706
tokyo_disneyland,tdl_fantasyland_its_a_small_world,2026-09-07T04:10:29.391Z,10,OPERATING,0de1b543-46fd-4c3f-81c8-31d0cab9ef63
tokyo_disneyland,tdl_critter_country_splash_mountain,2026-09-07T04:12:57.505Z,5,OPERATING,dfe25d8e-e234-4020-a261-30c6825d0680
tokyo_disneyland,tdl_westernland_big_thunder_mountain,2026-09-07T04:11:40.921Z,5,OPERATING,e3577b4a-f1d9-4ec5-aacf-b99977ea88c9
tokyo_disneyland,tdl_adventureland_jungle_cruise,2026-09-07T04:11:40.912Z,10,OPERATING,e0887415-3da2-458c-8b88-0691e6b8ab63
tokyo_disneyland,tdl_fantasyland_cinderella_fairy_tale_hall,2026-09-07T04:14:41.382Z,15,OPERATING,f82709b6-51a3-4b65-8d6f-c2472f5053df
tokyo_disneyland,tdl_critter_country_splash_mountain,2026-09-07T04:16:31.965Z,5,OPERATING,dfe25d8e-e234-4020-a261-30c6825d0680
tokyo_disneyland,tdl_tomorrowland_star_tours,2026-09-07T04:16:31.986Z,15,OPERATING,512fd34c-2f0a-4e0a-bcc1-ef4d15c5f803
tokyo_disneyland,tdl_westernland_big_thunder_mountain,2026-09-07T04:16:31.957Z,5,OPERATING,e3577b4a-f1d9-4ec5-aacf-b99977ea88c9
tokyo_disneyland,tdl_tomorrowland_monsters_inc_ride_and_go_seek,2026-09-07T04:19:03.052Z,30,OPERATING,4ed6a812-df04-4aa8-acb9-c6b164dbb706
tokyo_disneyland,tdl_new_fantasyland_enchanted_tale_of_beauty_and_the_beast,2026-09-07T04:16:32.008Z,50,OPERATING,e76670f0-9f5f-4918-8491-9bf51e73a596
tokyo_disneyland,tdl_fantasyland_poohs_hunny_hunt,2026-09-07T04:17:41.287Z,8,OPERATING,a88464b5-2cf5-4ef1-b38f-96e07b233bf2
tokyo_disneyland,tdl_toontown_roger_rabbits_car_toon_spin,2026-09-07T04:19:03.042Z,15,OPERATING,73384e33-a86a-4601-996f-61dbffba6ec2
tokyo_disneyland,tdl_tomorrowland_baymax_happy_ride,2026-09-07T04:16:32.000Z,40,OPERATING,ca00a0e8-f069-4d0a-9d5e-10cb63010956
tokyo_disneyland,tdl_world_bazaar_omnibus,2026-09-07T04:23:44.590Z,5,OPERATING,cf1e721e-ba51-4e48-a2bc-b07883091e88
tokyo_disneyland,tdl_fantasyland_peter_pans_flight,2026-09-07T04:22:34.128Z,30,OPERATING,e541ad8f-1457-469a-8f35-457555f475ad
tokyo_disneyland,tdl_fantasyland_cinderella_fairy_tale_hall,2026-09-07T04:23:44.599Z,10,OPERATING,f82709b6-51a3-4b65-8d6f-c2472f5053df
tokyo_disneyland,tdl_tomorrowland_star_tours,2026-09-07T04:23:44.636Z,20,OPERATING,512fd34c-2f0a-4e0a-bcc1-ef4d15c5f803
tokyo_disneyland,tdl_tomorrowland_monsters_inc_ride_and_go_seek,2026-09-07T04:20:41.602Z,30,OPERATING,4ed6a812-df04-4aa8-acb9-c6b164dbb706
tokyo_disneyland,tdl_fantasyland_its_a_small_world,2026-09-07T04:23:44.615Z,5,OPERATING,0de1b543-46fd-4c3f-81c8-31d0cab9ef63
tokyo_disneyland,tdl_fantasyland_poohs_hunny_hunt,2026-09-07T04:23:44.629Z,25,OPERATING,a88464b5-2cf5-4ef1-b38f-96e07b233bf2
tokyo_disneyland,tdl_fantasyland_pinocchios_daring_journey,2026-09-07T04:23:44.607Z,5,OPERATING,6922377e-0ff4-481f-9da3-35051938732a
tokyo_disneyland,tdl_critter_country_splash_mountain,2026-09-07T04:28:35.243Z,5,OPERATING,dfe25d8e-e234-4020-a261-30c6825d0680
tokyo_disneyland,tdl_westernland_big_thunder_mountain,2026-09-07T04:28:35.234Z,5,OPERATING,e3577b4a-f1d9-4ec5-aacf-b99977ea88c9
tokyo_disneyland,tdl_tomorrowland_monsters_inc_ride_and_go_seek,2026-09-07T04:28:35.256Z,30,OPERATING,4ed6a812-df04-4aa8-acb9-c6b164dbb706
tokyo_disneyland,tdl_new_fantasyland_enchanted_tale_of_beauty_and_the_beast,2026-09-07T04:28:35.271Z,50,OPERATING,e76670f0-9f5f-4918-8491-9bf51e73a596
tokyo_disneyland,tdl_fantasyland_poohs_hunny_hunt,2026-09-07T04:28:35.250Z,30,OPERATING,a88464b5-2cf5-4ef1-b38f-96e07b233bf2
tokyo_disneyland,tdl_tomorrowland_baymax_happy_ride,2026-09-07T04:28:35.264Z,40,OPERATING,ca00a0e8-f069-4d0a-9d5e-10cb63010956
tokyo_disneyland,tdl_tomorrowland_star_tours,2026-09-07T04:31:05.486Z,15,OPERATING,512fd34c-2f0a-4e0a-bcc1-ef4d15c5f803
tokyo_disneyland,tdl_new_fantasyland_enchanted_tale_of_beauty_and_the_beast,2026-09-07T04:34:41.391Z,40,OPERATING,e76670f0-9f5f-4918-8491-9bf51e73a596
tokyo_disneyland,tdl_adventureland_jungle_cruise,2026-09-07T04:34:41.381Z,15,OPERATING,e0887415-3da2-458c-8b88-0691e6b8ab63
tokyo_disneyland,tdl_toontown_roger_rabbits_car_toon_spin,2026-09-07T04:31:05.475Z,10,OPERATING,73384e33-a86a-4601-996f-61dbffba6ec2
tokyo_disneyland,tdl_critter_country_splash_mountain,2026-09-07T04:38:46.266Z,5,OPERATING,dfe25d8e-e234-4020-a261-30c6825d0680
tokyo_disneyland,tdl_westernland_big_thunder_mountain,2026-09-07T04:38:46.258Z,5,OPERATING,e3577b4a-f1d9-4ec5-aacf-b99977ea88c9
tokyo_disneyland,tdl_tomorrowland_monsters_inc_ride_and_go_seek,2026-09-07T04:38:46.282Z,30,OPERATING,4ed6a812-df04-4aa8-acb9-c6b164dbb706
tokyo_disneyland,tdl_new_fantasyland_enchanted_tale_of_beauty_and_the_beast,2026-09-07T04:35:42.732Z,40,OPERATING,e76670f0-9f5f-4918-8491-9bf51e73a596
tokyo_disneyland,tdl_adventureland_jungle_cruise,2026-09-07T04:37:47.314Z,10,OPERATING,e0887415-3da2-458c-8b88-0691e6b8ab63
tokyo_disneyland,tdl_fantasyland_poohs_hunny_hunt,2026-09-07T04:38:46.275Z,30,OPERATING,a88464b5-2cf5-4ef1-b38f-96e07b233bf2
tokyo_disneyland,tdl_tomorrowland_baymax_happy_ride,2026-09-07T04:38:46.291Z,40,OPERATING,ca00a0e8-f069-4d0a-9d5e-10cb63010956
tokyo_disneyland,tdl_critter_country_splash_mountain,2026-09-07T04:40:49.598Z,5,OPERATING,dfe25d8e-e234-4020-a261-30c6825d0680
tokyo_disneyland,tdl_westernland_big_thunder_mountain,2026-09-07T04:40:49.590Z,5,OPERATING,e3577b4a-f1d9-4ec5-aacf-b99977ea88c9
tokyo_disneyland,tdl_tomorrowland_monsters_inc_ride_and_go_seek,2026-09-07T04:40:49.611Z,30,OPERATING,4ed6a812-df04-4aa8-acb9-c6b164dbb706
tokyo_disneyland,tdl_new_fantasyland_enchanted_tale_of_beauty_and_the_beast,2026-09-07T04:44:43.134Z,30,OPERATING,e76670f0-9f5f-4918-8491-9bf51e73a596
tokyo_disneyland,tdl_fantasyland_poohs_hunny_hunt,2026-09-07T04:40:49.604Z,30,OPERATING,a88464b5-2cf5-4ef1-b38f-96e07b233bf2
tokyo_disneyland,tdl_tomorrowland_baymax_happy_ride,2026-09-07T04:40:49.618Z,40,OPERATING,ca00a0e8-f069-4d0a-9d5e-10cb63010956
tokyo_disneyland,tdl_fantasyland_peter_pans_flight,2026-09-07T04:46:42.089Z,25,OPERATING,e541ad8f-1457-469a-8f35-457555f475ad
tokyo_disneyland,tdl_new_fantasyland_enchanted_tale_of_beauty_and_the_beast,2026-09-07T04:47:46.550Z,25,OPERATING,e76670f0-9f5f-4918-8491-9bf51e73a596
tokyo_disneyland,tdl_fantasyland_cinderella_fairy_tale_hall,2026-09-07T04:53:48.108Z,5,OPERATING,f82709b6-51a3-4b65-8d6f-c2472f5053df
tokyo_disneyland,tdl_critter_country_splash_mountain,2026-09-07T04:52:52.042Z,5,OPERATING,dfe25d8e-e234-4020-a261-30c6825d0680
tokyo_disneyland,tdl_westernland_big_thunder_mountain,2026-09-07T04:52:52.034Z,5,OPERATING,e3577b4a-f1d9-4ec5-aacf-b99977ea88c9
tokyo_disneyland,tdl_tomorrowland_monsters_inc_ride_and_go_seek,2026-09-07T04:52:52.057Z,30,OPERATING,4ed6a812-df04-4aa8-acb9-c6b164dbb706
tokyo_disneyland,tdl_new_fantasyland_enchanted_tale_of_beauty_and_the_beast,2026-09-07T04:53:48.118Z,30,OPERATING,e76670f0-9f5f-4918-8491-9bf51e73a596
tokyo_disneyland,tdl_fantasyland_poohs_hunny_hunt,2026-09-07T04:52:52.050Z,30,OPERATING,a88464b5-2cf5-4ef1-b38f-96e07b233bf2
tokyo_disneyland,tdl_tomorrowland_baymax_happy_ride,2026-09-07T04:52:52.064Z,40,OPERATING,ca00a0e8-f069-4d0a-9d5e-10cb63010956
tokyo_disneyland,tdl_fantasyland_cinderella_fairy_tale_hall,2026-09-07T04:56:44.962Z,10,OPERATING,f82709b6-51a3-4b65-8d6f-c2472f5053df
tokyo_disneyland,tdl_new_fantasyland_enchanted_tale_of_beauty_and_the_beast,2026-09-07T04:56:44.979Z,40,OPERATING,e76670f0-9f5f-4918-8491-9bf51e73a596
tokyo_disneyland,tdl_tomorrowland_baymax_happy_ride,2026-09-07T04:56:44.971Z,30,OPERATING,ca00a0e8-f069-4d0a-9d5e-10cb63010956
tokyo_disneyland,tdl_critter_country_splash_mountain,2026-09-07T05:04:54.504Z,5,OPERATING,dfe25d8e-e234-4020-a261-30c6825d0680
tokyo_disneyland,tdl_westernland_big_thunder_mountain,2026-09-07T05:04:54.496Z,5,OPERATING,e3577b4a-f1d9-4ec5-aacf-b99977ea88c9
tokyo_disneyland,tdl_tomorrowland_monsters_inc_ride_and_go_seek,2026-09-07T05:04:54.519Z,30,OPERATING,4ed6a812-df04-4aa8-acb9-c6b164dbb706
tokyo_disneyland,tdl_new_fantasyland_enchanted_tale_of_beauty_and_the_beast,2026-09-07T05:04:54.535Z,40,OPERATING,e76670f0-9f5f-4918-8491-9bf51e73a596
tokyo_disneyland,tdl_fantasyland_poohs_hunny_hunt,2026-09-07T05:04:54.512Z,30,OPERATING,a88464b5-2cf5-4ef1-b38f-96e07b233bf2
tokyo_disneyland,tdl_tomorrowland_baymax_happy_ride,2026-09-07T05:04:54.527Z,30,OPERATING,ca00a0e8-f069-4d0a-9d5e-10cb63010956
tokyo_disneyland,tdl_critter_country_splash_mountain,2026-09-07T05:14:52.295Z,5,OPERATING,dfe25d8e-e234-4020-a261-30c6825d0680
tokyo_disneyland,tdl_westernland_big_thunder_mountain,2026-09-07T05:14:52.285Z,5,OPERATING,e3577b4a-f1d9-4ec5-aacf-b99977ea88c9
tokyo_disneyland,tdl_tomorrowland_monsters_inc_ride_and_go_seek,2026-09-07T05:14:52.311Z,30,OPERATING,4ed6a812-df04-4aa8-acb9-c6b164dbb706
tokyo_disneyland,tdl_new_fantasyland_enchanted_tale_of_beauty_and_the_beast,2026-09-07T05:14:52.327Z,50,OPERATING,e76670f0-9f5f-4918-8491-9bf51e73a596
tokyo_disneyland,tdl_adventureland_jungle_cruise,2026-09-07T05:11:52.068Z,5,OPERATING,e0887415-3da2-458c-8b88-0691e6b8ab63
tokyo_disneyland,tdl_fantasyland_poohs_hunny_hunt,2026-09-07T05:14:52.303Z,30,OPERATING,a88464b5-2cf5-4ef1-b38f-96e07b233bf2
tokyo_disneyland,tdl_tomorrowland_baymax_happy_ride,2026-09-07T05:14:52.319Z,40,OPERATING,ca00a0e8-f069-4d0a-9d5e-10cb63010956
tokyo_disneyland,tdl_critter_country_splash_mountain,2026-09-07T05:19:38.886Z,10,OPERATING,dfe25d8e-e234-4020-a261-30c6825d0680
tokyo_disneyland,tdl_westernland_big_thunder_mountain,2026-09-07T05:17:08.345Z,5,OPERATING,e3577b4a-f1d9-4ec5-aacf-b99977ea88c9
tokyo_disneyland,tdl_tomorrowland_monsters_inc_ride_and_go_seek,2026-09-07T05:17:08.368Z,30,OPERATING,4ed6a812-df04-4aa8-acb9-c6b164dbb706
tokyo_disneyland,tdl_new_fantasyland_enchanted_tale_of_beauty_and_the_beast,2026-09-07T05:17:08.386Z,50,OPERATING,e76670f0-9f5f-4918-8491-9bf51e73a596
tokyo_disneyland,tdl_fantasyland_poohs_hunny_hunt,2026-09-07T05:17:08.361Z,30,OPERATING,a88464b5-2cf5-4ef1-b38f-96e07b233bf2
tokyo_disneyland,tdl_tomorrowland_baymax_happy_ride,2026-09-07T05:17:08.377Z,40,OPERATING,ca00a0e8-f069-4d0a-9d5e-10cb63010956
tokyo_disneyland,tdl_critter_country_splash_mountain,2026-09-07T05:23:14.379Z,10,OPERATING,dfe25d8e-e234-4020-a261-30c6825d0680
tokyo_disneyland,tdl_tomorrowland_star_tours,2026-09-07T05:23:14.388Z,10,OPERATING,512fd34c-2f0a-4e0a-bcc1-ef4d15c5f803
tokyo_disneyland,tdl_fantasyland_peter_pans_flight,2026-09-07T05:25:42.939Z,30,OPERATING,e541ad8f-1457-469a-8f35-457555f475ad
tokyo_disneyland,tdl_critter_country_splash_mountain,2026-09-07T05:29:13.739Z,10,OPERATING,dfe25d8e-e234-4020-a261-30c6825d0680
tokyo_disneyland,tdl_westernland_big_thunder_mountain,2026-09-07T05:29:13.724Z,5,OPERATING,e3577b4a-f1d9-4ec5-aacf-b99977ea88c9
tokyo_disneyland,tdl_tomorrowland_monsters_inc_ride_and_go_seek,2026-09-07T05:29:13.766Z,30,OPERATING,4ed6a812-df04-4aa8-acb9-c6b164dbb706
tokyo_disneyland,tdl_new_fantasyland_enchanted_tale_of_beauty_and_the_beast,2026-09-07T05:29:13.781Z,50,OPERATING,e76670f0-9f5f-4918-8491-9bf51e73a596
tokyo_disneyland,tdl_fantasyland_its_a_small_world,2026-09-07T05:29:13.747Z,10,OPERATING,0de1b543-46fd-4c3f-81c8-31d0cab9ef63
tokyo_disneyland,tdl_fantasyland_poohs_hunny_hunt,2026-09-07T05:29:56.671Z,40,OPERATING,a88464b5-2cf5-4ef1-b38f-96e07b233bf2
tokyo_disneyland,tdl_tomorrowland_baymax_happy_ride,2026-09-07T05:29:13.775Z,40,OPERATING,ca00a0e8-f069-4d0a-9d5e-10cb63010956
tokyo_disneyland,tdl_fantasyland_pinocchios_daring_journey,2026-09-07T05:29:56.662Z,10,OPERATING,6922377e-0ff4-481f-9da3-35051938732a
tokyo_disneyland,tdl_fantasyland_poohs_hunny_hunt,2026-09-07T05:31:42.429Z,40,OPERATING,a88464b5-2cf5-4ef1-b38f-96e07b233bf2
tokyo_disneyland,tdl_toontown_roger_rabbits_car_toon_spin,2026-09-07T05:33:07.224Z,15,OPERATING,73384e33-a86a-4601-996f-61dbffba6ec2
tokyo_disneyland,tdl_critter_country_splash_mountain,2026-09-07T05:39:03.122Z,10,OPERATING,dfe25d8e-e234-4020-a261-30c6825d0680
tokyo_disneyland,tdl_westernland_big_thunder_mountain,2026-09-07T05:39:03.111Z,5,OPERATING,e3577b4a-f1d9-4ec5-aacf-b99977ea88c9
tokyo_disneyland,tdl_tomorrowland_monsters_inc_ride_and_go_seek,2026-09-07T05:39:03.144Z,30,OPERATING,4ed6a812-df04-4aa8-acb9-c6b164dbb706
tokyo_disneyland,tdl_new_fantasyland_enchanted_tale_of_beauty_and_the_beast,2026-09-07T05:39:03.169Z,50,OPERATING,e76670f0-9f5f-4918-8491-9bf51e73a596
tokyo_disneyland,tdl_fantasyland_poohs_hunny_hunt,2026-09-07T05:39:03.133Z,40,OPERATING,a88464b5-2cf5-4ef1-b38f-96e07b233bf2
tokyo_disneyland,tdl_tomorrowland_baymax_happy_ride,2026-09-07T05:39:03.157Z,30,OPERATING,ca00a0e8-f069-4d0a-9d5e-10cb63010956
tokyo_disneyland,tdl_fantasyland_peter_pans_flight,2026-09-07T05:44:03.864Z,25,OPERATING,e541ad8f-1457-469a-8f35-457555f475ad
tokyo_disneyland,tdl_critter_country_splash_mountain,2026-09-07T05:41:32.665Z,10,OPERATING,dfe25d8e-e234-4020-a261-30c6825d0680
tokyo_disneyland,tdl_tomorrowland_star_tours,2026-09-07T05:41:32.681Z,15,OPERATING,512fd34c-2f0a-4e0a-bcc1-ef4d15c5f803
tokyo_disneyland,tdl_westernland_big_thunder_mountain,2026-09-07T05:41:32.657Z,5,OPERATING,e3577b4a-f1d9-4ec5-aacf-b99977ea88c9
tokyo_disneyland,tdl_tomorrowland_monsters_inc_ride_and_go_seek,2026-09-07T05:41:32.689Z,30,OPERATING,4ed6a812-df04-4aa8-acb9-c6b164dbb706
tokyo_disneyland,tdl_new_fantasyland_enchanted_tale_of_beauty_and_the_beast,2026-09-07T05:45:01.373Z,40,OPERATING,e76670f0-9f5f-4918-8491-9bf51e73a596
tokyo_disneyland,tdl_fantasyland_poohs_hunny_hunt,2026-09-07T05:41:32.674Z,40,OPERATING,a88464b5-2cf5-4ef1-b38f-96e07b233bf2
tokyo_disneyland,tdl_tomorrowland_baymax_happy_ride,2026-09-07T05:44:03.876Z,40,OPERATING,ca00a0e8-f069-4d0a-9d5e-10cb63010956
tokyo_disneyland,tdl_westernland_big_thunder_mountain,2026-09-07T05:48:03.968Z,10,OPERATING,e3577b4a-f1d9-4ec5-aacf-b99977ea88c9
tokyo_disneyland,tdl_fantasyland_poohs_hunny_hunt,2026-09-07T05:48:03.991Z,30,OPERATING,a88464b5-2cf5-4ef1-b38f-96e07b233bf2
tokyo_disneyland,tdl_toontown_roger_rabbits_car_toon_spin,2026-09-07T05:48:03.998Z,20,OPERATING,73384e33-a86a-4601-996f-61dbffba6ec2
tokyo_disneyland,tdl_critter_country_splash_mountain,2026-09-07T05:53:37.799Z,10,OPERATING,dfe25d8e-e234-4020-a261-30c6825d0680
tokyo_disneyland,tdl_westernland_big_thunder_mountain,2026-09-07T05:53:37.791Z,10,OPERATING,e3577b4a-f1d9-4ec5-aacf-b99977ea88c9
tokyo_disneyland,tdl_tomorrowland_monsters_inc_ride_and_go_seek,2026-09-07T05:53:37.815Z,30,OPERATING,4ed6a812-df04-4aa8-acb9-c6b164dbb706
tokyo_disneyland,tdl_new_fantasyland_enchanted_tale_of_beauty_and_the_beast,2026-09-07T05:53:37.829Z,40,OPERATING,e76670f0-9f5f-4918-8491-9bf51e73a596
tokyo_disneyland,tdl_fantasyland_poohs_hunny_hunt,2026-09-07T05:53:37.806Z,30,OPERATING,a88464b5-2cf5-4ef1-b38f-96e07b233bf2
tokyo_disneyland,tdl_tomorrowland_baymax_happy_ride,2026-09-07T05:53:37.822Z,40,OPERATING,ca00a0e8-f069-4d0a-9d5e-10cb63010956
tokyo_disneyland,tdl_new_fantasyland_enchanted_tale_of_beauty_and_the_beast,2026-09-07T05:57:15.087Z,30,OPERATING,e76670f0-9f5f-4918-8491-9bf51e73a596
tokyo_disneyland,tdl_toontown_roger_rabbits_car_toon_spin,2026-09-07T05:56:10.534Z,25,OPERATING,73384e33-a86a-4601-996f-61dbffba6ec2
tokyo_disneyland,tdl_critter_country_splash_mountain,2026-09-07T06:03:49.047Z,10,OPERATING,dfe25d8e-e234-4020-a261-30c6825d0680
tokyo_disneyland,tdl_tomorrowland_star_tours,2026-09-07T06:02:49.613Z,20,OPERATING,512fd34c-2f0a-4e0a-bcc1-ef4d15c5f803
tokyo_disneyland,tdl_westernland_big_thunder_mountain,2026-09-07T06:03:49.039Z,10,OPERATING,e3577b4a-f1d9-4ec5-aacf-b99977ea88c9
tokyo_disneyland,tdl_tomorrowland_monsters_inc_ride_and_go_seek,2026-09-07T06:03:49.060Z,30,OPERATING,4ed6a812-df04-4aa8-acb9-c6b164dbb706
tokyo_disneyland,tdl_new_fantasyland_enchanted_tale_of_beauty_and_the_beast,2026-09-07T06:03:49.076Z,25,OPERATING,e76670f0-9f5f-4918-8491-9bf51e73a596
tokyo_disneyland,tdl_fantasyland_poohs_hunny_hunt,2026-09-07T06:03:49.053Z,30,OPERATING,a88464b5-2cf5-4ef1-b38f-96e07b233bf2
tokyo_disneyland,tdl_tomorrowland_baymax_happy_ride,2026-09-07T06:03:49.069Z,40,OPERATING,ca00a0e8-f069-4d0a-9d5e-10cb63010956
tokyo_disneyland,tdl_critter_country_splash_mountain,2026-09-07T06:06:28.332Z,15,OPERATING,dfe25d8e-e234-4020-a261-30c6825d0680
tokyo_disneyland,tdl_tomorrowland_star_tours,2026-09-07T06:09:32.920Z,25,OPERATING,512fd34c-2f0a-4e0a-bcc1-ef4d15c5f803
tokyo_disneyland,tdl_critter_country_splash_mountain,2026-09-07T06:12:39.172Z,15,OPERATING,dfe25d8e-e234-4020-a261-30c6825d0680
tokyo_disneyland,tdl_westernland_big_thunder_mountain,2026-09-07T06:12:39.126Z,10,OPERATING,e3577b4a-f1d9-4ec5-aacf-b99977ea88c9
tokyo_disneyland,tdl_tomorrowland_monsters_inc_ride_and_go_seek,2026-09-07T06:12:39.189Z,30,OPERATING,4ed6a812-df04-4aa8-acb9-c6b164dbb706
tokyo_disneyland,tdl_new_fantasyland_enchanted_tale_of_beauty_and_the_beast,2026-09-07T06:12:39.206Z,30,OPERATING,e76670f0-9f5f-4918-8491-9bf51e73a596
tokyo_disneyland,tdl_fantasyland_poohs_hunny_hunt,2026-09-07T06:12:39.180Z,30,OPERATING,a88464b5-2cf5-4ef1-b38f-96e07b233bf2
tokyo_disneyland,tdl_tomorrowland_baymax_happy_ride,2026-09-07T06:13:04.811Z,30,OPERATING,ca00a0e8-f069-4d0a-9d5e-10cb63010956
tokyo_disneyland,tdl_world_bazaar_omnibus,2026-09-07T06:20:00.060Z,5,OPERATING,cf1e721e-ba51-4e48-a2bc-b07883091e88
tokyo_disneyland,tdl_fantasyland_peter_pans_flight,2026-09-07T06:18:31.776Z,30,OPERATING,e541ad8f-1457-469a-8f35-457555f475ad
tokyo_disneyland,tdl_critter_country_splash_mountain,2026-09-07T06:15:31.081Z,15,OPERATING,dfe25d8e-e234-4020-a261-30c6825d0680
tokyo_disneyland,tdl_tomorrowland_star_tours,2026-09-07T06:15:31.097Z,20,OPERATING,512fd34c-2f0a-4e0a-bcc1-ef4d15c5f803
tokyo_disneyland,tdl_westernland_big_thunder_mountain,2026-09-07T06:20:00.075Z,15,OPERATING,e3577b4a-f1d9-4ec5-aacf-b99977ea88c9
tokyo_disneyland,tdl_tomorrowland_monsters_inc_ride_and_go_seek,2026-09-07T06:15:31.105Z,30,OPERATING,4ed6a812-df04-4aa8-acb9-c6b164dbb706
tokyo_disneyland,tdl_new_fantasyland_enchanted_tale_of_beauty_and_the_beast,2026-09-07T06:20:00.117Z,40,OPERATING,e76670f0-9f5f-4918-8491-9bf51e73a596
tokyo_disneyland,tdl_fantasyland_poohs_hunny_hunt,2026-09-07T06:15:31.089Z,30,OPERATING,a88464b5-2cf5-4ef1-b38f-96e07b233bf2
tokyo_disneyland,tdl_tomorrowland_baymax_happy_ride,2026-09-07T06:15:31.112Z,30,OPERATING,ca00a0e8-f069-4d0a-9d5e-10cb63010956
tokyo_disneyland,tdl_critter_country_splash_mountain,2026-09-07T06:24:37.224Z,10,OPERATING,dfe25d8e-e234-4020-a261-30c6825d0680
tokyo_disneyland,tdl_westernland_big_thunder_mountain,2026-09-07T06:22:55.891Z,15,OPERATING,e3577b4a-f1d9-4ec5-aacf-b99977ea88c9
tokyo_disneyland,tdl_tomorrowland_monsters_inc_ride_and_go_seek,2026-09-07T06:22:55.915Z,30,OPERATING,4ed6a812-df04-4aa8-acb9-c6b164dbb706
tokyo_disneyland,tdl_fantasyland_poohs_hunny_hunt,2026-09-07T06:22:55.907Z,30,OPERATING,a88464b5-2cf5-4ef1-b38f-96e07b233bf2
tokyo_disneyland,tdl_tomorrowland_baymax_happy_ride,2026-09-07T06:22:55.921Z,30,OPERATING,ca00a0e8-f069-4d0a-9d5e-10cb63010956
tokyo_disneyland,tdl_critter_country_splash_mountain,2026-09-07T06:27:34.817Z,10,OPERATING,dfe25d8e-e234-4020-a261-30c6825d0680
tokyo_disneyland,tdl_tomorrowland_star_tours,2026-09-07T06:29:35.665Z,15,OPERATING,512fd34c-2f0a-4e0a-bcc1-ef4d15c5f803
tokyo_disneyland,tdl_westernland_big_thunder_mountain,2026-09-07T06:27:34.808Z,15,OPERATING,e3577b4a-f1d9-4ec5-aacf-b99977ea88c9
tokyo_disneyland,tdl_tomorrowland_monsters_inc_ride_and_go_seek,2026-09-07T06:27:34.833Z,30,OPERATING,4ed6a812-df04-4aa8-acb9-c6b164dbb706
tokyo_disneyland,tdl_new_fantasyland_enchanted_tale_of_beauty_and_the_beast,2026-09-07T06:27:34.850Z,40,OPERATING,e76670f0-9f5f-4918-8491-9bf51e73a596
tokyo_disneyland,tdl_fantasyland_poohs_hunny_hunt,2026-09-07T06:27:34.825Z,30,OPERATING,a88464b5-2cf5-4ef1-b38f-96e07b233bf2
tokyo_disneyland,tdl_tomorrowland_baymax_happy_ride,2026-09-07T06:29:35.675Z,40,OPERATING,ca00a0e8-f069-4d0a-9d5e-10cb63010956
tokyo_disneyland,tdl_critter_country_splash_mountain,2026-09-07T06:33:31.971Z,10,OPERATING,dfe25d8e-e234-4020-a261-30c6825d0680
tokyo_disneyland,tdl_westernland_big_thunder_mountain,2026-09-07T06:33:31.963Z,15,OPERATING,e3577b4a-f1d9-4ec5-aacf-b99977ea88c9
tokyo_disneyland,tdl_tomorrowland_monsters_inc_ride_and_go_seek,2026-09-07T06:33:31.991Z,30,OPERATING,4ed6a812-df04-4aa8-acb9-c6b164dbb706
tokyo_disneyland,tdl_new_fantasyland_enchanted_tale_of_beauty_and_the_beast,2026-09-07T06:33:32.014Z,40,OPERATING,e76670f0-9f5f-4918-8491-9bf51e73a596
tokyo_disneyland,tdl_adventureland_jungle_cruise,2026-09-07T06:33:41.320Z,10,OPERATING,e0887415-3da2-458c-8b88-0691e6b8ab63
tokyo_disneyland,tdl_fantasyland_poohs_hunny_hunt,2026-09-07T06:33:41.328Z,25,OPERATING,a88464b5-2cf5-4ef1-b38f-96e07b233bf2
tokyo_disneyland,tdl_tomorrowland_baymax_happy_ride,2026-09-07T06:33:41.336Z,30,OPERATING,ca00a0e8-f069-4d0a-9d5e-10cb63010956
tokyo_disneyland,tdl_world_bazaar_omnibus,2026-09-07T06:39:45.670Z,10,OPERATING,cf1e721e-ba51-4e48-a2bc-b07883091e88
tokyo_disneyland,tdl_critter_country_splash_mountain,2026-09-07T06:39:45.689Z,15,OPERATING,dfe25d8e-e234-4020-a261-30c6825d0680
tokyo_disneyland,tdl_tomorrowland_star_tours,2026-09-07T06:37:48.168Z,10,OPERATING,512fd34c-2f0a-4e0a-bcc1-ef4d15c5f803
tokyo_disneyland,tdl_westernland_big_thunder_mountain,2026-09-07T06:39:45.681Z,15,OPERATING,e3577b4a-f1d9-4ec5-aacf-b99977ea88c9
tokyo_disneyland,tdl_tomorrowland_monsters_inc_ride_and_go_seek,2026-09-07T06:39:45.699Z,30,OPERATING,4ed6a812-df04-4aa8-acb9-c6b164dbb706
tokyo_disneyland,tdl_new_fantasyland_enchanted_tale_of_beauty_and_the_beast,2026-09-07T06:39:45.716Z,40,OPERATING,e76670f0-9f5f-4918-8491-9bf51e73a596
tokyo_disneyland,tdl_toontown_roger_rabbits_car_toon_spin,2026-09-07T06:36:41.154Z,20,OPERATING,73384e33-a86a-4601-996f-61dbffba6ec2
tokyo_disneyland,tdl_tomorrowland_baymax_happy_ride,2026-09-07T06:39:45.708Z,30,OPERATING,ca00a0e8-f069-4d0a-9d5e-10cb63010956
tokyo_disneyland,tdl_fantasyland_peter_pans_flight,2026-09-07T06:42:43.278Z,25,OPERATING,e541ad8f-1457-469a-8f35-457555f475ad
tokyo_disneyland,tdl_critter_country_splash_mountain,2026-09-07T06:40:27.693Z,15,OPERATING,dfe25d8e-e234-4020-a261-30c6825d0680
tokyo_disneyland,tdl_westernland_big_thunder_mountain,2026-09-07T06:43:02.001Z,10,OPERATING,e3577b4a-f1d9-4ec5-aacf-b99977ea88c9
tokyo_disneyland,tdl_adventureland_western_river_railroad,2026-09-07T06:42:43.258Z,15,OPERATING,6ee0697f-57ba-4c7b-8216-7c55b21288d4
tokyo_disneyland,tdl_tomorrowland_star_tours,2026-09-07T06:48:54.908Z,5,OPERATING,512fd34c-2f0a-4e0a-bcc1-ef4d15c5f803
tokyo_disneyland,tdl_tomorrowland_monsters_inc_ride_and_go_seek,2026-09-07T06:46:53.715Z,30,OPERATING,4ed6a812-df04-4aa8-acb9-c6b164dbb706
tokyo_disneyland,tdl_new_fantasyland_enchanted_tale_of_beauty_and_the_beast,2026-09-07T06:46:53.727Z,40,OPERATING,e76670f0-9f5f-4918-8491-9bf51e73a596
tokyo_disneyland,tdl_adventureland_western_river_railroad,2026-09-07T06:48:54.897Z,10,OPERATING,6ee0697f-57ba-4c7b-8216-7c55b21288d4
tokyo_disneyland,tdl_fantasyland_poohs_hunny_hunt,2026-09-07T06:46:53.708Z,25,OPERATING,a88464b5-2cf5-4ef1-b38f-96e07b233bf2
tokyo_disneyland,tdl_tomorrowland_baymax_happy_ride,2026-09-07T06:49:31.731Z,25,OPERATING,ca00a0e8-f069-4d0a-9d5e-10cb63010956
tokyo_disneyland,tdl_critter_country_splash_mountain,2026-09-07T06:52:40.380Z,15,OPERATING,dfe25d8e-e234-4020-a261-30c6825d0680
tokyo_disneyland,tdl_westernland_big_thunder_mountain,2026-09-07T06:52:40.372Z,10,OPERATING,e3577b4a-f1d9-4ec5-aacf-b99977ea88c9
tokyo_disneyland,tdl_tomorrowland_monsters_inc_ride_and_go_seek,2026-09-07T06:52:40.405Z,30,OPERATING,4ed6a812-df04-4aa8-acb9-c6b164dbb706
tokyo_disneyland,tdl_new_fantasyland_enchanted_tale_of_beauty_and_the_beast,2026-09-07T06:52:40.421Z,40,OPERATING,e76670f0-9f5f-4918-8491-9bf51e73a596
tokyo_disneyland,tdl_adventureland_jungle_cruise,2026-09-07T06:52:40.363Z,15,OPERATING,e0887415-3da2-458c-8b88-0691e6b8ab63
tokyo_disneyland,tdl_toontown_roger_rabbits_car_toon_spin,2026-09-07T06:52:40.397Z,15,OPERATING,73384e33-a86a-4601-996f-61dbffba6ec2
tokyo_disneyland,tdl_fantasyland_poohs_hunny_hunt,2026-09-07T06:52:40.390Z,25,OPERATING,a88464b5-2cf5-4ef1-b38f-96e07b233bf2
tokyo_disneyland,tdl_tomorrowland_baymax_happy_ride,2026-09-07T06:52:40.413Z,25,OPERATING,ca00a0e8-f069-4d0a-9d5e-10cb63010956
tokyo_disneyland,tdl_fantasyland_cinderella_fairy_tale_hall,2026-09-07T06:56:13.170Z,5,OPERATING,f82709b6-51a3-4b65-8d6f-c2472f5053df
tokyo_disneyland,tdl_critter_country_splash_mountain,2026-09-07T07:00:05.659Z,15,OPERATING,dfe25d8e-e234-4020-a261-30c6825d0680
tokyo_disneyland,tdl_westernland_big_thunder_mountain,2026-09-07T07:00:05.629Z,10,OPERATING,e3577b4a-f1d9-4ec5-aacf-b99977ea88c9
tokyo_disneyland,tdl_tomorrowland_monsters_inc_ride_and_go_seek,2026-09-07T07:00:05.693Z,30,OPERATING,4ed6a812-df04-4aa8-acb9-c6b164dbb706
tokyo_disneyland,tdl_new_fantasyland_enchanted_tale_of_beauty_and_the_beast,2026-09-07T07:00:05.713Z,40,OPERATING,e76670f0-9f5f-4918-8491-9bf51e73a596
tokyo_disneyland,tdl_toontown_roger_rabbits_car_toon_spin,2026-09-07T06:58:00.694Z,20,OPERATING,73384e33-a86a-4601-996f-61dbffba6ec2
tokyo_disneyland,tdl_fantasyland_poohs_hunny_hunt,2026-09-07T07:00:05.676Z,25,OPERATING,a88464b5-2cf5-4ef1-b38f-96e07b233bf2
tokyo_disneyland,tdl_tomorrowland_baymax_happy_ride,2026-09-07T07:00:05.703Z,40,OPERATING,ca00a0e8-f069-4d0a-9d5e-10cb63010956
tokyo_disneyland,tdl_critter_country_splash_mountain,2026-09-07T07:04:15.776Z,15,OPERATING,dfe25d8e-e234-4020-a261-30c6825d0680
tokyo_disneyland,tdl_westernland_big_thunder_mountain,2026-09-07T07:04:15.766Z,10,OPERATING,e3577b4a-f1d9-4ec5-aacf-b99977ea88c9
tokyo_disneyland,tdl_tomorrowland_monsters_inc_ride_and_go_seek,2026-09-07T07:04:15.794Z,30,OPERATING,4ed6a812-df04-4aa8-acb9-c6b164dbb706
tokyo_disneyland,tdl_new_fantasyland_enchanted_tale_of_beauty_and_the_beast,2026-09-07T07:04:15.809Z,40,OPERATING,e76670f0-9f5f-4918-8491-9bf51e73a596
tokyo_disneyland,tdl_fantasyland_its_a_small_world,2026-09-07T07:03:12.937Z,5,OPERATING,0de1b543-46fd-4c3f-81c8-31d0cab9ef63
tokyo_disneyland,tdl_fantasyland_poohs_hunny_hunt,2026-09-07T07:04:15.785Z,25,OPERATING,a88464b5-2cf5-4ef1-b38f-96e07b233bf2
tokyo_disneyland,tdl_tomorrowland_baymax_happy_ride,2026-09-07T07:04:15.801Z,40,OPERATING,ca00a0e8-f069-4d0a-9d5e-10cb63010956
tokyo_disneyland,tdl_westernland_mark_twain_riverboat,2026-09-07T07:07:27.624Z,10,OPERATING,02a96ff7-da13-48b5-b1a8-f29d9f6109fc
tokyo_disneyland,tdl_critter_country_splash_mountain,2026-09-07T07:11:42.937Z,15,OPERATING,dfe25d8e-e234-4020-a261-30c6825d0680
tokyo_disneyland,tdl_westernland_big_thunder_mountain,2026-09-07T07:11:42.927Z,10,OPERATING,e3577b4a-f1d9-4ec5-aacf-b99977ea88c9
tokyo_disneyland,tdl_tomorrowland_monsters_inc_ride_and_go_seek,2026-09-07T07:11:42.953Z,30,OPERATING,4ed6a812-df04-4aa8-acb9-c6b164dbb706
tokyo_disneyland,tdl_new_fantasyland_enchanted_tale_of_beauty_and_the_beast,2026-09-07T07:15:14.208Z,30,OPERATING,e76670f0-9f5f-4918-8491-9bf51e73a596
tokyo_disneyland,tdl_fantasyland_poohs_hunny_hunt,2026-09-07T07:11:42.946Z,25,OPERATING,a88464b5-2cf5-4ef1-b38f-96e07b233bf2
tokyo_disneyland,tdl_tomorrowland_baymax_happy_ride,2026-09-07T07:11:42.960Z,40,OPERATING,ca00a0e8-f069-4d0a-9d5e-10cb63010956
tokyo_disneyland,tdl_critter_country_splash_mountain,2026-09-07T07:16:58.993Z,15,OPERATING,dfe25d8e-e234-4020-a261-30c6825d0680
tokyo_disneyland,tdl_westernland_big_thunder_mountain,2026-09-07T07:16:58.985Z,10,OPERATING,e3577b4a-f1d9-4ec5-aacf-b99977ea88c9
tokyo_disneyland,tdl_tomorrowland_monsters_inc_ride_and_go_seek,2026-09-07T07:16:59.013Z,30,OPERATING,4ed6a812-df04-4aa8-acb9-c6b164dbb706
tokyo_disneyland,tdl_new_fantasyland_enchanted_tale_of_beauty_and_the_beast,2026-09-07T07:16:59.031Z,30,OPERATING,e76670f0-9f5f-4918-8491-9bf51e73a596
tokyo_disneyland,tdl_toontown_roger_rabbits_car_toon_spin,2026-09-07T07:17:47.584Z,15,OPERATING,73384e33-a86a-4601-996f-61dbffba6ec2
tokyo_disneyland,tdl_fantasyland_poohs_hunny_hunt,2026-09-07T07:16:59.001Z,25,OPERATING,a88464b5-2cf5-4ef1-b38f-96e07b233bf2
tokyo_disneyland,tdl_tomorrowland_baymax_happy_ride,2026-09-07T07:17:47.595Z,30,OPERATING,ca00a0e8-f069-4d0a-9d5e-10cb63010956
tokyo_disneyland,tdl_fantasyland_peter_pans_flight,2026-09-07T07:22:10.295Z,30,OPERATING,e541ad8f-1457-469a-8f35-457555f475ad
tokyo_disneyland,tdl_critter_country_splash_mountain,2026-09-07T07:23:53.597Z,15,OPERATING,dfe25d8e-e234-4020-a261-30c6825d0680
tokyo_disneyland,tdl_westernland_big_thunder_mountain,2026-09-07T07:23:53.589Z,10,OPERATING,e3577b4a-f1d9-4ec5-aacf-b99977ea88c9
tokyo_disneyland,tdl_tomorrowland_monsters_inc_ride_and_go_seek,2026-09-07T07:23:53.610Z,30,OPERATING,4ed6a812-df04-4aa8-acb9-c6b164dbb706
tokyo_disneyland,tdl_new_fantasyland_enchanted_tale_of_beauty_and_the_beast,2026-09-07T07:23:53.617Z,30,OPERATING,e76670f0-9f5f-4918-8491-9bf51e73a596
tokyo_disneyland,tdl_adventureland_jungle_cruise,2026-09-07T07:23:31.031Z,20,OPERATING,e0887415-3da2-458c-8b88-0691e6b8ab63
tokyo_disneyland,tdl_fantasyland_poohs_hunny_hunt,2026-09-07T07:23:53.603Z,25,OPERATING,a88464b5-2cf5-4ef1-b38f-96e07b233bf2
tokyo_disneyland,tdl_critter_country_splash_mountain,2026-09-07T07:29:11.444Z,15,OPERATING,dfe25d8e-e234-4020-a261-30c6825d0680
tokyo_disneyland,tdl_westernland_big_thunder_mountain,2026-09-07T07:29:11.433Z,10,OPERATING,e3577b4a-f1d9-4ec5-aacf-b99977ea88c9
tokyo_disneyland,tdl_tomorrowland_monsters_inc_ride_and_go_seek,2026-09-07T07:29:11.460Z,30,OPERATING,4ed6a812-df04-4aa8-acb9-c6b164dbb706
tokyo_disneyland,tdl_new_fantasyland_enchanted_tale_of_beauty_and_the_beast,2026-09-07T07:29:11.477Z,40,OPERATING,e76670f0-9f5f-4918-8491-9bf51e73a596
tokyo_disneyland,tdl_fantasyland_poohs_hunny_hunt,2026-09-07T07:29:11.453Z,25,OPERATING,a88464b5-2cf5-4ef1-b38f-96e07b233bf2
tokyo_disneyland,tdl_tomorrowland_baymax_happy_ride,2026-09-07T07:29:11.468Z,30,OPERATING,ca00a0e8-f069-4d0a-9d5e-10cb63010956
tokyo_disneyland,tdl_fantasyland_cinderella_fairy_tale_hall,2026-09-07T07:32:11.660Z,10,OPERATING,f82709b6-51a3-4b65-8d6f-c2472f5053df
tokyo_disneyland,tdl_westernland_big_thunder_mountain,2026-09-07T07:35:11.947Z,20,OPERATING,e3577b4a-f1d9-4ec5-aacf-b99977ea88c9
tokyo_disneyland,tdl_new_fantasyland_enchanted_tale_of_beauty_and_the_beast,2026-09-07T07:33:50.613Z,30,OPERATING,e76670f0-9f5f-4918-8491-9bf51e73a596
tokyo_disneyland,tdl_fantasyland_poohs_hunny_hunt,2026-09-07T07:35:11.958Z,30,OPERATING,a88464b5-2cf5-4ef1-b38f-96e07b233bf2
tokyo_disneyland,tdl_critter_country_splash_mountain,2026-09-07T07:38:07.568Z,15,OPERATING,dfe25d8e-e234-4020-a261-30c6825d0680
tokyo_disneyland,tdl_westernland_big_thunder_mountain,2026-09-07T07:38:07.560Z,20,OPERATING,e3577b4a-f1d9-4ec5-aacf-b99977ea88c9
tokyo_disneyland,tdl_tomorrowland_monsters_inc_ride_and_go_seek,2026-09-07T07:38:07.582Z,30,OPERATING,4ed6a812-df04-4aa8-acb9-c6b164dbb706
tokyo_disneyland,tdl_fantasyland_poohs_hunny_hunt,2026-09-07T07:38:07.574Z,30,OPERATING,a88464b5-2cf5-4ef1-b38f-96e07b233bf2
tokyo_disneyland,tdl_tomorrowland_baymax_happy_ride,2026-09-07T07:38:07.589Z,30,OPERATING,ca00a0e8-f069-4d0a-9d5e-10cb63010956
tokyo_disneyland,tdl_fantasyland_peter_pans_flight,2026-09-07T07:40:40.630Z,25,OPERATING,e541ad8f-1457-469a-8f35-457555f475ad
tokyo_disneyland,tdl_critter_country_splash_mountain,2026-09-07T07:44:12.754Z,20,OPERATING,dfe25d8e-e234-4020-a261-30c6825d0680
tokyo_disneyland,tdl_toontown_gadgets_go_coaster,2026-09-07T07:43:20.389Z,10,OPERATING,52c5e406-67e2-4d37-aee8-987644d87b63
tokyo_disneyland,tdl_westernland_big_thunder_mountain,2026-09-07T07:43:20.365Z,25,OPERATING,e3577b4a-f1d9-4ec5-aacf-b99977ea88c9
tokyo_disneyland,tdl_tomorrowland_monsters_inc_ride_and_go_seek,2026-09-07T07:44:12.765Z,25,OPERATING,4ed6a812-df04-4aa8-acb9-c6b164dbb706
tokyo_disneyland,tdl_new_fantasyland_enchanted_tale_of_beauty_and_the_beast,2026-09-07T07:41:12.862Z,30,OPERATING,e76670f0-9f5f-4918-8491-9bf51e73a596
tokyo_disneyland,tdl_adventureland_jungle_cruise,2026-09-07T07:43:20.357Z,15,OPERATING,e0887415-3da2-458c-8b88-0691e6b8ab63
tokyo_disneyland,tdl_fantasyland_poohs_hunny_hunt,2026-09-07T07:43:20.380Z,25,OPERATING,a88464b5-2cf5-4ef1-b38f-96e07b233bf2
tokyo_disneyland,tdl_tomorrowland_baymax_happy_ride,2026-09-07T07:43:20.406Z,40,OPERATING,ca00a0e8-f069-4d0a-9d5e-10cb63010956
tokyo_disneyland,tdl_fantasyland_peter_pans_flight,2026-09-07T07:50:13.165Z,20,OPERATING,e541ad8f-1457-469a-8f35-457555f475ad
tokyo_disneyland,tdl_critter_country_splash_mountain,2026-09-07T07:48:43.037Z,20,OPERATING,dfe25d8e-e234-4020-a261-30c6825d0680
tokyo_disneyland,tdl_tomorrowland_monsters_inc_ride_and_go_seek,2026-09-07T07:48:43.046Z,20,OPERATING,4ed6a812-df04-4aa8-acb9-c6b164dbb706
tokyo_disneyland,tdl_new_fantasyland_enchanted_tale_of_beauty_and_the_beast,2026-09-07T07:48:43.054Z,25,OPERATING,e76670f0-9f5f-4918-8491-9bf51e73a596
tokyo_disneyland,tdl_toontown_roger_rabbits_car_toon_spin,2026-09-07T07:46:34.575Z,10,OPERATING,73384e33-a86a-4601-996f-61dbffba6ec2
tokyo_disneyland,tdl_tomorrowland_baymax_happy_ride,2026-09-07T07:50:13.174Z,30,OPERATING,ca00a0e8-f069-4d0a-9d5e-10cb63010956
tokyo_disneyland,tdl_fantasyland_pinocchios_daring_journey,2026-09-07T07:47:12.967Z,5,OPERATING,6922377e-0ff4-481f-9da3-35051938732a
tokyo_disneyland,tdl_fantasyland_cinderella_fairy_tale_hall,2026-09-07T07:53:13.356Z,5,OPERATING,f82709b6-51a3-4b65-8d6f-c2472f5053df
tokyo_disneyland,tdl_critter_country_splash_mountain,2026-09-07T07:53:13.348Z,20,OPERATING,dfe25d8e-e234-4020-a261-30c6825d0680
tokyo_disneyland,tdl_westernland_big_thunder_mountain,2026-09-07T07:53:13.337Z,30,OPERATING,e3577b4a-f1d9-4ec5-aacf-b99977ea88c9
tokyo_disneyland,tdl_tomorrowland_monsters_inc_ride_and_go_seek,2026-09-07T07:53:13.378Z,20,OPERATING,4ed6a812-df04-4aa8-acb9-c6b164dbb706
tokyo_disneyland,tdl_new_fantasyland_enchanted_tale_of_beauty_and_the_beast,2026-09-07T07:53:13.396Z,25,OPERATING,e76670f0-9f5f-4918-8491-9bf51e73a596
tokyo_disneyland,tdl_fantasyland_poohs_hunny_hunt,2026-09-07T07:53:13.369Z,25,OPERATING,a88464b5-2cf5-4ef1-b38f-96e07b233bf2
tokyo_disneyland,tdl_tomorrowland_baymax_happy_ride,2026-09-07T07:53:13.388Z,30,OPERATING,ca00a0e8-f069-4d0a-9d5e-10cb63010956
tokyo_disneyland,tdl_critter_country_splash_mountain,2026-09-07T07:58:14.905Z,25,OPERATING,dfe25d8e-e234-4020-a261-30c6825d0680
tokyo_disneyland,tdl_new_fantasyland_enchanted_tale_of_beauty_and_the_beast,2026-09-07T07:58:14.914Z,20,OPERATING,e76670f0-9f5f-4918-8491-9bf51e73a596
tokyo_disneyland,tdl_fantasyland_poohs_hunny_hunt,2026-09-07T07:59:14.215Z,20,OPERATING,a88464b5-2cf5-4ef1-b38f-96e07b233bf2
tokyo_disneyland,tdl_toontown_gadgets_go_coaster,2026-09-07T08:04:53.662Z,5,OPERATING,52c5e406-67e2-4d37-aee8-987644d87b63
tokyo_disneyland,tdl_westernland_big_thunder_mountain,2026-09-07T08:00:46.794Z,30,OPERATING,e3577b4a-f1d9-4ec5-aacf-b99977ea88c9
tokyo_disneyland,tdl_tomorrowland_monsters_inc_ride_and_go_seek,2026-09-07T08:04:53.670Z,15,OPERATING,4ed6a812-df04-4aa8-acb9-c6b164dbb706
tokyo_disneyland,tdl_adventureland_jungle_cruise,2026-09-07T08:02:14.347Z,10,OPERATING,e0887415-3da2-458c-8b88-0691e6b8ab63
tokyo_disneyland,tdl_fantasyland_poohs_hunny_hunt,2026-09-07T08:00:46.815Z,20,OPERATING,a88464b5-2cf5-4ef1-b38f-96e07b233bf2
tokyo_disneyland,tdl_tomorrowland_baymax_happy_ride,2026-09-07T08:00:46.832Z,30,OPERATING,ca00a0e8-f069-4d0a-9d5e-10cb63010956
tokyo_disneyland,tdl_fantasyland_peter_pans_flight,2026-09-07T08:05:14.515Z,15,OPERATING,e541ad8f-1457-469a-8f35-457555f475ad
tokyo_disneyland,tdl_critter_country_splash_mountain,2026-09-07T08:05:14.505Z,25,OPERATING,dfe25d8e-e234-4020-a261-30c6825d0680
tokyo_disneyland,tdl_westernland_big_thunder_mountain,2026-09-07T08:08:17.290Z,25,OPERATING,e3577b4a-f1d9-4ec5-aacf-b99977ea88c9
tokyo_disneyland,tdl_tomorrowland_monsters_inc_ride_and_go_seek,2026-09-07T08:05:14.534Z,15,OPERATING,4ed6a812-df04-4aa8-acb9-c6b164dbb706
tokyo_disneyland,tdl_new_fantasyland_enchanted_tale_of_beauty_and_the_beast,2026-09-07T08:05:14.553Z,20,OPERATING,e76670f0-9f5f-4918-8491-9bf51e73a596
tokyo_disneyland,tdl_fantasyland_poohs_hunny_hunt,2026-09-07T08:08:17.298Z,15,OPERATING,a88464b5-2cf5-4ef1-b38f-96e07b233bf2
tokyo_disneyland,tdl_tomorrowland_baymax_happy_ride,2026-09-07T08:05:14.544Z,30,OPERATING,ca00a0e8-f069-4d0a-9d5e-10cb63010956
tokyo_disneyland,tdl_critter_country_splash_mountain,2026-09-07T08:13:34.827Z,20,OPERATING,dfe25d8e-e234-4020-a261-30c6825d0680
tokyo_disneyland,tdl_westernland_big_thunder_mountain,2026-09-07T08:13:34.815Z,25,OPERATING,e3577b4a-f1d9-4ec5-aacf-b99977ea88c9
tokyo_disneyland,tdl_tomorrowland_monsters_inc_ride_and_go_seek,2026-09-07T08:13:34.840Z,20,OPERATING,4ed6a812-df04-4aa8-acb9-c6b164dbb706
tokyo_disneyland,tdl_new_fantasyland_enchanted_tale_of_beauty_and_the_beast,2026-09-07T08:13:34.856Z,25,OPERATING,e76670f0-9f5f-4918-8491-9bf51e73a596
tokyo_disneyland,tdl_toontown_roger_rabbits_car_toon_spin,2026-09-07T08:11:29.674Z,5,OPERATING,73384e33-a86a-4601-996f-61dbffba6ec2
tokyo_disneyland,tdl_fantasyland_poohs_hunny_hunt,2026-09-07T08:14:32.030Z,8,OPERATING,a88464b5-2cf5-4ef1-b38f-96e07b233bf2
tokyo_disneyland,tdl_tomorrowland_baymax_happy_ride,2026-09-07T08:13:34.847Z,30,OPERATING,ca00a0e8-f069-4d0a-9d5e-10cb63010956
tokyo_disneyland,tdl_fantasyland_peter_pans_flight,2026-09-07T08:17:12.727Z,20,OPERATING,e541ad8f-1457-469a-8f35-457555f475ad
tokyo_disneyland,tdl_critter_country_splash_mountain,2026-09-07T08:17:45.154Z,20,OPERATING,dfe25d8e-e234-4020-a261-30c6825d0680
tokyo_disneyland,tdl_westernland_big_thunder_mountain,2026-09-07T08:17:45.135Z,30,OPERATING,e3577b4a-f1d9-4ec5-aacf-b99977ea88c9
tokyo_disneyland,tdl_tomorrowland_monsters_inc_ride_and_go_seek,2026-09-07T08:17:45.190Z,25,OPERATING,4ed6a812-df04-4aa8-acb9-c6b164dbb706
tokyo_disneyland,tdl_new_fantasyland_enchanted_tale_of_beauty_and_the_beast,2026-09-07T08:17:45.214Z,25,OPERATING,e76670f0-9f5f-4918-8491-9bf51e73a596
tokyo_disneyland,tdl_tomorrowland_baymax_happy_ride,2026-09-07T08:17:45.198Z,30,OPERATING,ca00a0e8-f069-4d0a-9d5e-10cb63010956
tokyo_disneyland,tdl_critter_country_splash_mountain,2026-09-07T08:24:11.951Z,25,OPERATING,dfe25d8e-e234-4020-a261-30c6825d0680
tokyo_disneyland,tdl_westernland_big_thunder_mountain,2026-09-07T08:24:11.942Z,25,OPERATING,e3577b4a-f1d9-4ec5-aacf-b99977ea88c9
tokyo_disneyland,tdl_tomorrowland_monsters_inc_ride_and_go_seek,2026-09-07T08:24:11.967Z,25,OPERATING,4ed6a812-df04-4aa8-acb9-c6b164dbb706
tokyo_disneyland,tdl_new_fantasyland_enchanted_tale_of_beauty_and_the_beast,2026-09-07T08:24:11.983Z,25,OPERATING,e76670f0-9f5f-4918-8491-9bf51e73a596
tokyo_disneyland,tdl_adventureland_pirates_of_the_caribbean,2026-09-07T08:24:06.646Z,10,OPERATING,52eb0fc9-5853-49c8-8c72-1e5e83aae1c1
tokyo_disneyland,tdl_adventureland_jungle_cruise,2026-09-07T08:24:06.654Z,5,OPERATING,e0887415-3da2-458c-8b88-0691e6b8ab63
tokyo_disneyland,tdl_fantasyland_poohs_hunny_hunt,2026-09-07T08:24:11.959Z,14,OPERATING,a88464b5-2cf5-4ef1-b38f-96e07b233bf2
tokyo_disneyland,tdl_tomorrowland_baymax_happy_ride,2026-09-07T08:24:11.975Z,30,OPERATING,ca00a0e8-f069-4d0a-9d5e-10cb63010956
tokyo_disneyland,tdl_adventureland_western_river_railroad,2026-09-07T08:27:21.768Z,15,OPERATING,6ee0697f-57ba-4c7b-8216-7c55b21288d4
tokyo_disneyland,tdl_adventureland_jungle_cruise,2026-09-07T08:27:21.762Z,10,OPERATING,e0887415-3da2-458c-8b88-0691e6b8ab63
tokyo_disneyland,tdl_fantasyland_poohs_hunny_hunt,2026-09-07T08:27:44.635Z,15,OPERATING,a88464b5-2cf5-4ef1-b38f-96e07b233bf2
tokyo_disneyland,tdl_fantasyland_peter_pans_flight,2026-09-07T08:33:42.027Z,25,OPERATING,e541ad8f-1457-469a-8f35-457555f475ad
tokyo_disneyland,tdl_critter_country_splash_mountain,2026-09-07T08:30:26.973Z,25,OPERATING,dfe25d8e-e234-4020-a261-30c6825d0680
tokyo_disneyland,tdl_westernland_big_thunder_mountain,2026-09-07T08:30:26.961Z,25,OPERATING,e3577b4a-f1d9-4ec5-aacf-b99977ea88c9
tokyo_disneyland,tdl_tomorrowland_monsters_inc_ride_and_go_seek,2026-09-07T08:30:27.011Z,25,OPERATING,4ed6a812-df04-4aa8-acb9-c6b164dbb706
tokyo_disneyland,tdl_new_fantasyland_enchanted_tale_of_beauty_and_the_beast,2026-09-07T08:33:42.052Z,30,OPERATING,e76670f0-9f5f-4918-8491-9bf51e73a596
tokyo_disneyland,tdl_fantasyland_poohs_hunny_hunt,2026-09-07T08:33:42.039Z,20,OPERATING,a88464b5-2cf5-4ef1-b38f-96e07b233bf2
tokyo_disneyland,tdl_tomorrowland_baymax_happy_ride,2026-09-07T08:30:27.026Z,30,OPERATING,ca00a0e8-f069-4d0a-9d5e-10cb63010956
tokyo_disneyland,tdl_fantasyland_peter_pans_flight,2026-09-07T08:37:47.608Z,30,OPERATING,e541ad8f-1457-469a-8f35-457555f475ad
tokyo_disneyland,tdl_critter_country_splash_mountain,2026-09-07T08:34:47.025Z,25,OPERATING,dfe25d8e-e234-4020-a261-30c6825d0680
tokyo_disneyland,tdl_westernland_big_thunder_mountain,2026-09-07T08:37:47.600Z,20,OPERATING,e3577b4a-f1d9-4ec5-aacf-b99977ea88c9
tokyo_disneyland,tdl_tomorrowland_monsters_inc_ride_and_go_seek,2026-09-07T08:34:47.039Z,25,OPERATING,4ed6a812-df04-4aa8-acb9-c6b164dbb706
tokyo_disneyland,tdl_new_fantasyland_enchanted_tale_of_beauty_and_the_beast,2026-09-07T08:37:47.622Z,40,OPERATING,e76670f0-9f5f-4918-8491-9bf51e73a596
tokyo_disneyland,tdl_adventureland_pirates_of_the_caribbean,2026-09-07T08:37:47.591Z,5,OPERATING,52eb0fc9-5853-49c8-8c72-1e5e83aae1c1
tokyo_disneyland,tdl_fantasyland_poohs_hunny_hunt,2026-09-07T08:37:47.615Z,25,OPERATING,a88464b5-2cf5-4ef1-b38f-96e07b233bf2
tokyo_disneyland,tdl_tomorrowland_baymax_happy_ride,2026-09-07T08:34:47.048Z,30,OPERATING,ca00a0e8-f069-4d0a-9d5e-10cb63010956
tokyo_disneyland,tdl_critter_country_splash_mountain,2026-09-07T08:42:13.514Z,25,OPERATING,dfe25d8e-e234-4020-a261-30c6825d0680
tokyo_disneyland,tdl_westernland_big_thunder_mountain,2026-09-07T08:42:13.505Z,20,OPERATING,e3577b4a-f1d9-4ec5-aacf-b99977ea88c9
tokyo_disneyland,tdl_tomorrowland_monsters_inc_ride_and_go_seek,2026-09-07T08:43:19.224Z,30,OPERATING,4ed6a812-df04-4aa8-acb9-c6b164dbb706
tokyo_disneyland,tdl_new_fantasyland_enchanted_tale_of_beauty_and_the_beast,2026-09-07T08:42:13.547Z,40,OPERATING,e76670f0-9f5f-4918-8491-9bf51e73a596
tokyo_disneyland,tdl_adventureland_jungle_cruise,2026-09-07T08:42:13.495Z,15,OPERATING,e0887415-3da2-458c-8b88-0691e6b8ab63
tokyo_disneyland,tdl_fantasyland_poohs_hunny_hunt,2026-09-07T08:42:13.522Z,25,OPERATING,a88464b5-2cf5-4ef1-b38f-96e07b233bf2
tokyo_disneyland,tdl_tomorrowland_baymax_happy_ride,2026-09-07T08:43:19.232Z,35,OPERATING,ca00a0e8-f069-4d0a-9d5e-10cb63010956
tokyo_disneyland,tdl_critter_country_splash_mountain,2026-09-07T08:45:44.751Z,60,OPERATING,dfe25d8e-e234-4020-a261-30c6825d0680
tokyo_disneyland,tdl_westernland_big_thunder_mountain,2026-09-07T08:45:44.744Z,20,OPERATING,e3577b4a-f1d9-4ec5-aacf-b99977ea88c9
tokyo_disneyland,tdl_new_fantasyland_enchanted_tale_of_beauty_and_the_beast,2026-09-07T08:45:44.771Z,40,OPERATING,e76670f0-9f5f-4918-8491-9bf51e73a596
tokyo_disneyland,tdl_toontown_roger_rabbits_car_toon_spin,2026-09-07T08:45:14.719Z,10,OPERATING,73384e33-a86a-4601-996f-61dbffba6ec2
tokyo_disneyland,tdl_fantasyland_poohs_hunny_hunt,2026-09-07T08:45:44.758Z,25,OPERATING,a88464b5-2cf5-4ef1-b38f-96e07b233bf2
tokyo_disneyland,tdl_tomorrowland_baymax_happy_ride,2026-09-07T08:45:44.765Z,40,OPERATING,ca00a0e8-f069-4d0a-9d5e-10cb63010956
tokyo_disneyland,tdl_critter_country_splash_mountain,2026-09-07T08:54:23.525Z,40,OPERATING,dfe25d8e-e234-4020-a261-30c6825d0680
tokyo_disneyland,tdl_tomorrowland_star_tours,2026-09-07T08:54:23.542Z,10,OPERATING,512fd34c-2f0a-4e0a-bcc1-ef4d15c5f803
tokyo_disneyland,tdl_westernland_big_thunder_mountain,2026-09-07T08:54:23.514Z,20,OPERATING,e3577b4a-f1d9-4ec5-aacf-b99977ea88c9
tokyo_disneyland,tdl_tomorrowland_monsters_inc_ride_and_go_seek,2026-09-07T08:54:23.551Z,30,OPERATING,4ed6a812-df04-4aa8-acb9-c6b164dbb706
tokyo_disneyland,tdl_new_fantasyland_enchanted_tale_of_beauty_and_the_beast,2026-09-07T08:54:23.566Z,40,OPERATING,e76670f0-9f5f-4918-8491-9bf51e73a596
tokyo_disneyland,tdl_adventureland_jungle_cruise,2026-09-07T08:51:23.609Z,20,OPERATING,e0887415-3da2-458c-8b88-0691e6b8ab63
tokyo_disneyland,tdl_fantasyland_poohs_hunny_hunt,2026-09-07T08:54:23.533Z,25,OPERATING,a88464b5-2cf5-4ef1-b38f-96e07b233bf2
tokyo_disneyland,tdl_tomorrowland_baymax_happy_ride,2026-09-07T08:54:23.559Z,40,OPERATING,ca00a0e8-f069-4d0a-9d5e-10cb63010956
tokyo_disneyland,tdl_critter_country_splash_mountain,2026-09-07T08:55:19.746Z,40,OPERATING,dfe25d8e-e234-4020-a261-30c6825d0680
tokyo_disneyland,tdl_tomorrowland_star_tours,2026-09-07T08:57:20.685Z,5,OPERATING,512fd34c-2f0a-4e0a-bcc1-ef4d15c5f803
tokyo_disneyland,tdl_westernland_big_thunder_mountain,2026-09-07T08:57:59.796Z,20,OPERATING,e3577b4a-f1d9-4ec5-aacf-b99977ea88c9
tokyo_disneyland,tdl_tomorrowland_monsters_inc_ride_and_go_seek,2026-09-07T08:57:59.812Z,30,OPERATING,4ed6a812-df04-4aa8-acb9-c6b164dbb706
tokyo_disneyland,tdl_new_fantasyland_enchanted_tale_of_beauty_and_the_beast,2026-09-07T08:57:59.825Z,30,OPERATING,e76670f0-9f5f-4918-8491-9bf51e73a596
tokyo_disneyland,tdl_adventureland_jungle_cruise,2026-09-07T08:57:20.667Z,25,OPERATING,e0887415-3da2-458c-8b88-0691e6b8ab63
tokyo_disneyland,tdl_toontown_roger_rabbits_car_toon_spin,2026-09-07T08:57:20.677Z,15,OPERATING,73384e33-a86a-4601-996f-61dbffba6ec2
tokyo_disneyland,tdl_fantasyland_poohs_hunny_hunt,2026-09-07T08:57:59.804Z,25,OPERATING,a88464b5-2cf5-4ef1-b38f-96e07b233bf2
tokyo_disneyland,tdl_tomorrowland_baymax_happy_ride,2026-09-07T08:57:59.819Z,35,OPERATING,ca00a0e8-f069-4d0a-9d5e-10cb63010956
tokyo_disneyland,tdl_fantasyland_peter_pans_flight,2026-09-07T09:01:52.342Z,25,OPERATING,e541ad8f-1457-469a-8f35-457555f475ad
tokyo_disneyland,tdl_westernland_big_thunder_mountain,2026-09-07T09:03:23.088Z,20,OPERATING,e3577b4a-f1d9-4ec5-aacf-b99977ea88c9
tokyo_disneyland,tdl_tomorrowland_monsters_inc_ride_and_go_seek,2026-09-07T09:03:23.108Z,30,OPERATING,4ed6a812-df04-4aa8-acb9-c6b164dbb706
tokyo_disneyland,tdl_adventureland_western_river_railroad,2026-09-07T09:03:23.081Z,10,OPERATING,6ee0697f-57ba-4c7b-8216-7c55b21288d4
tokyo_disneyland,tdl_adventureland_jungle_cruise,2026-09-07T09:03:23.073Z,20,OPERATING,e0887415-3da2-458c-8b88-0691e6b8ab63
tokyo_disneyland,tdl_toontown_roger_rabbits_car_toon_spin,2026-09-07T09:03:23.101Z,20,OPERATING,73384e33-a86a-4601-996f-61dbffba6ec2
tokyo_disneyland,tdl_fantasyland_poohs_hunny_hunt,2026-09-07T09:03:23.095Z,25,OPERATING,a88464b5-2cf5-4ef1-b38f-96e07b233bf2
tokyo_disneyland,tdl_tomorrowland_baymax_happy_ride,2026-09-07T09:03:23.114Z,40,OPERATING,ca00a0e8-f069-4d0a-9d5e-10cb63010956
tokyo_disneyland,tdl_fantasyland_peter_pans_flight,2026-09-07T09:08:58.346Z,20,OPERATING,e541ad8f-1457-469a-8f35-457555f475ad
tokyo_disneyland,tdl_critter_country_splash_mountain,2026-09-07T09:09:27.336Z,20,OPERATING,dfe25d8e-e234-4020-a261-30c6825d0680
tokyo_disneyland,tdl_westernland_big_thunder_mountain,2026-09-07T09:08:58.331Z,20,OPERATING,e3577b4a-f1d9-4ec5-aacf-b99977ea88c9
tokyo_disneyland,tdl_tomorrowland_monsters_inc_ride_and_go_seek,2026-09-07T09:08:58.361Z,25,OPERATING,4ed6a812-df04-4aa8-acb9-c6b164dbb706
tokyo_disneyland,tdl_new_fantasyland_enchanted_tale_of_beauty_and_the_beast,2026-09-07T09:08:58.377Z,30,OPERATING,e76670f0-9f5f-4918-8491-9bf51e73a596
tokyo_disneyland,tdl_fantasyland_poohs_hunny_hunt,2026-09-07T09:08:58.354Z,25,OPERATING,a88464b5-2cf5-4ef1-b38f-96e07b233bf2
tokyo_disneyland,tdl_tomorrowland_baymax_happy_ride,2026-09-07T09:08:58.369Z,40,OPERATING,ca00a0e8-f069-4d0a-9d5e-10cb63010956
tokyo_disneyland,tdl_critter_country_splash_mountain,2026-09-07T09:19:39.229Z,20,OPERATING,dfe25d8e-e234-4020-a261-30c6825d0680
tokyo_disneyland,tdl_westernland_big_thunder_mountain,2026-09-07T09:19:39.221Z,15,OPERATING,e3577b4a-f1d9-4ec5-aacf-b99977ea88c9
tokyo_disneyland,tdl_tomorrowland_monsters_inc_ride_and_go_seek,2026-09-07T09:19:39.244Z,30,OPERATING,4ed6a812-df04-4aa8-acb9-c6b164dbb706
tokyo_disneyland,tdl_new_fantasyland_enchanted_tale_of_beauty_and_the_beast,2026-09-07T09:19:39.258Z,30,OPERATING,e76670f0-9f5f-4918-8491-9bf51e73a596
tokyo_disneyland,tdl_toontown_roger_rabbits_car_toon_spin,2026-09-07T09:15:26.231Z,15,OPERATING,73384e33-a86a-4601-996f-61dbffba6ec2
tokyo_disneyland,tdl_fantasyland_poohs_hunny_hunt,2026-09-07T09:19:39.236Z,20,OPERATING,a88464b5-2cf5-4ef1-b38f-96e07b233bf2
tokyo_disneyland,tdl_tomorrowland_baymax_happy_ride,2026-09-07T09:19:39.251Z,40,OPERATING,ca00a0e8-f069-4d0a-9d5e-10cb63010956
tokyo_disneyland,tdl_tomorrowland_monsters_inc_ride_and_go_seek,2026-09-07T09:23:22.859Z,30,OPERATING,4ed6a812-df04-4aa8-acb9-c6b164dbb706
tokyo_disneyland,tdl_toontown_roger_rabbits_car_toon_spin,2026-09-07T09:23:22.843Z,10,OPERATING,73384e33-a86a-4601-996f-61dbffba6ec2
tokyo_disneyland,tdl_critter_country_splash_mountain,2026-09-07T09:29:12.048Z,25,OPERATING,dfe25d8e-e234-4020-a261-30c6825d0680
tokyo_disneyland,tdl_adventureland_jungle_cruise,2026-09-07T09:29:12.040Z,15,OPERATING,e0887415-3da2-458c-8b88-0691e6b8ab63
tokyo_disneyland,tdl_fantasyland_poohs_hunny_hunt,2026-09-07T09:29:12.056Z,15,OPERATING,a88464b5-2cf5-4ef1-b38f-96e07b233bf2
tokyo_disneyland,tdl_critter_country_splash_mountain,2026-09-07T09:34:08.432Z,30,OPERATING,dfe25d8e-e234-4020-a261-30c6825d0680
tokyo_disneyland,tdl_westernland_big_thunder_mountain,2026-09-07T09:34:08.422Z,20,OPERATING,e3577b4a-f1d9-4ec5-aacf-b99977ea88c9
tokyo_disneyland,tdl_tomorrowland_monsters_inc_ride_and_go_seek,2026-09-07T09:32:08.921Z,30,OPERATING,4ed6a812-df04-4aa8-acb9-c6b164dbb706
tokyo_disneyland,tdl_new_fantasyland_enchanted_tale_of_beauty_and_the_beast,2026-09-07T09:34:08.453Z,25,OPERATING,e76670f0-9f5f-4918-8491-9bf51e73a596
tokyo_disneyland,tdl_adventureland_jungle_cruise,2026-09-07T09:34:08.415Z,20,OPERATING,e0887415-3da2-458c-8b88-0691e6b8ab63
tokyo_disneyland,tdl_toontown_roger_rabbits_car_toon_spin,2026-09-07T09:34:08.439Z,5,OPERATING,73384e33-a86a-4601-996f-61dbffba6ec2
tokyo_disneyland,tdl_fantasyland_poohs_hunny_hunt,2026-09-07T09:32:08.915Z,15,OPERATING,a88464b5-2cf5-4ef1-b38f-96e07b233bf2
tokyo_disneyland,tdl_tomorrowland_baymax_happy_ride,2026-09-07T09:34:08.446Z,35,OPERATING,ca00a0e8-f069-4d0a-9d5e-10cb63010956
tokyo_disneyland,tdl_critter_country_splash_mountain,2026-09-07T09:35:47.388Z,30,OPERATING,dfe25d8e-e234-4020-a261-30c6825d0680
tokyo_disneyland,tdl_tomorrowland_monsters_inc_ride_and_go_seek,2026-09-07T09:37:08.594Z,20,OPERATING,4ed6a812-df04-4aa8-acb9-c6b164dbb706
tokyo_disneyland,tdl_new_fantasyland_enchanted_tale_of_beauty_and_the_beast,2026-09-07T09:38:33.867Z,20,OPERATING,e76670f0-9f5f-4918-8491-9bf51e73a596
tokyo_disneyland,tdl_fantasyland_poohs_hunny_hunt,2026-09-07T09:37:08.585Z,14,OPERATING,a88464b5-2cf5-4ef1-b38f-96e07b233bf2
tokyo_disneyland,tdl_tomorrowland_baymax_happy_ride,2026-09-07T09:38:33.859Z,40,OPERATING,ca00a0e8-f069-4d0a-9d5e-10cb63010956
tokyo_disneyland,tdl_critter_country_splash_mountain,2026-09-07T09:43:12.515Z,30,OPERATING,dfe25d8e-e234-4020-a261-30c6825d0680
tokyo_disneyland,tdl_westernland_big_thunder_mountain,2026-09-07T09:43:12.505Z,20,OPERATING,e3577b4a-f1d9-4ec5-aacf-b99977ea88c9
tokyo_disneyland,tdl_tomorrowland_monsters_inc_ride_and_go_seek,2026-09-07T09:43:12.532Z,25,OPERATING,4ed6a812-df04-4aa8-acb9-c6b164dbb706
tokyo_disneyland,tdl_new_fantasyland_enchanted_tale_of_beauty_and_the_beast,2026-09-07T09:43:12.550Z,20,OPERATING,e76670f0-9f5f-4918-8491-9bf51e73a596
tokyo_disneyland,tdl_fantasyland_poohs_hunny_hunt,2026-09-07T09:43:12.524Z,14,OPERATING,a88464b5-2cf5-4ef1-b38f-96e07b233bf2
tokyo_disneyland,tdl_tomorrowland_baymax_happy_ride,2026-09-07T09:43:12.541Z,50,OPERATING,ca00a0e8-f069-4d0a-9d5e-10cb63010956
tokyo_disneyland,tdl_westernland_big_thunder_mountain,2026-09-07T09:49:40.917Z,25,OPERATING,e3577b4a-f1d9-4ec5-aacf-b99977ea88c9
tokyo_disneyland,tdl_tomorrowland_monsters_inc_ride_and_go_seek,2026-09-07T09:45:02.488Z,25,OPERATING,4ed6a812-df04-4aa8-acb9-c6b164dbb706
tokyo_disneyland,tdl_tomorrowland_baymax_happy_ride,2026-09-07T09:45:02.530Z,50,OPERATING,ca00a0e8-f069-4d0a-9d5e-10cb63010956
tokyo_disneyland,tdl_critter_country_splash_mountain,2026-09-07T09:52:47.695Z,25,OPERATING,dfe25d8e-e234-4020-a261-30c6825d0680
tokyo_disneyland,tdl_westernland_big_thunder_mountain,2026-09-07T09:51:46.558Z,25,OPERATING,e3577b4a-f1d9-4ec5-aacf-b99977ea88c9
tokyo_disneyland,tdl_fantasyland_peter_pans_flight,2026-09-07T09:55:46.879Z,15,OPERATING,e541ad8f-1457-469a-8f35-457555f475ad
tokyo_disneyland,tdl_critter_country_splash_mountain,2026-09-07T09:56:14.262Z,25,OPERATING,dfe25d8e-e234-4020-a261-30c6825d0680
tokyo_disneyland,tdl_westernland_big_thunder_mountain,2026-09-07T09:56:14.252Z,25,OPERATING,e3577b4a-f1d9-4ec5-aacf-b99977ea88c9
tokyo_disneyland,tdl_tomorrowland_monsters_inc_ride_and_go_seek,2026-09-07T09:59:14.950Z,20,OPERATING,4ed6a812-df04-4aa8-acb9-c6b164dbb706
tokyo_disneyland,tdl_new_fantasyland_enchanted_tale_of_beauty_and_the_beast,2026-09-07T09:56:14.294Z,20,OPERATING,e76670f0-9f5f-4918-8491-9bf51e73a596
tokyo_disneyland,tdl_fantasyland_poohs_hunny_hunt,2026-09-07T09:56:14.270Z,14,OPERATING,a88464b5-2cf5-4ef1-b38f-96e07b233bf2
tokyo_disneyland,tdl_tomorrowland_baymax_happy_ride,2026-09-07T09:56:14.286Z,30,OPERATING,ca00a0e8-f069-4d0a-9d5e-10cb63010956
tokyo_disneyland,tdl_critter_country_splash_mountain,2026-09-07T10:01:46.438Z,20,OPERATING,dfe25d8e-e234-4020-a261-30c6825d0680
tokyo_disneyland,tdl_tomorrowland_monsters_inc_ride_and_go_seek,2026-09-07T10:03:31.031Z,15,OPERATING,4ed6a812-df04-4aa8-acb9-c6b164dbb706
tokyo_disneyland,tdl_adventureland_western_river_railroad,2026-09-07T10:01:46.428Z,15,OPERATING,6ee0697f-57ba-4c7b-8216-7c55b21288d4
tokyo_disneyland,tdl_adventureland_jungle_cruise,2026-09-07T10:03:31.016Z,10,OPERATING,e0887415-3da2-458c-8b88-0691e6b8ab63
tokyo_disneyland,tdl_fantasyland_poohs_hunny_hunt,2026-09-07T10:03:31.024Z,8,OPERATING,a88464b5-2cf5-4ef1-b38f-96e07b233bf2
tokyo_disneyland,tdl_tomorrowland_baymax_happy_ride,2026-09-07T10:03:31.039Z,25,OPERATING,ca00a0e8-f069-4d0a-9d5e-10cb63010956
tokyo_disneyland,tdl_tomorrowland_monsters_inc_ride_and_go_seek,2026-09-07T10:07:51.500Z,10,OPERATING,4ed6a812-df04-4aa8-acb9-c6b164dbb706
tokyo_disneyland,tdl_new_fantasyland_enchanted_tale_of_beauty_and_the_beast,2026-09-07T10:07:51.516Z,15,OPERATING,e76670f0-9f5f-4918-8491-9bf51e73a596
tokyo_disneyland,tdl_fantasyland_poohs_hunny_hunt,2026-09-07T10:07:51.491Z,8,OPERATING,a88464b5-2cf5-4ef1-b38f-96e07b233bf2
tokyo_disneyland,tdl_tomorrowland_baymax_happy_ride,2026-09-07T10:07:51.508Z,25,OPERATING,ca00a0e8-f069-4d0a-9d5e-10cb63010956
tokyo_disneyland,tdl_fantasyland_peter_pans_flight,2026-09-07T10:13:46.122Z,10,OPERATING,e541ad8f-1457-469a-8f35-457555f475ad
tokyo_disneyland,tdl_critter_country_splash_mountain,2026-09-07T10:13:46.114Z,15,OPERATING,dfe25d8e-e234-4020-a261-30c6825d0680
tokyo_disneyland,tdl_westernland_big_thunder_mountain,2026-09-07T10:13:46.106Z,25,OPERATING,e3577b4a-f1d9-4ec5-aacf-b99977ea88c9
tokyo_disneyland,tdl_tomorrowland_monsters_inc_ride_and_go_seek,2026-09-07T10:13:50.710Z,5,OPERATING,4ed6a812-df04-4aa8-acb9-c6b164dbb706
tokyo_disneyland,tdl_new_fantasyland_enchanted_tale_of_beauty_and_the_beast,2026-09-07T10:13:46.154Z,20,OPERATING,e76670f0-9f5f-4918-8491-9bf51e73a596
tokyo_disneyland,tdl_adventureland_jungle_cruise,2026-09-07T10:13:46.094Z,5,OPERATING,e0887415-3da2-458c-8b88-0691e6b8ab63
tokyo_disneyland,tdl_fantasyland_poohs_hunny_hunt,2026-09-07T10:13:46.130Z,8,OPERATING,a88464b5-2cf5-4ef1-b38f-96e07b233bf2
tokyo_disneyland,tdl_tomorrowland_baymax_happy_ride,2026-09-07T10:13:46.146Z,25,OPERATING,ca00a0e8-f069-4d0a-9d5e-10cb63010956
tokyo_disneyland,tdl_westernland_big_thunder_mountain,2026-09-07T10:16:53.264Z,20,OPERATING,e3577b4a-f1d9-4ec5-aacf-b99977ea88c9
tokyo_disneyland,tdl_new_fantasyland_enchanted_tale_of_beauty_and_the_beast,2026-09-07T10:16:53.279Z,30,OPERATING,e76670f0-9f5f-4918-8491-9bf51e73a596
tokyo_disneyland,tdl_tomorrowland_baymax_happy_ride,2026-09-07T10:16:53.273Z,30,OPERATING,ca00a0e8-f069-4d0a-9d5e-10cb63010956
tokyo_disneyland,tdl_fantasyland_peter_pans_flight,2026-09-07T10:22:47.668Z,5,OPERATING,e541ad8f-1457-469a-8f35-457555f475ad
tokyo_disneyland,tdl_critter_country_splash_mountain,2026-09-07T10:19:51.861Z,15,OPERATING,dfe25d8e-e234-4020-a261-30c6825d0680
tokyo_disneyland,tdl_westernland_big_thunder_mountain,2026-09-07T10:19:55.574Z,15,OPERATING,e3577b4a-f1d9-4ec5-aacf-b99977ea88c9
tokyo_disneyland,tdl_fantasyland_poohs_hunny_hunt,2026-09-07T10:19:51.868Z,8,OPERATING,a88464b5-2cf5-4ef1-b38f-96e07b233bf2
tokyo_disneyland,tdl_critter_country_splash_mountain,2026-09-07T10:26:44.950Z,15,OPERATING,dfe25d8e-e234-4020-a261-30c6825d0680
tokyo_disneyland,tdl_tomorrowland_monsters_inc_ride_and_go_seek,2026-09-07T10:26:44.964Z,5,OPERATING,4ed6a812-df04-4aa8-acb9-c6b164dbb706
tokyo_disneyland,tdl_fantasyland_poohs_hunny_hunt,2026-09-07T10:26:44.958Z,8,OPERATING,a88464b5-2cf5-4ef1-b38f-96e07b233bf2
tokyo_disneyland,tdl_tomorrowland_baymax_happy_ride,2026-09-07T10:26:44.971Z,30,OPERATING,ca00a0e8-f069-4d0a-9d5e-10cb63010956
tokyo_disneyland,tdl_critter_country_splash_mountain,2026-09-07T10:31:55.334Z,15,OPERATING,dfe25d8e-e234-4020-a261-30c6825d0680
tokyo_disneyland,tdl_westernland_big_thunder_mountain,2026-09-07T10:31:55.325Z,15,OPERATING,e3577b4a-f1d9-4ec5-aacf-b99977ea88c9
tokyo_disneyland,tdl_tomorrowland_monsters_inc_ride_and_go_seek,2026-09-07T10:31:55.348Z,5,OPERATING,4ed6a812-df04-4aa8-acb9-c6b164dbb706
tokyo_disneyland,tdl_fantasyland_poohs_hunny_hunt,2026-09-07T10:31:55.341Z,8,OPERATING,a88464b5-2cf5-4ef1-b38f-96e07b233bf2
tokyo_disneyland,tdl_tomorrowland_baymax_happy_ride,2026-09-07T10:33:20.368Z,35,OPERATING,ca00a0e8-f069-4d0a-9d5e-10cb63010956
tokyo_disneyland,tdl_critter_country_splash_mountain,2026-09-07T10:40:29.487Z,15,OPERATING,dfe25d8e-e234-4020-a261-30c6825d0680
tokyo_disneyland,tdl_westernland_big_thunder_mountain,2026-09-07T10:40:29.475Z,15,OPERATING,e3577b4a-f1d9-4ec5-aacf-b99977ea88c9
tokyo_disneyland,tdl_tomorrowland_monsters_inc_ride_and_go_seek,2026-09-07T10:40:29.503Z,10,OPERATING,4ed6a812-df04-4aa8-acb9-c6b164dbb706
tokyo_disneyland,tdl_new_fantasyland_enchanted_tale_of_beauty_and_the_beast,2026-09-07T10:40:29.510Z,20,OPERATING,e76670f0-9f5f-4918-8491-9bf51e73a596
tokyo_disneyland,tdl_fantasyland_poohs_hunny_hunt,2026-09-07T10:40:29.495Z,8,OPERATING,a88464b5-2cf5-4ef1-b38f-96e07b233bf2
tokyo_disneyland,tdl_critter_country_splash_mountain,2026-09-07T10:44:02.841Z,15,OPERATING,dfe25d8e-e234-4020-a261-30c6825d0680
tokyo_disneyland,tdl_westernland_big_thunder_mountain,2026-09-07T10:44:02.826Z,10,OPERATING,e3577b4a-f1d9-4ec5-aacf-b99977ea88c9
tokyo_disneyland,tdl_tomorrowland_monsters_inc_ride_and_go_seek,2026-09-07T10:44:02.864Z,15,OPERATING,4ed6a812-df04-4aa8-acb9-c6b164dbb706
tokyo_disneyland,tdl_new_fantasyland_enchanted_tale_of_beauty_and_the_beast,2026-09-07T10:44:02.898Z,20,OPERATING,e76670f0-9f5f-4918-8491-9bf51e73a596
tokyo_disneyland,tdl_fantasyland_poohs_hunny_hunt,2026-09-07T10:44:02.852Z,8,OPERATING,a88464b5-2cf5-4ef1-b38f-96e07b233bf2
tokyo_disneyland,tdl_tomorrowland_baymax_happy_ride,2026-09-07T10:44:02.882Z,40,OPERATING,ca00a0e8-f069-4d0a-9d5e-10cb63010956
tokyo_disneyland,tdl_critter_country_splash_mountain,2026-09-07T10:48:31.549Z,15,OPERATING,dfe25d8e-e234-4020-a261-30c6825d0680
tokyo_disneyland,tdl_westernland_big_thunder_mountain,2026-09-07T10:48:31.540Z,20,OPERATING,e3577b4a-f1d9-4ec5-aacf-b99977ea88c9
tokyo_disneyland,tdl_tomorrowland_monsters_inc_ride_and_go_seek,2026-09-07T10:48:31.557Z,20,OPERATING,4ed6a812-df04-4aa8-acb9-c6b164dbb706
tokyo_disneyland,tdl_tomorrowland_baymax_happy_ride,2026-09-07T10:48:31.564Z,45,OPERATING,ca00a0e8-f069-4d0a-9d5e-10cb63010956
tokyo_disneyland,tdl_fantasyland_peter_pans_flight,2026-09-07T10:50:23.721Z,15,OPERATING,e541ad8f-1457-469a-8f35-457555f475ad
tokyo_disneyland,tdl_critter_country_splash_mountain,2026-09-07T10:54:51.374Z,30,OPERATING,dfe25d8e-e234-4020-a261-30c6825d0680
tokyo_disneyland,tdl_westernland_big_thunder_mountain,2026-09-07T10:51:00.845Z,25,OPERATING,e3577b4a-f1d9-4ec5-aacf-b99977ea88c9
tokyo_disneyland,tdl_new_fantasyland_enchanted_tale_of_beauty_and_the_beast,2026-09-07T10:54:51.382Z,30,OPERATING,e76670f0-9f5f-4918-8491-9bf51e73a596
tokyo_disneyland,tdl_adventureland_jungle_cruise,2026-09-07T10:53:35.840Z,20,OPERATING,e0887415-3da2-458c-8b88-0691e6b8ab63
tokyo_disneyland,tdl_fantasyland_poohs_hunny_hunt,2026-09-07T10:51:00.863Z,8,OPERATING,a88464b5-2cf5-4ef1-b38f-96e07b233bf2
tokyo_disneyland,tdl_tomorrowland_baymax_happy_ride,2026-09-07T10:51:00.871Z,50,OPERATING,ca00a0e8-f069-4d0a-9d5e-10cb63010956
tokyo_disneyland,tdl_critter_country_splash_mountain,2026-09-07T10:59:52.531Z,40,OPERATING,dfe25d8e-e234-4020-a261-30c6825d0680
tokyo_disneyland,tdl_westernland_big_thunder_mountain,2026-09-07T10:56:43.670Z,25,OPERATING,e3577b4a-f1d9-4ec5-aacf-b99977ea88c9
tokyo_disneyland,tdl_tomorrowland_monsters_inc_ride_and_go_seek,2026-09-07T10:56:43.688Z,20,OPERATING,4ed6a812-df04-4aa8-acb9-c6b164dbb706
tokyo_disneyland,tdl_new_fantasyland_enchanted_tale_of_beauty_and_the_beast,2026-09-07T10:56:43.701Z,30,OPERATING,e76670f0-9f5f-4918-8491-9bf51e73a596
tokyo_disneyland,tdl_fantasyland_poohs_hunny_hunt,2026-09-07T10:56:43.682Z,8,OPERATING,a88464b5-2cf5-4ef1-b38f-96e07b233bf2
tokyo_disneyland,tdl_tomorrowland_baymax_happy_ride,2026-09-07T10:56:43.695Z,50,OPERATING,ca00a0e8-f069-4d0a-9d5e-10cb63010956
tokyo_disneyland,tdl_critter_country_splash_mountain,2026-09-07T11:00:54.369Z,40,OPERATING,dfe25d8e-e234-4020-a261-30c6825d0680
tokyo_disneyland,tdl_westernland_big_thunder_mountain,2026-09-07T11:03:36.670Z,25,OPERATING,e3577b4a-f1d9-4ec5-aacf-b99977ea88c9
tokyo_disneyland,tdl_tomorrowland_monsters_inc_ride_and_go_seek,2026-09-07T11:03:36.688Z,20,OPERATING,4ed6a812-df04-4aa8-acb9-c6b164dbb706
tokyo_disneyland,tdl_new_fantasyland_enchanted_tale_of_beauty_and_the_beast,2026-09-07T11:03:36.703Z,25,OPERATING,e76670f0-9f5f-4918-8491-9bf51e73a596
tokyo_disneyland,tdl_fantasyland_poohs_hunny_hunt,2026-09-07T11:03:36.679Z,8,OPERATING,a88464b5-2cf5-4ef1-b38f-96e07b233bf2
tokyo_disneyland,tdl_tomorrowland_baymax_happy_ride,2026-09-07T11:03:36.695Z,50,OPERATING,ca00a0e8-f069-4d0a-9d5e-10cb63010956
tokyo_disneyland,tdl_critter_country_splash_mountain,2026-09-07T11:09:16.367Z,30,OPERATING,dfe25d8e-e234-4020-a261-30c6825d0680
tokyo_disneyland,tdl_westernland_big_thunder_mountain,2026-09-07T11:09:16.358Z,20,OPERATING,e3577b4a-f1d9-4ec5-aacf-b99977ea88c9
tokyo_disneyland,tdl_tomorrowland_monsters_inc_ride_and_go_seek,2026-09-07T11:09:16.382Z,20,OPERATING,4ed6a812-df04-4aa8-acb9-c6b164dbb706
tokyo_disneyland,tdl_new_fantasyland_enchanted_tale_of_beauty_and_the_beast,2026-09-07T11:09:16.407Z,25,OPERATING,e76670f0-9f5f-4918-8491-9bf51e73a596
tokyo_disneyland,tdl_fantasyland_poohs_hunny_hunt,2026-09-07T11:09:16.374Z,8,OPERATING,a88464b5-2cf5-4ef1-b38f-96e07b233bf2
tokyo_disneyland,tdl_tomorrowland_baymax_happy_ride,2026-09-07T11:09:16.392Z,45,OPERATING,ca00a0e8-f069-4d0a-9d5e-10cb63010956
tokyo_disneyland,tdl_fantasyland_peter_pans_flight,2026-09-07T11:14:16.073Z,10,OPERATING,e541ad8f-1457-469a-8f35-457555f475ad
tokyo_disneyland,tdl_critter_country_splash_mountain,2026-09-07T11:14:16.066Z,30,OPERATING,dfe25d8e-e234-4020-a261-30c6825d0680
tokyo_disneyland,tdl_westernland_big_thunder_mountain,2026-09-07T11:14:16.059Z,20,OPERATING,e3577b4a-f1d9-4ec5-aacf-b99977ea88c9
tokyo_disneyland,tdl_tomorrowland_monsters_inc_ride_and_go_seek,2026-09-07T11:14:16.088Z,20,OPERATING,4ed6a812-df04-4aa8-acb9-c6b164dbb706
tokyo_disneyland,tdl_new_fantasyland_enchanted_tale_of_beauty_and_the_beast,2026-09-07T11:14:16.095Z,25,OPERATING,e76670f0-9f5f-4918-8491-9bf51e73a596
tokyo_disneyland,tdl_fantasyland_poohs_hunny_hunt,2026-09-07T11:14:16.081Z,8,OPERATING,a88464b5-2cf5-4ef1-b38f-96e07b233bf2
tokyo_disneyland,tdl_tomorrowland_baymax_happy_ride,2026-09-07T11:10:14.980Z,45,OPERATING,ca00a0e8-f069-4d0a-9d5e-10cb63010956
tokyo_disneyland,tdl_tomorrowland_monsters_inc_ride_and_go_seek,2026-09-07T11:16:55.959Z,15,OPERATING,4ed6a812-df04-4aa8-acb9-c6b164dbb706
tokyo_disneyland,tdl_new_fantasyland_enchanted_tale_of_beauty_and_the_beast,2026-09-07T11:18:12.048Z,20,OPERATING,e76670f0-9f5f-4918-8491-9bf51e73a596
tokyo_disneyland,tdl_fantasyland_peter_pans_flight,2026-09-07T11:23:38.441Z,15,OPERATING,e541ad8f-1457-469a-8f35-457555f475ad
tokyo_disneyland,tdl_tomorrowland_monsters_inc_ride_and_go_seek,2026-09-07T11:23:43.827Z,10,OPERATING,4ed6a812-df04-4aa8-acb9-c6b164dbb706
tokyo_disneyland,tdl_critter_country_splash_mountain,2026-09-07T11:23:38.433Z,30,OPERATING,dfe25d8e-e234-4020-a261-30c6825d0680
tokyo_disneyland,tdl_westernland_big_thunder_mountain,2026-09-07T11:23:38.424Z,20,OPERATING,e3577b4a-f1d9-4ec5-aacf-b99977ea88c9
tokyo_disneyland,tdl_new_fantasyland_enchanted_tale_of_beauty_and_the_beast,2026-09-07T11:23:38.472Z,20,OPERATING,e76670f0-9f5f-4918-8491-9bf51e73a596
tokyo_disneyland,tdl_fantasyland_poohs_hunny_hunt,2026-09-07T11:23:38.449Z,8,OPERATING,a88464b5-2cf5-4ef1-b38f-96e07b233bf2
tokyo_disneyland,tdl_tomorrowland_baymax_happy_ride,2026-09-07T11:23:38.465Z,45,OPERATING,ca00a0e8-f069-4d0a-9d5e-10cb63010956
tokyo_disneyland,tdl_critter_country_splash_mountain,2026-09-07T11:27:27.406Z,20,OPERATING,dfe25d8e-e234-4020-a261-30c6825d0680
tokyo_disneyland,tdl_westernland_big_thunder_mountain,2026-09-07T11:27:27.396Z,20,OPERATING,e3577b4a-f1d9-4ec5-aacf-b99977ea88c9
tokyo_disneyland,tdl_new_fantasyland_enchanted_tale_of_beauty_and_the_beast,2026-09-07T11:27:27.430Z,20,OPERATING,e76670f0-9f5f-4918-8491-9bf51e73a596
tokyo_disneyland,tdl_fantasyland_poohs_hunny_hunt,2026-09-07T11:27:27.416Z,8,OPERATING,a88464b5-2cf5-4ef1-b38f-96e07b233bf2
tokyo_disneyland,tdl_tomorrowland_baymax_happy_ride,2026-09-07T11:27:27.423Z,45,OPERATING,ca00a0e8-f069-4d0a-9d5e-10cb63010956
tokyo_disneyland,tdl_tomorrowland_monsters_inc_ride_and_go_seek,2026-09-07T11:38:09.387Z,15,OPERATING,4ed6a812-df04-4aa8-acb9-c6b164dbb706
tokyo_disneyland,tdl_critter_country_splash_mountain,2026-09-07T11:38:09.375Z,20,OPERATING,dfe25d8e-e234-4020-a261-30c6825d0680
tokyo_disneyland,tdl_westernland_big_thunder_mountain,2026-09-07T11:38:09.367Z,20,OPERATING,e3577b4a-f1d9-4ec5-aacf-b99977ea88c9
tokyo_disneyland,tdl_new_fantasyland_enchanted_tale_of_beauty_and_the_beast,2026-09-07T11:38:09.400Z,20,OPERATING,e76670f0-9f5f-4918-8491-9bf51e73a596
tokyo_disneyland,tdl_fantasyland_poohs_hunny_hunt,2026-09-07T11:38:09.381Z,8,OPERATING,a88464b5-2cf5-4ef1-b38f-96e07b233bf2
tokyo_disneyland,tdl_tomorrowland_baymax_happy_ride,2026-09-07T11:39:27.354Z,35,OPERATING,ca00a0e8-f069-4d0a-9d5e-10cb63010956
tokyo_disneyland,tdl_critter_country_splash_mountain,2026-09-07T11:45:31.975Z,15,OPERATING,dfe25d8e-e234-4020-a261-30c6825d0680
tokyo_disneyland,tdl_new_fantasyland_enchanted_tale_of_beauty_and_the_beast,2026-09-07T11:45:31.990Z,25,OPERATING,e76670f0-9f5f-4918-8491-9bf51e73a596
tokyo_disneyland,tdl_adventureland_jungle_cruise,2026-09-07T11:45:06.611Z,10,OPERATING,e0887415-3da2-458c-8b88-0691e6b8ab63
tokyo_disneyland,tdl_tomorrowland_baymax_happy_ride,2026-09-07T11:45:31.983Z,30,OPERATING,ca00a0e8-f069-4d0a-9d5e-10cb63010956
