parkId,facilityId,observedAt,waitMinutes,status,sourceEntityId
tokyo_disneysea,tds_fs_a_003,2026-09-28T00:00:37.079Z,5,OPERATING,e8c15bc6-aaab-44ef-8285-1d92ebd2c47d
tokyo_disneysea,tds_aw_a_003,2026-09-28T00:00:37.043Z,50,OPERATING,abb5d6ec-469e-4ab0-8685-5f04e9749653
tokyo_disneysea,tds_mh_a_003,2026-09-28T00:00:37.052Z,60,OPERATING,3407ebac-c575-4c31-b794-1d271014d303
tokyo_disneysea,tds_fs_a_002,2026-09-28T00:00:37.070Z,5,OPERATING,10b5b89e-02a6-4456-9ddd-69e06c2bded4
tokyo_disneysea,tds_fs_a_004,2026-09-28T00:00:37.085Z,5,OPERATING,c0224e78-abf6-4f89-b0d4-38647a98dd4d
tokyo_disneysea,tds_fs_a_001,2026-09-28T00:00:37.060Z,60,OPERATING,9fb0c97c-ebf7-4c25-8ea7-a3f4fe2aa9ec
tokyo_disneysea,tds_aw_a_004,2026-09-28T00:03:02.594Z,5,OPERATING,2daf12ac-21fd-4bfd-bbf6-0c98bed03e8f
tokyo_disneysea,tds_ml_a_004,2026-09-28T00:03:02.631Z,5,OPERATING,2d56558a-d4d2-4f79-898c-178c2c20cf67
tokyo_disneysea,tds_lrd_a_002,2026-09-28T00:03:44.779Z,5,OPERATING,dd942cd2-b364-4262-af12-ca1a5012528b
tokyo_disneysea,tds_ac_a_002,2026-09-28T00:03:02.471Z,5,OPERATING,abbf5b3e-94e5-420a-8257-34594cd9d590
tokyo_disneysea,tds_aw_a_001,2026-09-28T00:03:02.727Z,5,OPERATING,71943126-e4ac-49c5-ac61-ac1687ad33af
tokyo_disneysea,tds_fs_a_003,2026-09-28T00:03:02.778Z,5,OPERATING,e8c15bc6-aaab-44ef-8285-1d92ebd2c47d
tokyo_disneysea,tds_mh_a_001,2026-09-28T00:03:02.556Z,5,OPERATING,2ca8f848-b8e2-4ba5-aa6e-e0fb37e85d0b
tokyo_disneysea,tds_ml_a_003,2026-09-28T00:03:02.641Z,5,OPERATING,58815e8e-7c01-4a42-8a00-1bd1c82a0252
tokyo_disneysea,tds_pd_a_003,2026-09-28T00:03:02.573Z,5,OPERATING,c8744918-42c0-427d-8947-c3dbd1abf8d5
tokyo_disneysea,tds_ac_a_003,2026-09-28T00:03:02.607Z,5,OPERATING,63ef07eb-9bfb-4782-885e-cfd08ced82f0
tokyo_disneysea,tds_aw_a_003,2026-09-28T00:03:02.437Z,50,OPERATING,abb5d6ec-469e-4ab0-8685-5f04e9749653
tokyo_disneysea,tds_mh_a_003,2026-09-28T00:03:44.764Z,80,OPERATING,3407ebac-c575-4c31-b794-1d271014d303
tokyo_disneysea,tds_mi_a_002,2026-09-28T00:03:44.772Z,40,OPERATING,c8526be3-e82c-4692-ae44-e8f2d1142c8a
tokyo_disneysea,tds_mi_a_001,2026-09-28T00:03:02.494Z,5,OPERATING,c15da0f5-9668-48ee-b93a-8b737b6acf5b
tokyo_disneysea,tds_fs_a_002,2026-09-28T00:03:02.766Z,5,OPERATING,10b5b89e-02a6-4456-9ddd-69e06c2bded4
tokyo_disneysea,tds_ml_a_005,2026-09-28T00:03:02.677Z,5,OPERATING,f37d7fe8-169f-459d-86f3-4843655358bd
tokyo_disneysea,tds_ml_a_007,2026-09-28T00:03:02.692Z,5,OPERATING,7594d3f2-b3d1-47a0-b64f-8bc01d373830
tokyo_disneysea,tds_fs_a_001,2026-09-28T00:03:44.787Z,50,OPERATING,9fb0c97c-ebf7-4c25-8ea7-a3f4fe2aa9ec
tokyo_disneysea,tds_ml_a_002,2026-09-28T00:03:02.656Z,5,OPERATING,c6c0d34d-531a-40d9-b711-3497fd53c28b
tokyo_disneysea,tds_pd_a_002,2026-09-28T00:03:02.740Z,5,OPERATING,179e4e82-26ed-4b04-bf21-f03808b61df4
tokyo_disneysea,tds_aw_a_001,2026-09-28T00:09:12.632Z,20,OPERATING,71943126-e4ac-49c5-ac61-ac1687ad33af
tokyo_disneysea,tds_aw_a_003,2026-09-28T00:09:12.610Z,60,OPERATING,abb5d6ec-469e-4ab0-8685-5f04e9749653
tokyo_disneysea,tds_mh_a_003,2026-09-28T00:09:12.617Z,140,OPERATING,3407ebac-c575-4c31-b794-1d271014d303
tokyo_disneysea,tds_mi_a_002,2026-09-28T00:09:12.625Z,60,OPERATING,c8526be3-e82c-4692-ae44-e8f2d1142c8a
tokyo_disneysea,tds_fs_a_001,2026-09-28T00:09:12.642Z,90,OPERATING,9fb0c97c-ebf7-4c25-8ea7-a3f4fe2aa9ec
tokyo_disneysea,tds_pd_a_002,2026-09-28T00:06:09.104Z,15,OPERATING,179e4e82-26ed-4b04-bf21-f03808b61df4
tokyo_disneysea,tds_lrd_a_002,2026-09-28T00:10:29.821Z,5,OPERATING,dd942cd2-b364-4262-af12-ca1a5012528b
tokyo_disneysea,tds_fs_a_003,2026-09-28T00:10:29.848Z,5,OPERATING,e8c15bc6-aaab-44ef-8285-1d92ebd2c47d
tokyo_disneysea,tds_aw_a_003,2026-09-28T00:10:29.796Z,60,OPERATING,abb5d6ec-469e-4ab0-8685-5f04e9749653
tokyo_disneysea,tds_mh_a_003,2026-09-28T00:10:29.803Z,140,OPERATING,3407ebac-c575-4c31-b794-1d271014d303
tokyo_disneysea,tds_mi_a_002,2026-09-28T00:10:29.813Z,60,OPERATING,c8526be3-e82c-4692-ae44-e8f2d1142c8a
tokyo_disneysea,tds_fs_a_002,2026-09-28T00:10:29.840Z,5,OPERATING,10b5b89e-02a6-4456-9ddd-69e06c2bded4
tokyo_disneysea,tds_fs_a_001,2026-09-28T00:10:29.831Z,90,OPERATING,9fb0c97c-ebf7-4c25-8ea7-a3f4fe2aa9ec
tokyo_disneysea,tds_lrd_a_002,2026-09-28T00:16:15.494Z,5,OPERATING,dd942cd2-b364-4262-af12-ca1a5012528b
tokyo_disneysea,tds_aw_a_001,2026-09-28T00:16:15.502Z,15,OPERATING,71943126-e4ac-49c5-ac61-ac1687ad33af
tokyo_disneysea,tds_fs_a_003,2026-09-28T00:16:15.527Z,5,OPERATING,e8c15bc6-aaab-44ef-8285-1d92ebd2c47d
tokyo_disneysea,tds_aw_a_003,2026-09-28T00:16:31.934Z,70,OPERATING,abb5d6ec-469e-4ab0-8685-5f04e9749653
tokyo_disneysea,tds_mh_a_003,2026-09-28T00:16:31.940Z,160,OPERATING,3407ebac-c575-4c31-b794-1d271014d303
tokyo_disneysea,tds_mi_a_002,2026-09-28T00:16:31.948Z,70,OPERATING,c8526be3-e82c-4692-ae44-e8f2d1142c8a
tokyo_disneysea,tds_fs_a_002,2026-09-28T00:18:43.314Z,10,OPERATING,10b5b89e-02a6-4456-9ddd-69e06c2bded4
tokyo_disneysea,tds_fs_a_001,2026-09-28T00:18:43.307Z,120,OPERATING,9fb0c97c-ebf7-4c25-8ea7-a3f4fe2aa9ec
tokyo_disneysea,tds_lrd_a_002,2026-09-28T00:22:53.011Z,5,OPERATING,dd942cd2-b364-4262-af12-ca1a5012528b
tokyo_disneysea,tds_aw_a_001,2026-09-28T00:21:57.038Z,20,OPERATING,71943126-e4ac-49c5-ac61-ac1687ad33af
tokyo_disneysea,tds_fs_a_003,2026-09-28T00:22:53.032Z,5,OPERATING,e8c15bc6-aaab-44ef-8285-1d92ebd2c47d
tokyo_disneysea,tds_aw_a_003,2026-09-28T00:22:53.004Z,90,OPERATING,abb5d6ec-469e-4ab0-8685-5f04e9749653
tokyo_disneysea,tds_fs_a_002,2026-09-28T00:22:53.025Z,15,OPERATING,10b5b89e-02a6-4456-9ddd-69e06c2bded4
tokyo_disneysea,tds_fs_a_001,2026-09-28T00:22:53.019Z,140,OPERATING,9fb0c97c-ebf7-4c25-8ea7-a3f4fe2aa9ec
tokyo_disneysea,tds_lrd_a_002,2026-09-28T00:28:14.010Z,5,OPERATING,dd942cd2-b364-4262-af12-ca1a5012528b
tokyo_disneysea,tds_aw_a_001,2026-09-28T00:28:14.018Z,15,OPERATING,71943126-e4ac-49c5-ac61-ac1687ad33af
tokyo_disneysea,tds_fs_a_003,2026-09-28T00:29:27.349Z,15,OPERATING,e8c15bc6-aaab-44ef-8285-1d92ebd2c47d
tokyo_disneysea,tds_aw_a_003,2026-09-28T00:28:13.983Z,120,OPERATING,abb5d6ec-469e-4ab0-8685-5f04e9749653
tokyo_disneysea,tds_mh_a_003,2026-09-28T00:29:27.323Z,140,OPERATING,3407ebac-c575-4c31-b794-1d271014d303
tokyo_disneysea,tds_mi_a_002,2026-09-28T00:29:27.331Z,120,OPERATING,c8526be3-e82c-4692-ae44-e8f2d1142c8a
tokyo_disneysea,tds_fs_a_002,2026-09-28T00:29:27.341Z,25,OPERATING,10b5b89e-02a6-4456-9ddd-69e06c2bded4
tokyo_disneysea,tds_fs_a_004,2026-09-28T00:28:14.056Z,10,OPERATING,c0224e78-abf6-4f89-b0d4-38647a98dd4d
tokyo_disneysea,tds_fs_a_001,2026-09-28T00:28:14.026Z,140,OPERATING,9fb0c97c-ebf7-4c25-8ea7-a3f4fe2aa9ec
tokyo_disneysea,tds_lrd_a_002,2026-09-28T00:33:02.622Z,5,OPERATING,dd942cd2-b364-4262-af12-ca1a5012528b
tokyo_disneysea,tds_fs_a_003,2026-09-28T00:34:34.161Z,20,OPERATING,e8c15bc6-aaab-44ef-8285-1d92ebd2c47d
tokyo_disneysea,tds_aw_a_003,2026-09-28T00:33:02.607Z,120,OPERATING,abb5d6ec-469e-4ab0-8685-5f04e9749653
tokyo_disneysea,tds_mi_a_002,2026-09-28T00:33:02.617Z,120,OPERATING,c8526be3-e82c-4692-ae44-e8f2d1142c8a
tokyo_disneysea,tds_fs_a_002,2026-09-28T00:33:02.637Z,25,OPERATING,10b5b89e-02a6-4456-9ddd-69e06c2bded4
tokyo_disneysea,tds_fs_a_001,2026-09-28T00:33:02.629Z,140,OPERATING,9fb0c97c-ebf7-4c25-8ea7-a3f4fe2aa9ec
tokyo_disneysea,tds_fs_a_003,2026-09-28T00:39:26.045Z,30,OPERATING,e8c15bc6-aaab-44ef-8285-1d92ebd2c47d
tokyo_disneysea,tds_fs_a_002,2026-09-28T00:37:44.191Z,30,OPERATING,10b5b89e-02a6-4456-9ddd-69e06c2bded4
tokyo_disneysea,tds_fs_a_004,2026-09-28T00:37:44.202Z,15,OPERATING,c0224e78-abf6-4f89-b0d4-38647a98dd4d
tokyo_disneysea,tds_aw_a_004,2026-09-28T00:44:05.889Z,15,OPERATING,2daf12ac-21fd-4bfd-bbf6-0c98bed03e8f
tokyo_disneysea,tds_lrd_a_002,2026-09-28T00:44:05.901Z,10,OPERATING,dd942cd2-b364-4262-af12-ca1a5012528b
tokyo_disneysea,tds_aw_a_001,2026-09-28T00:44:05.908Z,15,OPERATING,71943126-e4ac-49c5-ac61-ac1687ad33af
tokyo_disneysea,tds_fs_a_003,2026-09-28T00:44:05.915Z,40,OPERATING,e8c15bc6-aaab-44ef-8285-1d92ebd2c47d
tokyo_disneysea,tds_aw_a_003,2026-09-28T00:40:47.487Z,120,OPERATING,abb5d6ec-469e-4ab0-8685-5f04e9749653
tokyo_disneysea,tds_mh_a_003,2026-09-28T00:40:47.494Z,140,OPERATING,3407ebac-c575-4c31-b794-1d271014d303
tokyo_disneysea,tds_mi_a_002,2026-09-28T00:40:47.501Z,120,OPERATING,c8526be3-e82c-4692-ae44-e8f2d1142c8a
tokyo_disneysea,tds_mi_a_001,2026-09-28T00:42:28.295Z,10,OPERATING,c15da0f5-9668-48ee-b93a-8b737b6acf5b
tokyo_disneysea,tds_ml_a_005,2026-09-28T00:44:05.895Z,10,OPERATING,f37d7fe8-169f-459d-86f3-4843655358bd
tokyo_disneysea,tds_fs_a_004,2026-09-28T00:44:05.923Z,20,OPERATING,c0224e78-abf6-4f89-b0d4-38647a98dd4d
tokyo_disneysea,tds_fs_a_001,2026-09-28T00:40:47.522Z,140,OPERATING,9fb0c97c-ebf7-4c25-8ea7-a3f4fe2aa9ec
tokyo_disneysea,tds_aw_a_004,2026-09-28T00:45:57.367Z,10,OPERATING,2daf12ac-21fd-4bfd-bbf6-0c98bed03e8f
tokyo_disneysea,tds_lrd_a_002,2026-09-28T00:48:35.195Z,20,OPERATING,dd942cd2-b364-4262-af12-ca1a5012528b
tokyo_disneysea,tds_fs_a_003,2026-09-28T00:45:57.395Z,40,OPERATING,e8c15bc6-aaab-44ef-8285-1d92ebd2c47d
tokyo_disneysea,tds_mh_a_003,2026-09-28T00:48:35.175Z,160,OPERATING,3407ebac-c575-4c31-b794-1d271014d303
tokyo_disneysea,tds_aw_a_003,2026-09-28T00:45:57.342Z,120,OPERATING,abb5d6ec-469e-4ab0-8685-5f04e9749653
tokyo_disneysea,tds_mi_a_002,2026-09-28T00:48:35.187Z,140,OPERATING,c8526be3-e82c-4692-ae44-e8f2d1142c8a
tokyo_disneysea,tds_mi_a_001,2026-09-28T00:45:57.361Z,15,OPERATING,c15da0f5-9668-48ee-b93a-8b737b6acf5b
tokyo_disneysea,tds_fs_a_002,2026-09-28T00:48:35.202Z,40,OPERATING,10b5b89e-02a6-4456-9ddd-69e06c2bded4
tokyo_disneysea,tds_fs_a_004,2026-09-28T00:45:57.401Z,30,OPERATING,c0224e78-abf6-4f89-b0d4-38647a98dd4d
tokyo_disneysea,tds_fs_a_001,2026-09-28T00:45:57.382Z,140,OPERATING,9fb0c97c-ebf7-4c25-8ea7-a3f4fe2aa9ec
tokyo_disneysea,tds_aw_a_004,2026-09-28T00:53:25.821Z,20,OPERATING,2daf12ac-21fd-4bfd-bbf6-0c98bed03e8f
tokyo_disneysea,tds_lrd_a_002,2026-09-28T00:53:25.828Z,20,OPERATING,dd942cd2-b364-4262-af12-ca1a5012528b
tokyo_disneysea,tds_aw_a_001,2026-09-28T00:53:25.836Z,20,OPERATING,71943126-e4ac-49c5-ac61-ac1687ad33af
tokyo_disneysea,tds_fs_a_003,2026-09-28T00:53:25.856Z,50,OPERATING,e8c15bc6-aaab-44ef-8285-1d92ebd2c47d
tokyo_disneysea,tds_mh_a_003,2026-09-28T00:53:25.807Z,160,OPERATING,3407ebac-c575-4c31-b794-1d271014d303
tokyo_disneysea,tds_aw_a_003,2026-09-28T00:53:25.800Z,140,OPERATING,abb5d6ec-469e-4ab0-8685-5f04e9749653
tokyo_disneysea,tds_mi_a_002,2026-09-28T00:54:58.526Z,160,OPERATING,c8526be3-e82c-4692-ae44-e8f2d1142c8a
tokyo_disneysea,tds_mi_a_001,2026-09-28T00:50:18.521Z,25,OPERATING,c15da0f5-9668-48ee-b93a-8b737b6acf5b
tokyo_disneysea,tds_fs_a_002,2026-09-28T00:53:25.850Z,50,OPERATING,10b5b89e-02a6-4456-9ddd-69e06c2bded4
tokyo_disneysea,tds_fs_a_004,2026-09-28T00:52:04.749Z,40,OPERATING,c0224e78-abf6-4f89-b0d4-38647a98dd4d
tokyo_disneysea,tds_fs_a_001,2026-09-28T00:53:25.843Z,160,OPERATING,9fb0c97c-ebf7-4c25-8ea7-a3f4fe2aa9ec
tokyo_disneysea,tds_lrd_a_002,2026-09-28T00:58:36.604Z,40,OPERATING,dd942cd2-b364-4262-af12-ca1a5012528b
tokyo_disneysea,tds_aw_a_001,2026-09-28T01:00:19.284Z,15,OPERATING,71943126-e4ac-49c5-ac61-ac1687ad33af
tokyo_disneysea,tds_fs_a_003,2026-09-28T00:58:36.621Z,50,OPERATING,e8c15bc6-aaab-44ef-8285-1d92ebd2c47d
tokyo_disneysea,tds_mh_a_003,2026-09-28T00:58:36.599Z,160,OPERATING,3407ebac-c575-4c31-b794-1d271014d303
tokyo_disneysea,tds_aw_a_003,2026-09-28T00:58:36.593Z,140,OPERATING,abb5d6ec-469e-4ab0-8685-5f04e9749653
tokyo_disneysea,tds_fs_a_002,2026-09-28T00:58:36.615Z,50,OPERATING,10b5b89e-02a6-4456-9ddd-69e06c2bded4
tokyo_disneysea,tds_fs_a_001,2026-09-28T00:58:36.610Z,160,OPERATING,9fb0c97c-ebf7-4c25-8ea7-a3f4fe2aa9ec
tokyo_disneysea,tds_ml_a_002,2026-09-28T01:00:19.277Z,15,OPERATING,c6c0d34d-531a-40d9-b711-3497fd53c28b
tokyo_disneysea,tds_ac_a_001,2026-09-28T01:03:24.503Z,5,OPERATING,76aed95a-dce8-4d03-8c2a-8ad69b3d0d4a
tokyo_disneysea,tds_ac_a_004,2026-09-28T01:03:24.498Z,15,OPERATING,dcad67fe-76bb-4df2-bf5b-aaf70e8efc12
tokyo_disneysea,tds_fs_a_002,2026-09-28T01:04:20.765Z,60,OPERATING,10b5b89e-02a6-4456-9ddd-69e06c2bded4
tokyo_disneysea,tds_aw_a_004,2026-09-28T01:06:17.578Z,15,OPERATING,2daf12ac-21fd-4bfd-bbf6-0c98bed03e8f
tokyo_disneysea,tds_lrd_a_002,2026-09-28T01:10:16.992Z,40,OPERATING,dd942cd2-b364-4262-af12-ca1a5012528b
tokyo_disneysea,tds_aw_a_001,2026-09-28T01:09:25.272Z,20,OPERATING,71943126-e4ac-49c5-ac61-ac1687ad33af
tokyo_disneysea,tds_mh_a_001,2026-09-28T01:06:17.572Z,10,OPERATING,2ca8f848-b8e2-4ba5-aa6e-e0fb37e85d0b
tokyo_disneysea,tds_fs_a_003,2026-09-28T01:10:17.018Z,50,OPERATING,e8c15bc6-aaab-44ef-8285-1d92ebd2c47d
tokyo_disneysea,tds_mh_a_003,2026-09-28T01:10:16.970Z,160,OPERATING,3407ebac-c575-4c31-b794-1d271014d303
tokyo_disneysea,tds_aw_a_003,2026-09-28T01:10:16.962Z,140,OPERATING,abb5d6ec-469e-4ab0-8685-5f04e9749653
tokyo_disneysea,tds_mi_a_002,2026-09-28T01:10:16.981Z,160,OPERATING,c8526be3-e82c-4692-ae44-e8f2d1142c8a
tokyo_disneysea,tds_mi_a_001,2026-09-28T01:06:17.566Z,30,OPERATING,c15da0f5-9668-48ee-b93a-8b737b6acf5b
tokyo_disneysea,tds_fs_a_002,2026-09-28T01:10:17.011Z,60,OPERATING,10b5b89e-02a6-4456-9ddd-69e06c2bded4
tokyo_disneysea,tds_ml_a_005,2026-09-28T01:09:25.266Z,15,OPERATING,f37d7fe8-169f-459d-86f3-4843655358bd
tokyo_disneysea,tds_fs_a_004,2026-09-28T01:09:25.286Z,50,OPERATING,c0224e78-abf6-4f89-b0d4-38647a98dd4d
tokyo_disneysea,tds_fs_a_001,2026-09-28T01:10:17.004Z,180,OPERATING,9fb0c97c-ebf7-4c25-8ea7-a3f4fe2aa9ec
tokyo_disneysea,tds_aw_a_004,2026-09-28T01:12:34.561Z,20,OPERATING,2daf12ac-21fd-4bfd-bbf6-0c98bed03e8f
tokyo_disneysea,tds_fs_a_003,2026-09-28T01:13:00.468Z,60,OPERATING,e8c15bc6-aaab-44ef-8285-1d92ebd2c47d
tokyo_disneysea,tds_mi_a_002,2026-09-28T01:13:00.453Z,140,OPERATING,c8526be3-e82c-4692-ae44-e8f2d1142c8a
tokyo_disneysea,tds_mi_a_001,2026-09-28T01:12:34.550Z,40,OPERATING,c15da0f5-9668-48ee-b93a-8b737b6acf5b
tokyo_disneysea,tds_pd_a_002,2026-09-28T01:12:34.568Z,20,OPERATING,179e4e82-26ed-4b04-bf21-f03808b61df4
tokyo_disneysea,tds_lrd_a_002,2026-09-28T01:18:51.152Z,40,OPERATING,dd942cd2-b364-4262-af12-ca1a5012528b
tokyo_disneysea,tds_aw_a_001,2026-09-28T01:18:40.759Z,25,OPERATING,71943126-e4ac-49c5-ac61-ac1687ad33af
tokyo_disneysea,tds_fs_a_003,2026-09-28T01:18:51.175Z,60,OPERATING,e8c15bc6-aaab-44ef-8285-1d92ebd2c47d
tokyo_disneysea,tds_aw_a_003,2026-09-28T01:18:51.127Z,160,OPERATING,abb5d6ec-469e-4ab0-8685-5f04e9749653
tokyo_disneysea,tds_mh_a_003,2026-09-28T01:18:51.135Z,160,OPERATING,3407ebac-c575-4c31-b794-1d271014d303
tokyo_disneysea,tds_mi_a_002,2026-09-28T01:18:51.144Z,160,OPERATING,c8526be3-e82c-4692-ae44-e8f2d1142c8a
tokyo_disneysea,tds_fs_a_002,2026-09-28T01:18:51.167Z,60,OPERATING,10b5b89e-02a6-4456-9ddd-69e06c2bded4
tokyo_disneysea,tds_ml_a_007,2026-09-28T01:16:04.593Z,15,OPERATING,7594d3f2-b3d1-47a0-b64f-8bc01d373830
tokyo_disneysea,tds_fs_a_004,2026-09-28T01:18:40.766Z,40,OPERATING,c0224e78-abf6-4f89-b0d4-38647a98dd4d
tokyo_disneysea,tds_fs_a_001,2026-09-28T01:18:51.159Z,180,OPERATING,9fb0c97c-ebf7-4c25-8ea7-a3f4fe2aa9ec
tokyo_disneysea,tds_lrd_a_002,2026-09-28T01:22:12.662Z,40,OPERATING,dd942cd2-b364-4262-af12-ca1a5012528b
tokyo_disneysea,tds_mh_a_001,2026-09-28T01:22:05.759Z,5,OPERATING,2ca8f848-b8e2-4ba5-aa6e-e0fb37e85d0b
tokyo_disneysea,tds_fs_a_003,2026-09-28T01:22:12.683Z,70,OPERATING,e8c15bc6-aaab-44ef-8285-1d92ebd2c47d
tokyo_disneysea,tds_aw_a_003,2026-09-28T01:22:12.638Z,160,OPERATING,abb5d6ec-469e-4ab0-8685-5f04e9749653
tokyo_disneysea,tds_mh_a_003,2026-09-28T01:22:12.646Z,160,OPERATING,3407ebac-c575-4c31-b794-1d271014d303
tokyo_disneysea,tds_mi_a_002,2026-09-28T01:22:12.654Z,160,OPERATING,c8526be3-e82c-4692-ae44-e8f2d1142c8a
tokyo_disneysea,tds_fs_a_002,2026-09-28T01:22:12.676Z,60,OPERATING,10b5b89e-02a6-4456-9ddd-69e06c2bded4
tokyo_disneysea,tds_ml_a_005,2026-09-28T01:22:05.767Z,20,OPERATING,f37d7fe8-169f-459d-86f3-4843655358bd
tokyo_disneysea,tds_ml_a_007,2026-09-28T01:22:05.776Z,20,OPERATING,7594d3f2-b3d1-47a0-b64f-8bc01d373830
tokyo_disneysea,tds_fs_a_001,2026-09-28T01:22:12.668Z,180,OPERATING,9fb0c97c-ebf7-4c25-8ea7-a3f4fe2aa9ec
tokyo_disneysea,tds_aw_a_004,2026-09-28T01:24:59.318Z,25,OPERATING,2daf12ac-21fd-4bfd-bbf6-0c98bed03e8f
tokyo_disneysea,tds_aw_a_001,2026-09-28T01:24:59.326Z,20,OPERATING,71943126-e4ac-49c5-ac61-ac1687ad33af
tokyo_disneysea,tds_mh_a_001,2026-09-28T01:28:09.150Z,10,OPERATING,2ca8f848-b8e2-4ba5-aa6e-e0fb37e85d0b
tokyo_disneysea,tds_mi_a_001,2026-09-28T01:28:09.142Z,30,OPERATING,c15da0f5-9668-48ee-b93a-8b737b6acf5b
tokyo_disneysea,tds_ml_a_005,2026-09-28T01:28:09.165Z,25,OPERATING,f37d7fe8-169f-459d-86f3-4843655358bd
tokyo_disneysea,tds_ml_a_002,2026-09-28T01:28:09.157Z,20,OPERATING,c6c0d34d-531a-40d9-b711-3497fd53c28b
tokyo_disneysea,tds_ml_a_004,2026-09-28T01:31:37.126Z,10,OPERATING,2d56558a-d4d2-4f79-898c-178c2c20cf67
tokyo_disneysea,tds_lrd_a_002,2026-09-28T01:31:37.159Z,40,OPERATING,dd942cd2-b364-4262-af12-ca1a5012528b
tokyo_disneysea,tds_aw_a_001,2026-09-28T01:31:37.169Z,15,OPERATING,71943126-e4ac-49c5-ac61-ac1687ad33af
tokyo_disneysea,tds_fs_a_003,2026-09-28T01:31:37.209Z,70,OPERATING,e8c15bc6-aaab-44ef-8285-1d92ebd2c47d
tokyo_disneysea,tds_aw_a_003,2026-09-28T01:31:53.614Z,140,OPERATING,abb5d6ec-469e-4ab0-8685-5f04e9749653
tokyo_disneysea,tds_mh_a_003,2026-09-28T01:34:29.741Z,140,OPERATING,3407ebac-c575-4c31-b794-1d271014d303
tokyo_disneysea,tds_mi_a_002,2026-09-28T01:34:29.756Z,200,OPERATING,c8526be3-e82c-4692-ae44-e8f2d1142c8a
tokyo_disneysea,tds_fs_a_002,2026-09-28T01:31:37.197Z,60,OPERATING,10b5b89e-02a6-4456-9ddd-69e06c2bded4
tokyo_disneysea,tds_ml_a_005,2026-09-28T01:31:37.134Z,30,OPERATING,f37d7fe8-169f-459d-86f3-4843655358bd
tokyo_disneysea,tds_ml_a_007,2026-09-28T01:31:37.143Z,25,OPERATING,7594d3f2-b3d1-47a0-b64f-8bc01d373830
tokyo_disneysea,tds_fs_a_001,2026-09-28T01:31:37.188Z,180,OPERATING,9fb0c97c-ebf7-4c25-8ea7-a3f4fe2aa9ec
tokyo_disneysea,tds_pd_a_002,2026-09-28T01:31:37.178Z,15,OPERATING,179e4e82-26ed-4b04-bf21-f03808b61df4
tokyo_disneysea,tds_lrd_a_002,2026-09-28T01:35:37.999Z,40,OPERATING,dd942cd2-b364-4262-af12-ca1a5012528b
tokyo_disneysea,tds_aw_a_001,2026-09-28T01:35:38.008Z,20,OPERATING,71943126-e4ac-49c5-ac61-ac1687ad33af
tokyo_disneysea,tds_fs_a_003,2026-09-28T01:35:38.036Z,70,OPERATING,e8c15bc6-aaab-44ef-8285-1d92ebd2c47d
tokyo_disneysea,tds_mh_a_003,2026-09-28T01:35:37.983Z,140,OPERATING,3407ebac-c575-4c31-b794-1d271014d303
tokyo_disneysea,tds_mi_a_002,2026-09-28T01:35:37.992Z,200,OPERATING,c8526be3-e82c-4692-ae44-e8f2d1142c8a
tokyo_disneysea,tds_fs_a_002,2026-09-28T01:35:38.027Z,60,OPERATING,10b5b89e-02a6-4456-9ddd-69e06c2bded4
tokyo_disneysea,tds_fs_a_001,2026-09-28T01:35:38.018Z,180,OPERATING,9fb0c97c-ebf7-4c25-8ea7-a3f4fe2aa9ec
tokyo_disneysea,tds_ml_a_004,2026-09-28T01:44:01.297Z,20,OPERATING,2d56558a-d4d2-4f79-898c-178c2c20cf67
tokyo_disneysea,tds_lrd_a_002,2026-09-28T01:44:28.272Z,50,OPERATING,dd942cd2-b364-4262-af12-ca1a5012528b
tokyo_disneysea,tds_ac_a_002,2026-09-28T01:44:01.279Z,20,OPERATING,abbf5b3e-94e5-420a-8257-34594cd9d590
tokyo_disneysea,tds_fs_a_003,2026-09-28T01:44:01.340Z,70,OPERATING,e8c15bc6-aaab-44ef-8285-1d92ebd2c47d
tokyo_disneysea,tds_ml_a_003,2026-09-28T01:42:31.217Z,10,OPERATING,58815e8e-7c01-4a42-8a00-1bd1c82a0252
tokyo_disneysea,tds_aw_a_003,2026-09-28T01:44:01.258Z,120,OPERATING,abb5d6ec-469e-4ab0-8685-5f04e9749653
tokyo_disneysea,tds_mh_a_003,2026-09-28T01:44:01.267Z,140,OPERATING,3407ebac-c575-4c31-b794-1d271014d303
tokyo_disneysea,tds_mi_a_002,2026-09-28T01:44:01.287Z,200,OPERATING,c8526be3-e82c-4692-ae44-e8f2d1142c8a
tokyo_disneysea,tds_fs_a_002,2026-09-28T01:44:01.333Z,60,OPERATING,10b5b89e-02a6-4456-9ddd-69e06c2bded4
tokyo_disneysea,tds_fs_a_001,2026-09-28T01:44:01.326Z,180,OPERATING,9fb0c97c-ebf7-4c25-8ea7-a3f4fe2aa9ec
tokyo_disneysea,tds_aw_a_001,2026-09-28T01:47:17.050Z,30,OPERATING,71943126-e4ac-49c5-ac61-ac1687ad33af
tokyo_disneysea,tds_fs_a_003,2026-09-28T01:48:28.775Z,70,OPERATING,e8c15bc6-aaab-44ef-8285-1d92ebd2c47d
tokyo_disneysea,tds_ml_a_003,2026-09-28T01:47:17.042Z,15,OPERATING,58815e8e-7c01-4a42-8a00-1bd1c82a0252
tokyo_disneysea,tds_aw_a_003,2026-09-28T01:48:28.733Z,120,OPERATING,abb5d6ec-469e-4ab0-8685-5f04e9749653
tokyo_disneysea,tds_mh_a_003,2026-09-28T01:48:28.742Z,140,OPERATING,3407ebac-c575-4c31-b794-1d271014d303
tokyo_disneysea,tds_mi_a_002,2026-09-28T01:48:28.751Z,200,OPERATING,c8526be3-e82c-4692-ae44-e8f2d1142c8a
tokyo_disneysea,tds_fs_a_002,2026-09-28T01:48:28.768Z,60,OPERATING,10b5b89e-02a6-4456-9ddd-69e06c2bded4
tokyo_disneysea,tds_fs_a_001,2026-09-28T01:48:28.759Z,180,OPERATING,9fb0c97c-ebf7-4c25-8ea7-a3f4fe2aa9ec
tokyo_disneysea,tds_ac_a_001,2026-09-28T01:53:26.746Z,10,OPERATING,76aed95a-dce8-4d03-8c2a-8ad69b3d0d4a
tokyo_disneysea,tds_lrd_a_002,2026-09-28T01:54:50.550Z,70,OPERATING,dd942cd2-b364-4262-af12-ca1a5012528b
tokyo_disneysea,tds_fs_a_003,2026-09-28T01:54:50.559Z,80,OPERATING,e8c15bc6-aaab-44ef-8285-1d92ebd2c47d
tokyo_disneysea,tds_ac_a_003,2026-09-28T01:53:26.739Z,10,OPERATING,63ef07eb-9bfb-4782-885e-cfd08ced82f0
tokyo_disneysea,tds_aw_a_003,2026-09-28T01:51:07.097Z,100,OPERATING,abb5d6ec-469e-4ab0-8685-5f04e9749653
tokyo_disneysea,tds_fs_a_002,2026-09-28T01:51:07.113Z,70,OPERATING,10b5b89e-02a6-4456-9ddd-69e06c2bded4
tokyo_disneysea,tds_lrd_a_002,2026-09-28T01:56:35.811Z,70,OPERATING,dd942cd2-b364-4262-af12-ca1a5012528b
tokyo_disneysea,tds_aw_a_001,2026-09-28T01:56:35.819Z,20,OPERATING,71943126-e4ac-49c5-ac61-ac1687ad33af
tokyo_disneysea,tds_fs_a_003,2026-09-28T01:56:35.843Z,80,OPERATING,e8c15bc6-aaab-44ef-8285-1d92ebd2c47d
tokyo_disneysea,tds_ml_a_003,2026-09-28T01:56:35.803Z,10,OPERATING,58815e8e-7c01-4a42-8a00-1bd1c82a0252
tokyo_disneysea,tds_aw_a_003,2026-09-28T01:56:35.775Z,100,OPERATING,abb5d6ec-469e-4ab0-8685-5f04e9749653
tokyo_disneysea,tds_mh_a_003,2026-09-28T01:56:35.786Z,140,OPERATING,3407ebac-c575-4c31-b794-1d271014d303
tokyo_disneysea,tds_mi_a_002,2026-09-28T01:56:35.795Z,200,OPERATING,c8526be3-e82c-4692-ae44-e8f2d1142c8a
tokyo_disneysea,tds_fs_a_002,2026-09-28T01:56:35.835Z,80,OPERATING,10b5b89e-02a6-4456-9ddd-69e06c2bded4
tokyo_disneysea,tds_fs_a_001,2026-09-28T01:56:35.827Z,180,OPERATING,9fb0c97c-ebf7-4c25-8ea7-a3f4fe2aa9ec
tokyo_disneysea,tds_ml_a_004,2026-09-28T02:01:14.389Z,25,OPERATING,2d56558a-d4d2-4f79-898c-178c2c20cf67
tokyo_disneysea,tds_lrd_a_002,2026-09-28T02:02:34.071Z,70,OPERATING,dd942cd2-b364-4262-af12-ca1a5012528b
tokyo_disneysea,tds_ac_a_002,2026-09-28T02:01:14.370Z,15,OPERATING,abbf5b3e-94e5-420a-8257-34594cd9d590
tokyo_disneysea,tds_aw_a_005,2026-09-28T02:01:14.382Z,5,OPERATING,5449e9da-ee4c-47d8-a60a-8a964b94c32d
tokyo_disneysea,tds_fs_a_003,2026-09-28T02:02:34.091Z,80,OPERATING,e8c15bc6-aaab-44ef-8285-1d92ebd2c47d
tokyo_disneysea,tds_aw_a_003,2026-09-28T02:02:34.049Z,100,OPERATING,abb5d6ec-469e-4ab0-8685-5f04e9749653
tokyo_disneysea,tds_mh_a_003,2026-09-28T02:02:34.056Z,140,OPERATING,3407ebac-c575-4c31-b794-1d271014d303
tokyo_disneysea,tds_mi_a_002,2026-09-28T02:02:34.063Z,200,OPERATING,c8526be3-e82c-4692-ae44-e8f2d1142c8a
tokyo_disneysea,tds_ml_a_007,2026-09-28T02:04:06.566Z,20,OPERATING,7594d3f2-b3d1-47a0-b64f-8bc01d373830
tokyo_disneysea,tds_fs_a_004,2026-09-28T02:01:14.407Z,50,OPERATING,c0224e78-abf6-4f89-b0d4-38647a98dd4d
tokyo_disneysea,tds_fs_a_001,2026-09-28T02:04:06.574Z,160,OPERATING,9fb0c97c-ebf7-4c25-8ea7-a3f4fe2aa9ec
tokyo_disneysea,tds_lrd_a_002,2026-09-28T02:09:11.173Z,70,OPERATING,dd942cd2-b364-4262-af12-ca1a5012528b
tokyo_disneysea,tds_aw_a_001,2026-09-28T02:06:11.547Z,25,OPERATING,71943126-e4ac-49c5-ac61-ac1687ad33af
tokyo_disneysea,tds_fs_a_003,2026-09-28T02:09:11.188Z,80,OPERATING,e8c15bc6-aaab-44ef-8285-1d92ebd2c47d
tokyo_disneysea,tds_mh_a_003,2026-09-28T02:09:11.153Z,140,OPERATING,3407ebac-c575-4c31-b794-1d271014d303
tokyo_disneysea,tds_aw_a_003,2026-09-28T02:09:11.146Z,120,OPERATING,abb5d6ec-469e-4ab0-8685-5f04e9749653
tokyo_disneysea,tds_mi_a_002,2026-09-28T02:09:11.159Z,180,OPERATING,c8526be3-e82c-4692-ae44-e8f2d1142c8a
tokyo_disneysea,tds_fs_a_001,2026-09-28T02:06:11.555Z,160,OPERATING,9fb0c97c-ebf7-4c25-8ea7-a3f4fe2aa9ec
tokyo_disneysea,tds_ml_a_002,2026-09-28T02:09:11.167Z,15,OPERATING,c6c0d34d-531a-40d9-b711-3497fd53c28b
tokyo_disneysea,tds_lrd_a_002,2026-09-28T02:13:46.783Z,70,OPERATING,dd942cd2-b364-4262-af12-ca1a5012528b
tokyo_disneysea,tds_ac_a_002,2026-09-28T02:13:46.771Z,20,OPERATING,abbf5b3e-94e5-420a-8257-34594cd9d590
tokyo_disneysea,tds_aw_a_001,2026-09-28T02:12:31.005Z,20,OPERATING,71943126-e4ac-49c5-ac61-ac1687ad33af
tokyo_disneysea,tds_fs_a_003,2026-09-28T02:13:46.806Z,80,OPERATING,e8c15bc6-aaab-44ef-8285-1d92ebd2c47d
tokyo_disneysea,tds_ac_a_003,2026-09-28T02:12:30.998Z,15,OPERATING,63ef07eb-9bfb-4782-885e-cfd08ced82f0
tokyo_disneysea,tds_mh_a_003,2026-09-28T02:13:46.765Z,140,OPERATING,3407ebac-c575-4c31-b794-1d271014d303
tokyo_disneysea,tds_aw_a_003,2026-09-28T02:13:46.758Z,100,OPERATING,abb5d6ec-469e-4ab0-8685-5f04e9749653
tokyo_disneysea,tds_mi_a_002,2026-09-28T02:11:13.151Z,180,OPERATING,c8526be3-e82c-4692-ae44-e8f2d1142c8a
tokyo_disneysea,tds_fs_a_004,2026-09-28T02:13:46.813Z,60,OPERATING,c0224e78-abf6-4f89-b0d4-38647a98dd4d
tokyo_disneysea,tds_fs_a_001,2026-09-28T02:13:46.790Z,160,OPERATING,9fb0c97c-ebf7-4c25-8ea7-a3f4fe2aa9ec
tokyo_disneysea,tds_ml_a_002,2026-09-28T02:13:46.777Z,10,OPERATING,c6c0d34d-531a-40d9-b711-3497fd53c28b
tokyo_disneysea,tds_ac_a_002,2026-09-28T02:20:10.072Z,25,OPERATING,abbf5b3e-94e5-420a-8257-34594cd9d590
tokyo_disneysea,tds_aw_a_001,2026-09-28T02:20:10.097Z,15,OPERATING,71943126-e4ac-49c5-ac61-ac1687ad33af
tokyo_disneysea,tds_fs_a_003,2026-09-28T02:17:25.713Z,70,OPERATING,e8c15bc6-aaab-44ef-8285-1d92ebd2c47d
tokyo_disneysea,tds_ml_a_003,2026-09-28T02:16:00.221Z,15,OPERATING,58815e8e-7c01-4a42-8a00-1bd1c82a0252
tokyo_disneysea,tds_aw_a_003,2026-09-28T02:17:25.707Z,90,OPERATING,abb5d6ec-469e-4ab0-8685-5f04e9749653
tokyo_disneysea,tds_ml_a_002,2026-09-28T02:20:10.090Z,15,OPERATING,c6c0d34d-531a-40d9-b711-3497fd53c28b
tokyo_disneysea,tds_lrd_a_002,2026-09-28T02:23:51.557Z,70,OPERATING,dd942cd2-b364-4262-af12-ca1a5012528b
tokyo_disneysea,tds_fs_a_003,2026-09-28T02:23:51.581Z,70,OPERATING,e8c15bc6-aaab-44ef-8285-1d92ebd2c47d
tokyo_disneysea,tds_mh_a_003,2026-09-28T02:23:51.535Z,140,OPERATING,3407ebac-c575-4c31-b794-1d271014d303
tokyo_disneysea,tds_aw_a_003,2026-09-28T02:23:51.528Z,90,OPERATING,abb5d6ec-469e-4ab0-8685-5f04e9749653
tokyo_disneysea,tds_mi_a_002,2026-09-28T02:23:51.543Z,180,OPERATING,c8526be3-e82c-4692-ae44-e8f2d1142c8a
tokyo_disneysea,tds_fs_a_001,2026-09-28T02:23:51.564Z,160,OPERATING,9fb0c97c-ebf7-4c25-8ea7-a3f4fe2aa9ec
tokyo_disneysea,tds_aw_a_004,2026-09-28T02:30:20.986Z,20,OPERATING,2daf12ac-21fd-4bfd-bbf6-0c98bed03e8f
tokyo_disneysea,tds_ac_a_001,2026-09-28T02:30:20.995Z,15,OPERATING,76aed95a-dce8-4d03-8c2a-8ad69b3d0d4a
tokyo_disneysea,tds_aw_a_001,2026-09-28T02:26:49.867Z,20,OPERATING,71943126-e4ac-49c5-ac61-ac1687ad33af
tokyo_disneysea,tds_ml_a_003,2026-09-28T02:30:21.007Z,20,OPERATING,58815e8e-7c01-4a42-8a00-1bd1c82a0252
tokyo_disneysea,tds_mi_a_002,2026-09-28T02:30:20.976Z,160,OPERATING,c8526be3-e82c-4692-ae44-e8f2d1142c8a
tokyo_disneysea,tds_pd_a_002,2026-09-28T02:26:49.873Z,20,OPERATING,179e4e82-26ed-4b04-bf21-f03808b61df4
tokyo_disneysea,tds_lrd_a_002,2026-09-28T02:33:45.287Z,80,OPERATING,dd942cd2-b364-4262-af12-ca1a5012528b
tokyo_disneysea,tds_fs_a_003,2026-09-28T02:33:45.322Z,70,OPERATING,e8c15bc6-aaab-44ef-8285-1d92ebd2c47d
tokyo_disneysea,tds_ml_a_003,2026-09-28T02:33:19.578Z,15,OPERATING,58815e8e-7c01-4a42-8a00-1bd1c82a0252
tokyo_disneysea,tds_pd_a_003,2026-09-28T02:33:19.569Z,10,OPERATING,c8744918-42c0-427d-8947-c3dbd1abf8d5
tokyo_disneysea,tds_mh_a_003,2026-09-28T02:33:45.271Z,140,OPERATING,3407ebac-c575-4c31-b794-1d271014d303
tokyo_disneysea,tds_aw_a_003,2026-09-28T02:33:45.263Z,100,OPERATING,abb5d6ec-469e-4ab0-8685-5f04e9749653
tokyo_disneysea,tds_mi_a_002,2026-09-28T02:30:55.049Z,160,OPERATING,c8526be3-e82c-4692-ae44-e8f2d1142c8a
tokyo_disneysea,tds_fs_a_001,2026-09-28T02:33:45.302Z,160,OPERATING,9fb0c97c-ebf7-4c25-8ea7-a3f4fe2aa9ec
tokyo_disneysea,tds_aw_a_004,2026-09-28T02:36:41.256Z,15,OPERATING,2daf12ac-21fd-4bfd-bbf6-0c98bed03e8f
tokyo_disneysea,tds_lrd_a_002,2026-09-28T02:37:11.238Z,80,OPERATING,dd942cd2-b364-4262-af12-ca1a5012528b
tokyo_disneysea,tds_aw_a_001,2026-09-28T02:36:41.262Z,15,OPERATING,71943126-e4ac-49c5-ac61-ac1687ad33af
tokyo_disneysea,tds_fs_a_003,2026-09-28T02:37:11.260Z,70,OPERATING,e8c15bc6-aaab-44ef-8285-1d92ebd2c47d
tokyo_disneysea,tds_pd_a_003,2026-09-28T02:39:42.380Z,15,OPERATING,c8744918-42c0-427d-8947-c3dbd1abf8d5
tokyo_disneysea,tds_ac_a_003,2026-09-28T02:39:42.387Z,20,OPERATING,63ef07eb-9bfb-4782-885e-cfd08ced82f0
tokyo_disneysea,tds_mh_a_003,2026-09-28T02:37:11.223Z,140,OPERATING,3407ebac-c575-4c31-b794-1d271014d303
tokyo_disneysea,tds_aw_a_003,2026-09-28T02:37:11.217Z,100,OPERATING,abb5d6ec-469e-4ab0-8685-5f04e9749653
tokyo_disneysea,tds_mi_a_002,2026-09-28T02:37:11.230Z,160,OPERATING,c8526be3-e82c-4692-ae44-e8f2d1142c8a
tokyo_disneysea,tds_fs_a_001,2026-09-28T02:37:11.244Z,160,OPERATING,9fb0c97c-ebf7-4c25-8ea7-a3f4fe2aa9ec
tokyo_disneysea,tds_ac_a_001,2026-09-28T02:43:49.183Z,25,OPERATING,76aed95a-dce8-4d03-8c2a-8ad69b3d0d4a
tokyo_disneysea,tds_ml_a_003,2026-09-28T02:43:49.190Z,20,OPERATING,58815e8e-7c01-4a42-8a00-1bd1c82a0252
tokyo_disneysea,tds_ml_a_007,2026-09-28T02:43:49.197Z,25,OPERATING,7594d3f2-b3d1-47a0-b64f-8bc01d373830
tokyo_disneysea,tds_ac_a_001,2026-09-28T02:50:00.873Z,30,OPERATING,76aed95a-dce8-4d03-8c2a-8ad69b3d0d4a
tokyo_disneysea,tds_lrd_a_002,2026-09-28T02:50:00.925Z,80,OPERATING,dd942cd2-b364-4262-af12-ca1a5012528b
tokyo_disneysea,tds_aw_a_001,2026-09-28T02:45:50.313Z,20,OPERATING,71943126-e4ac-49c5-ac61-ac1687ad33af
tokyo_disneysea,tds_fs_a_003,2026-09-28T02:50:01.000Z,70,OPERATING,e8c15bc6-aaab-44ef-8285-1d92ebd2c47d
tokyo_disneysea,tds_ml_a_003,2026-09-28T02:50:00.884Z,25,OPERATING,58815e8e-7c01-4a42-8a00-1bd1c82a0252
tokyo_disneysea,tds_mh_a_003,2026-09-28T02:50:00.825Z,140,OPERATING,3407ebac-c575-4c31-b794-1d271014d303
tokyo_disneysea,tds_aw_a_003,2026-09-28T02:50:00.802Z,100,OPERATING,abb5d6ec-469e-4ab0-8685-5f04e9749653
tokyo_disneysea,tds_mi_a_002,2026-09-28T02:50:00.846Z,160,OPERATING,c8526be3-e82c-4692-ae44-e8f2d1142c8a
tokyo_disneysea,tds_fs_a_004,2026-09-28T02:45:50.342Z,50,OPERATING,c0224e78-abf6-4f89-b0d4-38647a98dd4d
tokyo_disneysea,tds_fs_a_001,2026-09-28T02:50:00.962Z,140,OPERATING,9fb0c97c-ebf7-4c25-8ea7-a3f4fe2aa9ec
tokyo_disneysea,tds_ml_a_002,2026-09-28T02:45:50.298Z,20,OPERATING,c6c0d34d-531a-40d9-b711-3497fd53c28b
tokyo_disneysea,tds_ac_a_001,2026-09-28T02:55:01.075Z,25,OPERATING,76aed95a-dce8-4d03-8c2a-8ad69b3d0d4a
tokyo_disneysea,tds_lrd_a_002,2026-09-28T02:58:04.053Z,80,OPERATING,dd942cd2-b364-4262-af12-ca1a5012528b
tokyo_disneysea,tds_mh_a_001,2026-09-28T02:59:11.705Z,5,OPERATING,2ca8f848-b8e2-4ba5-aa6e-e0fb37e85d0b
tokyo_disneysea,tds_fs_a_003,2026-09-28T02:58:04.078Z,70,OPERATING,e8c15bc6-aaab-44ef-8285-1d92ebd2c47d
tokyo_disneysea,tds_ac_a_003,2026-09-28T02:56:34.916Z,15,OPERATING,63ef07eb-9bfb-4782-885e-cfd08ced82f0
tokyo_disneysea,tds_mh_a_003,2026-09-28T02:58:03.995Z,140,OPERATING,3407ebac-c575-4c31-b794-1d271014d303
tokyo_disneysea,tds_aw_a_003,2026-09-28T02:58:03.981Z,100,OPERATING,abb5d6ec-469e-4ab0-8685-5f04e9749653
tokyo_disneysea,tds_mi_a_002,2026-09-28T02:58:04.009Z,160,OPERATING,c8526be3-e82c-4692-ae44-e8f2d1142c8a
tokyo_disneysea,tds_ac_a_004,2026-09-28T02:59:11.696Z,15,OPERATING,dcad67fe-76bb-4df2-bf5b-aaf70e8efc12
tokyo_disneysea,tds_fs_a_002,2026-09-28T02:59:11.713Z,30,OPERATING,10b5b89e-02a6-4456-9ddd-69e06c2bded4
tokyo_disneysea,tds_fs_a_004,2026-09-28T02:55:01.103Z,40,OPERATING,c0224e78-abf6-4f89-b0d4-38647a98dd4d
tokyo_disneysea,tds_fs_a_001,2026-09-28T02:58:04.062Z,140,OPERATING,9fb0c97c-ebf7-4c25-8ea7-a3f4fe2aa9ec
tokyo_disneysea,tds_lrd_a_002,2026-09-28T03:02:50.220Z,80,OPERATING,dd942cd2-b364-4262-af12-ca1a5012528b
tokyo_disneysea,tds_fs_a_003,2026-09-28T03:02:50.245Z,70,OPERATING,e8c15bc6-aaab-44ef-8285-1d92ebd2c47d
tokyo_disneysea,tds_pd_a_003,2026-09-28T03:04:02.705Z,20,OPERATING,c8744918-42c0-427d-8947-c3dbd1abf8d5
tokyo_disneysea,tds_mh_a_003,2026-09-28T03:02:50.208Z,140,OPERATING,3407ebac-c575-4c31-b794-1d271014d303
tokyo_disneysea,tds_aw_a_003,2026-09-28T03:02:50.202Z,100,OPERATING,abb5d6ec-469e-4ab0-8685-5f04e9749653
tokyo_disneysea,tds_mi_a_002,2026-09-28T03:02:50.214Z,160,OPERATING,c8526be3-e82c-4692-ae44-e8f2d1142c8a
tokyo_disneysea,tds_fs_a_002,2026-09-28T03:04:02.723Z,50,OPERATING,10b5b89e-02a6-4456-9ddd-69e06c2bded4
tokyo_disneysea,tds_fs_a_001,2026-09-28T03:04:02.712Z,140,OPERATING,9fb0c97c-ebf7-4c25-8ea7-a3f4fe2aa9ec
tokyo_disneysea,tds_ml_a_004,2026-09-28T03:09:07.793Z,30,OPERATING,2d56558a-d4d2-4f79-898c-178c2c20cf67
tokyo_disneysea,tds_fs_a_002,2026-09-28T03:07:03.492Z,40,OPERATING,10b5b89e-02a6-4456-9ddd-69e06c2bded4
tokyo_disneysea,tds_fs_a_001,2026-09-28T03:09:07.801Z,120,OPERATING,9fb0c97c-ebf7-4c25-8ea7-a3f4fe2aa9ec
tokyo_disneysea,tds_ml_a_002,2026-09-28T03:05:33.261Z,25,OPERATING,c6c0d34d-531a-40d9-b711-3497fd53c28b
tokyo_disneysea,tds_lrd_a_002,2026-09-28T03:12:12.282Z,90,OPERATING,dd942cd2-b364-4262-af12-ca1a5012528b
tokyo_disneysea,tds_aw_a_001,2026-09-28T03:10:08.973Z,15,OPERATING,71943126-e4ac-49c5-ac61-ac1687ad33af
tokyo_disneysea,tds_fs_a_003,2026-09-28T03:10:08.999Z,70,OPERATING,e8c15bc6-aaab-44ef-8285-1d92ebd2c47d
tokyo_disneysea,tds_ac_a_003,2026-09-28T03:12:12.273Z,10,OPERATING,63ef07eb-9bfb-4782-885e-cfd08ced82f0
tokyo_disneysea,tds_mh_a_003,2026-09-28T03:10:08.932Z,140,OPERATING,3407ebac-c575-4c31-b794-1d271014d303
tokyo_disneysea,tds_aw_a_003,2026-09-28T03:10:08.924Z,100,OPERATING,abb5d6ec-469e-4ab0-8685-5f04e9749653
tokyo_disneysea,tds_mi_a_002,2026-09-28T03:10:08.941Z,160,OPERATING,c8526be3-e82c-4692-ae44-e8f2d1142c8a
tokyo_disneysea,tds_mi_a_001,2026-09-28T03:12:12.263Z,40,OPERATING,c15da0f5-9668-48ee-b93a-8b737b6acf5b
tokyo_disneysea,tds_fs_a_002,2026-09-28T03:13:08.091Z,60,OPERATING,10b5b89e-02a6-4456-9ddd-69e06c2bded4
tokyo_disneysea,tds_fs_a_001,2026-09-28T03:10:08.980Z,120,OPERATING,9fb0c97c-ebf7-4c25-8ea7-a3f4fe2aa9ec
tokyo_disneysea,tds_ml_a_002,2026-09-28T03:10:08.948Z,20,OPERATING,c6c0d34d-531a-40d9-b711-3497fd53c28b
tokyo_disneysea,tds_aw_a_001,2026-09-28T03:16:40.245Z,20,OPERATING,71943126-e4ac-49c5-ac61-ac1687ad33af
tokyo_disneysea,tds_mh_a_001,2026-09-28T03:16:40.237Z,10,OPERATING,2ca8f848-b8e2-4ba5-aa6e-e0fb37e85d0b
tokyo_disneysea,tds_fs_a_003,2026-09-28T03:15:34.444Z,70,OPERATING,e8c15bc6-aaab-44ef-8285-1d92ebd2c47d
tokyo_disneysea,tds_mh_a_003,2026-09-28T03:15:34.416Z,140,OPERATING,3407ebac-c575-4c31-b794-1d271014d303
tokyo_disneysea,tds_aw_a_003,2026-09-28T03:15:34.409Z,100,OPERATING,abb5d6ec-469e-4ab0-8685-5f04e9749653
tokyo_disneysea,tds_mi_a_002,2026-09-28T03:15:34.423Z,160,OPERATING,c8526be3-e82c-4692-ae44-e8f2d1142c8a
tokyo_disneysea,tds_fs_a_002,2026-09-28T03:18:26.199Z,50,OPERATING,10b5b89e-02a6-4456-9ddd-69e06c2bded4
tokyo_disneysea,tds_fs_a_001,2026-09-28T03:18:26.192Z,100,OPERATING,9fb0c97c-ebf7-4c25-8ea7-a3f4fe2aa9ec
tokyo_disneysea,tds_pd_a_002,2026-09-28T03:16:40.251Z,15,OPERATING,179e4e82-26ed-4b04-bf21-f03808b61df4
tokyo_disneysea,tds_ml_a_002,2026-09-28T03:19:20.443Z,15,OPERATING,c6c0d34d-531a-40d9-b711-3497fd53c28b
tokyo_disneysea,tds_ac_a_001,2026-09-28T03:25:06.977Z,15,OPERATING,76aed95a-dce8-4d03-8c2a-8ad69b3d0d4a
tokyo_disneysea,tds_lrd_a_002,2026-09-28T03:22:35.706Z,90,OPERATING,dd942cd2-b364-4262-af12-ca1a5012528b
tokyo_disneysea,tds_ac_a_002,2026-09-28T03:25:06.951Z,30,OPERATING,abbf5b3e-94e5-420a-8257-34594cd9d590
tokyo_disneysea,tds_fs_a_003,2026-09-28T03:25:07.031Z,60,OPERATING,e8c15bc6-aaab-44ef-8285-1d92ebd2c47d
tokyo_disneysea,tds_mh_a_003,2026-09-28T03:22:35.681Z,140,OPERATING,3407ebac-c575-4c31-b794-1d271014d303
tokyo_disneysea,tds_aw_a_003,2026-09-28T03:22:35.674Z,100,OPERATING,abb5d6ec-469e-4ab0-8685-5f04e9749653
tokyo_disneysea,tds_mi_a_002,2026-09-28T03:22:35.690Z,160,OPERATING,c8526be3-e82c-4692-ae44-e8f2d1142c8a
tokyo_disneysea,tds_mi_a_001,2026-09-28T03:25:06.963Z,30,OPERATING,c15da0f5-9668-48ee-b93a-8b737b6acf5b
tokyo_disneysea,tds_fs_a_002,2026-09-28T03:25:07.023Z,60,OPERATING,10b5b89e-02a6-4456-9ddd-69e06c2bded4
tokyo_disneysea,tds_fs_a_004,2026-09-28T03:25:07.040Z,50,OPERATING,c0224e78-abf6-4f89-b0d4-38647a98dd4d
tokyo_disneysea,tds_fs_a_001,2026-09-28T03:22:35.715Z,100,OPERATING,9fb0c97c-ebf7-4c25-8ea7-a3f4fe2aa9ec
tokyo_disneysea,tds_ml_a_002,2026-09-28T03:25:06.998Z,15,OPERATING,c6c0d34d-531a-40d9-b711-3497fd53c28b
tokyo_disneysea,tds_lrd_a_002,2026-09-28T03:28:34.090Z,90,OPERATING,dd942cd2-b364-4262-af12-ca1a5012528b
tokyo_disneysea,tds_fs_a_003,2026-09-28T03:28:34.115Z,60,OPERATING,e8c15bc6-aaab-44ef-8285-1d92ebd2c47d
tokyo_disneysea,tds_ml_a_003,2026-09-28T03:28:34.077Z,15,OPERATING,58815e8e-7c01-4a42-8a00-1bd1c82a0252
tokyo_disneysea,tds_pd_a_003,2026-09-28T03:28:34.068Z,15,OPERATING,c8744918-42c0-427d-8947-c3dbd1abf8d5
tokyo_disneysea,tds_mh_a_003,2026-09-28T03:28:34.051Z,140,OPERATING,3407ebac-c575-4c31-b794-1d271014d303
tokyo_disneysea,tds_aw_a_003,2026-09-28T03:28:34.042Z,100,OPERATING,abb5d6ec-469e-4ab0-8685-5f04e9749653
tokyo_disneysea,tds_mi_a_002,2026-09-28T03:28:34.059Z,160,OPERATING,c8526be3-e82c-4692-ae44-e8f2d1142c8a
tokyo_disneysea,tds_fs_a_002,2026-09-28T03:28:34.107Z,60,OPERATING,10b5b89e-02a6-4456-9ddd-69e06c2bded4
tokyo_disneysea,tds_fs_a_001,2026-09-28T03:28:34.098Z,100,OPERATING,9fb0c97c-ebf7-4c25-8ea7-a3f4fe2aa9ec
tokyo_disneysea,tds_lrd_a_002,2026-09-28T03:35:12.765Z,80,OPERATING,dd942cd2-b364-4262-af12-ca1a5012528b
tokyo_disneysea,tds_fs_a_003,2026-09-28T03:35:12.784Z,50,OPERATING,e8c15bc6-aaab-44ef-8285-1d92ebd2c47d
tokyo_disneysea,tds_aw_a_003,2026-09-28T03:35:12.733Z,90,OPERATING,abb5d6ec-469e-4ab0-8685-5f04e9749653
tokyo_disneysea,tds_mh_a_003,2026-09-28T03:35:12.743Z,140,OPERATING,3407ebac-c575-4c31-b794-1d271014d303
tokyo_disneysea,tds_mi_a_002,2026-09-28T03:35:12.750Z,160,OPERATING,c8526be3-e82c-4692-ae44-e8f2d1142c8a
tokyo_disneysea,tds_fs_a_002,2026-09-28T03:35:12.778Z,70,OPERATING,10b5b89e-02a6-4456-9ddd-69e06c2bded4
tokyo_disneysea,tds_ml_a_005,2026-09-28T03:35:12.758Z,25,OPERATING,f37d7fe8-169f-459d-86f3-4843655358bd
tokyo_disneysea,tds_ml_a_007,2026-09-28T03:32:22.330Z,20,OPERATING,7594d3f2-b3d1-47a0-b64f-8bc01d373830
tokyo_disneysea,tds_fs_a_004,2026-09-28T03:35:12.790Z,40,OPERATING,c0224e78-abf6-4f89-b0d4-38647a98dd4d
tokyo_disneysea,tds_fs_a_001,2026-09-28T03:35:12.772Z,120,OPERATING,9fb0c97c-ebf7-4c25-8ea7-a3f4fe2aa9ec
tokyo_disneysea,tds_lrd_a_002,2026-09-28T03:37:38.568Z,80,OPERATING,dd942cd2-b364-4262-af12-ca1a5012528b
tokyo_disneysea,tds_aw_a_004,2026-09-28T03:44:10.659Z,15,OPERATING,2daf12ac-21fd-4bfd-bbf6-0c98bed03e8f
tokyo_disneysea,tds_aw_a_001,2026-09-28T03:44:10.678Z,15,OPERATING,71943126-e4ac-49c5-ac61-ac1687ad33af
tokyo_disneysea,tds_fs_a_003,2026-09-28T03:41:21.555Z,50,OPERATING,e8c15bc6-aaab-44ef-8285-1d92ebd2c47d
tokyo_disneysea,tds_ml_a_003,2026-09-28T03:44:10.667Z,20,OPERATING,58815e8e-7c01-4a42-8a00-1bd1c82a0252
tokyo_disneysea,tds_ac_a_003,2026-09-28T03:41:21.532Z,15,OPERATING,63ef07eb-9bfb-4782-885e-cfd08ced82f0
tokyo_disneysea,tds_aw_a_003,2026-09-28T03:41:21.494Z,90,OPERATING,abb5d6ec-469e-4ab0-8685-5f04e9749653
tokyo_disneysea,tds_mh_a_003,2026-09-28T03:41:21.501Z,140,OPERATING,3407ebac-c575-4c31-b794-1d271014d303
tokyo_disneysea,tds_mi_a_002,2026-09-28T03:41:21.509Z,160,OPERATING,c8526be3-e82c-4692-ae44-e8f2d1142c8a
tokyo_disneysea,tds_mi_a_001,2026-09-28T03:41:21.516Z,25,OPERATING,c15da0f5-9668-48ee-b93a-8b737b6acf5b
tokyo_disneysea,tds_fs_a_002,2026-09-28T03:41:33.056Z,60,OPERATING,10b5b89e-02a6-4456-9ddd-69e06c2bded4
tokyo_disneysea,tds_fs_a_001,2026-09-28T03:41:21.539Z,120,OPERATING,9fb0c97c-ebf7-4c25-8ea7-a3f4fe2aa9ec
tokyo_disneysea,tds_ac_a_001,2026-09-28T03:48:09.868Z,20,OPERATING,76aed95a-dce8-4d03-8c2a-8ad69b3d0d4a
tokyo_disneysea,tds_lrd_a_002,2026-09-28T03:48:15.254Z,80,OPERATING,dd942cd2-b364-4262-af12-ca1a5012528b
tokyo_disneysea,tds_fs_a_003,2026-09-28T03:48:15.265Z,60,OPERATING,e8c15bc6-aaab-44ef-8285-1d92ebd2c47d
tokyo_disneysea,tds_ml_a_003,2026-09-28T03:48:09.874Z,25,OPERATING,58815e8e-7c01-4a42-8a00-1bd1c82a0252
tokyo_disneysea,tds_aw_a_003,2026-09-28T03:48:15.239Z,90,OPERATING,abb5d6ec-469e-4ab0-8685-5f04e9749653
tokyo_disneysea,tds_mh_a_003,2026-09-28T03:48:15.244Z,140,OPERATING,3407ebac-c575-4c31-b794-1d271014d303
tokyo_disneysea,tds_mi_a_002,2026-09-28T03:48:15.249Z,160,OPERATING,c8526be3-e82c-4692-ae44-e8f2d1142c8a
tokyo_disneysea,tds_ml_a_005,2026-09-28T03:48:09.879Z,30,OPERATING,f37d7fe8-169f-459d-86f3-4843655358bd
tokyo_disneysea,tds_fs_a_001,2026-09-28T03:48:15.260Z,120,OPERATING,9fb0c97c-ebf7-4c25-8ea7-a3f4fe2aa9ec
tokyo_disneysea,tds_lrd_a_002,2026-09-28T03:54:30.632Z,80,OPERATING,dd942cd2-b364-4262-af12-ca1a5012528b
tokyo_disneysea,tds_aw_a_001,2026-09-28T03:54:02.722Z,20,OPERATING,71943126-e4ac-49c5-ac61-ac1687ad33af
tokyo_disneysea,tds_fs_a_003,2026-09-28T03:54:30.654Z,60,OPERATING,e8c15bc6-aaab-44ef-8285-1d92ebd2c47d
tokyo_disneysea,tds_ml_a_003,2026-09-28T03:54:02.714Z,25,OPERATING,58815e8e-7c01-4a42-8a00-1bd1c82a0252
tokyo_disneysea,tds_ac_a_003,2026-09-28T03:50:43.812Z,20,OPERATING,63ef07eb-9bfb-4782-885e-cfd08ced82f0
tokyo_disneysea,tds_mh_a_003,2026-09-28T03:54:30.620Z,140,OPERATING,3407ebac-c575-4c31-b794-1d271014d303
tokyo_disneysea,tds_aw_a_003,2026-09-28T03:54:30.613Z,100,OPERATING,abb5d6ec-469e-4ab0-8685-5f04e9749653
tokyo_disneysea,tds_mi_a_002,2026-09-28T03:54:30.626Z,160,OPERATING,c8526be3-e82c-4692-ae44-e8f2d1142c8a
tokyo_disneysea,tds_fs_a_002,2026-09-28T03:54:30.647Z,60,OPERATING,10b5b89e-02a6-4456-9ddd-69e06c2bded4
tokyo_disneysea,tds_fs_a_001,2026-09-28T03:54:30.639Z,120,OPERATING,9fb0c97c-ebf7-4c25-8ea7-a3f4fe2aa9ec
tokyo_disneysea,tds_ac_a_001,2026-09-28T03:57:14.258Z,15,OPERATING,76aed95a-dce8-4d03-8c2a-8ad69b3d0d4a
tokyo_disneysea,tds_aw_a_004,2026-09-28T04:02:46.506Z,25,OPERATING,2daf12ac-21fd-4bfd-bbf6-0c98bed03e8f
tokyo_disneysea,tds_lrd_a_002,2026-09-28T04:02:46.512Z,80,OPERATING,dd942cd2-b364-4262-af12-ca1a5012528b
tokyo_disneysea,tds_aw_a_001,2026-09-28T04:02:46.519Z,15,OPERATING,71943126-e4ac-49c5-ac61-ac1687ad33af
tokyo_disneysea,tds_fs_a_003,2026-09-28T04:02:46.539Z,60,OPERATING,e8c15bc6-aaab-44ef-8285-1d92ebd2c47d
tokyo_disneysea,tds_mh_a_003,2026-09-28T04:02:46.494Z,140,OPERATING,3407ebac-c575-4c31-b794-1d271014d303
tokyo_disneysea,tds_aw_a_003,2026-09-28T04:02:46.488Z,100,OPERATING,abb5d6ec-469e-4ab0-8685-5f04e9749653
tokyo_disneysea,tds_mi_a_002,2026-09-28T04:02:46.500Z,160,OPERATING,c8526be3-e82c-4692-ae44-e8f2d1142c8a
tokyo_disneysea,tds_fs_a_002,2026-09-28T04:02:46.532Z,60,OPERATING,10b5b89e-02a6-4456-9ddd-69e06c2bded4
tokyo_disneysea,tds_fs_a_001,2026-09-28T04:03:35.091Z,120,OPERATING,9fb0c97c-ebf7-4c25-8ea7-a3f4fe2aa9ec
tokyo_disneysea,tds_aw_a_004,2026-09-28T04:09:21.501Z,30,OPERATING,2daf12ac-21fd-4bfd-bbf6-0c98bed03e8f
tokyo_disneysea,tds_lrd_a_002,2026-09-28T04:04:53.623Z,80,OPERATING,dd942cd2-b364-4262-af12-ca1a5012528b
tokyo_disneysea,tds_aw_a_001,2026-09-28T04:09:21.509Z,20,OPERATING,71943126-e4ac-49c5-ac61-ac1687ad33af
tokyo_disneysea,tds_fs_a_003,2026-09-28T04:04:53.638Z,60,OPERATING,e8c15bc6-aaab-44ef-8285-1d92ebd2c47d
tokyo_disneysea,tds_mh_a_003,2026-09-28T04:04:53.609Z,140,OPERATING,3407ebac-c575-4c31-b794-1d271014d303
tokyo_disneysea,tds_aw_a_003,2026-09-28T04:04:53.603Z,100,OPERATING,abb5d6ec-469e-4ab0-8685-5f04e9749653
tokyo_disneysea,tds_mi_a_002,2026-09-28T04:04:53.616Z,160,OPERATING,c8526be3-e82c-4692-ae44-e8f2d1142c8a
tokyo_disneysea,tds_fs_a_002,2026-09-28T04:04:53.631Z,60,OPERATING,10b5b89e-02a6-4456-9ddd-69e06c2bded4
tokyo_disneysea,tds_fs_a_001,2026-09-28T04:10:06.199Z,140,OPERATING,9fb0c97c-ebf7-4c25-8ea7-a3f4fe2aa9ec
tokyo_disneysea,tds_aw_a_004,2026-09-28T04:15:33.107Z,25,OPERATING,2daf12ac-21fd-4bfd-bbf6-0c98bed03e8f
tokyo_disneysea,tds_lrd_a_002,2026-09-28T04:15:33.134Z,80,OPERATING,dd942cd2-b364-4262-af12-ca1a5012528b
tokyo_disneysea,tds_aw_a_005,2026-09-28T04:15:33.113Z,5,OPERATING,5449e9da-ee4c-47d8-a60a-8a964b94c32d
tokyo_disneysea,tds_fs_a_003,2026-09-28T04:15:33.154Z,60,OPERATING,e8c15bc6-aaab-44ef-8285-1d92ebd2c47d
tokyo_disneysea,tds_ml_a_003,2026-09-28T04:15:33.120Z,10,OPERATING,58815e8e-7c01-4a42-8a00-1bd1c82a0252
tokyo_disneysea,tds_pd_a_003,2026-09-28T04:15:33.100Z,20,OPERATING,c8744918-42c0-427d-8947-c3dbd1abf8d5
tokyo_disneysea,tds_mh_a_003,2026-09-28T04:15:33.086Z,140,OPERATING,3407ebac-c575-4c31-b794-1d271014d303
tokyo_disneysea,tds_aw_a_003,2026-09-28T04:15:33.080Z,100,OPERATING,abb5d6ec-469e-4ab0-8685-5f04e9749653
tokyo_disneysea,tds_mi_a_002,2026-09-28T04:15:33.093Z,160,OPERATING,c8526be3-e82c-4692-ae44-e8f2d1142c8a
tokyo_disneysea,tds_fs_a_002,2026-09-28T04:15:33.148Z,60,OPERATING,10b5b89e-02a6-4456-9ddd-69e06c2bded4
tokyo_disneysea,tds_fs_a_004,2026-09-28T04:15:33.162Z,50,OPERATING,c0224e78-abf6-4f89-b0d4-38647a98dd4d
tokyo_disneysea,tds_fs_a_001,2026-09-28T04:15:33.141Z,160,OPERATING,9fb0c97c-ebf7-4c25-8ea7-a3f4fe2aa9ec
tokyo_disneysea,tds_ml_a_002,2026-09-28T04:15:33.127Z,20,OPERATING,c6c0d34d-531a-40d9-b711-3497fd53c28b
tokyo_disneysea,tds_lrd_a_002,2026-09-28T04:16:00.956Z,80,OPERATING,dd942cd2-b364-4262-af12-ca1a5012528b
tokyo_disneysea,tds_fs_a_003,2026-09-28T04:16:00.980Z,60,OPERATING,e8c15bc6-aaab-44ef-8285-1d92ebd2c47d
tokyo_disneysea,tds_aw_a_003,2026-09-28T04:18:31.892Z,120,OPERATING,abb5d6ec-469e-4ab0-8685-5f04e9749653
tokyo_disneysea,tds_mh_a_003,2026-09-28T04:16:00.942Z,140,OPERATING,3407ebac-c575-4c31-b794-1d271014d303
tokyo_disneysea,tds_mi_a_002,2026-09-28T04:16:00.949Z,160,OPERATING,c8526be3-e82c-4692-ae44-e8f2d1142c8a
tokyo_disneysea,tds_fs_a_002,2026-09-28T04:16:00.973Z,60,OPERATING,10b5b89e-02a6-4456-9ddd-69e06c2bded4
tokyo_disneysea,tds_fs_a_001,2026-09-28T04:16:00.964Z,160,OPERATING,9fb0c97c-ebf7-4c25-8ea7-a3f4fe2aa9ec
tokyo_disneysea,tds_aw_a_001,2026-09-28T04:21:30.278Z,25,OPERATING,71943126-e4ac-49c5-ac61-ac1687ad33af
tokyo_disneysea,tds_fs_a_003,2026-09-28T04:21:58.014Z,70,OPERATING,e8c15bc6-aaab-44ef-8285-1d92ebd2c47d
tokyo_disneysea,tds_aw_a_004,2026-09-28T04:24:56.066Z,30,OPERATING,2daf12ac-21fd-4bfd-bbf6-0c98bed03e8f
tokyo_disneysea,tds_lrd_a_002,2026-09-28T04:28:07.399Z,80,OPERATING,dd942cd2-b364-4262-af12-ca1a5012528b
tokyo_disneysea,tds_ac_a_002,2026-09-28T04:24:56.053Z,25,OPERATING,abbf5b3e-94e5-420a-8257-34594cd9d590
tokyo_disneysea,tds_aw_a_001,2026-09-28T04:24:56.073Z,20,OPERATING,71943126-e4ac-49c5-ac61-ac1687ad33af
tokyo_disneysea,tds_fs_a_003,2026-09-28T04:28:07.418Z,70,OPERATING,e8c15bc6-aaab-44ef-8285-1d92ebd2c47d
tokyo_disneysea,tds_mh_a_001,2026-09-28T04:25:46.000Z,5,OPERATING,2ca8f848-b8e2-4ba5-aa6e-e0fb37e85d0b
tokyo_disneysea,tds_mh_a_003,2026-09-28T04:28:07.387Z,140,OPERATING,3407ebac-c575-4c31-b794-1d271014d303
tokyo_disneysea,tds_aw_a_003,2026-09-28T04:28:07.381Z,140,OPERATING,abb5d6ec-469e-4ab0-8685-5f04e9749653
tokyo_disneysea,tds_mi_a_002,2026-09-28T04:28:07.393Z,160,OPERATING,c8526be3-e82c-4692-ae44-e8f2d1142c8a
tokyo_disneysea,tds_mi_a_001,2026-09-28T04:25:45.988Z,30,OPERATING,c15da0f5-9668-48ee-b93a-8b737b6acf5b
tokyo_disneysea,tds_fs_a_002,2026-09-28T04:28:07.412Z,60,OPERATING,10b5b89e-02a6-4456-9ddd-69e06c2bded4
tokyo_disneysea,tds_ml_a_005,2026-09-28T04:25:46.008Z,40,OPERATING,f37d7fe8-169f-459d-86f3-4843655358bd
tokyo_disneysea,tds_fs_a_004,2026-09-28T04:24:56.086Z,40,OPERATING,c0224e78-abf6-4f89-b0d4-38647a98dd4d
tokyo_disneysea,tds_fs_a_001,2026-09-28T04:28:07.405Z,160,OPERATING,9fb0c97c-ebf7-4c25-8ea7-a3f4fe2aa9ec
tokyo_disneysea,tds_pd_a_002,2026-09-28T04:24:56.079Z,20,OPERATING,179e4e82-26ed-4b04-bf21-f03808b61df4
tokyo_disneysea,tds_lrd_a_002,2026-09-28T04:34:28.402Z,90,OPERATING,dd942cd2-b364-4262-af12-ca1a5012528b
tokyo_disneysea,tds_ac_a_002,2026-09-28T04:34:12.818Z,15,OPERATING,abbf5b3e-94e5-420a-8257-34594cd9d590
tokyo_disneysea,tds_aw_a_001,2026-09-28T04:34:12.860Z,30,OPERATING,71943126-e4ac-49c5-ac61-ac1687ad33af
tokyo_disneysea,tds_ac_a_003,2026-09-28T04:34:12.827Z,15,OPERATING,63ef07eb-9bfb-4782-885e-cfd08ced82f0
tokyo_disneysea,tds_mh_a_003,2026-09-28T04:34:28.395Z,160,OPERATING,3407ebac-c575-4c31-b794-1d271014d303
tokyo_disneysea,tds_fs_a_002,2026-09-28T04:34:28.410Z,70,OPERATING,10b5b89e-02a6-4456-9ddd-69e06c2bded4
tokyo_disneysea,tds_ml_a_007,2026-09-28T04:34:12.844Z,25,OPERATING,7594d3f2-b3d1-47a0-b64f-8bc01d373830
tokyo_disneysea,tds_ml_a_002,2026-09-28T04:34:12.836Z,25,OPERATING,c6c0d34d-531a-40d9-b711-3497fd53c28b
tokyo_disneysea,tds_pd_a_002,2026-09-28T04:34:12.869Z,30,OPERATING,179e4e82-26ed-4b04-bf21-f03808b61df4
tokyo_disneysea,tds_aw_a_004,2026-09-28T04:39:55.712Z,25,OPERATING,2daf12ac-21fd-4bfd-bbf6-0c98bed03e8f
tokyo_disneysea,tds_ml_a_004,2026-09-28T04:39:55.720Z,20,OPERATING,2d56558a-d4d2-4f79-898c-178c2c20cf67
tokyo_disneysea,tds_lrd_a_002,2026-09-28T04:40:09.445Z,90,OPERATING,dd942cd2-b364-4262-af12-ca1a5012528b
tokyo_disneysea,tds_aw_a_001,2026-09-28T04:39:55.750Z,20,OPERATING,71943126-e4ac-49c5-ac61-ac1687ad33af
tokyo_disneysea,tds_fs_a_003,2026-09-28T04:40:09.467Z,70,OPERATING,e8c15bc6-aaab-44ef-8285-1d92ebd2c47d
tokyo_disneysea,tds_mh_a_003,2026-09-28T04:40:09.428Z,160,OPERATING,3407ebac-c575-4c31-b794-1d271014d303
tokyo_disneysea,tds_aw_a_003,2026-09-28T04:40:09.418Z,140,OPERATING,abb5d6ec-469e-4ab0-8685-5f04e9749653
tokyo_disneysea,tds_mi_a_002,2026-09-28T04:40:09.435Z,160,OPERATING,c8526be3-e82c-4692-ae44-e8f2d1142c8a
tokyo_disneysea,tds_fs_a_002,2026-09-28T04:40:09.461Z,70,OPERATING,10b5b89e-02a6-4456-9ddd-69e06c2bded4
tokyo_disneysea,tds_fs_a_001,2026-09-28T04:40:09.453Z,160,OPERATING,9fb0c97c-ebf7-4c25-8ea7-a3f4fe2aa9ec
tokyo_disneysea,tds_ml_a_002,2026-09-28T04:39:55.727Z,30,OPERATING,c6c0d34d-531a-40d9-b711-3497fd53c28b
tokyo_disneysea,tds_pd_a_002,2026-09-28T04:39:55.757Z,20,OPERATING,179e4e82-26ed-4b04-bf21-f03808b61df4
tokyo_disneysea,tds_fs_a_003,2026-09-28T04:43:07.933Z,60,OPERATING,e8c15bc6-aaab-44ef-8285-1d92ebd2c47d
tokyo_disneysea,tds_mi_a_002,2026-09-28T04:43:07.925Z,140,OPERATING,c8526be3-e82c-4692-ae44-e8f2d1142c8a
tokyo_disneysea,tds_mi_a_001,2026-09-28T04:42:59.322Z,25,OPERATING,c15da0f5-9668-48ee-b93a-8b737b6acf5b
tokyo_disneysea,tds_ml_a_004,2026-09-28T04:49:22.972Z,25,OPERATING,2d56558a-d4d2-4f79-898c-178c2c20cf67
tokyo_disneysea,tds_lrd_a_002,2026-09-28T04:49:22.980Z,80,OPERATING,dd942cd2-b364-4262-af12-ca1a5012528b
tokyo_disneysea,tds_ac_a_002,2026-09-28T04:46:24.517Z,20,OPERATING,abbf5b3e-94e5-420a-8257-34594cd9d590
tokyo_disneysea,tds_aw_a_001,2026-09-28T04:48:41.545Z,30,OPERATING,71943126-e4ac-49c5-ac61-ac1687ad33af
tokyo_disneysea,tds_fs_a_003,2026-09-28T04:46:31.667Z,60,OPERATING,e8c15bc6-aaab-44ef-8285-1d92ebd2c47d
tokyo_disneysea,tds_mh_a_001,2026-09-28T04:49:22.963Z,15,OPERATING,2ca8f848-b8e2-4ba5-aa6e-e0fb37e85d0b
tokyo_disneysea,tds_ml_a_003,2026-09-28T04:48:41.531Z,15,OPERATING,58815e8e-7c01-4a42-8a00-1bd1c82a0252
tokyo_disneysea,tds_mi_a_002,2026-09-28T04:46:31.660Z,140,OPERATING,c8526be3-e82c-4692-ae44-e8f2d1142c8a
tokyo_disneysea,tds_fs_a_002,2026-09-28T04:49:22.988Z,60,OPERATING,10b5b89e-02a6-4456-9ddd-69e06c2bded4
tokyo_disneysea,tds_lrd_a_002,2026-09-28T04:52:33.323Z,80,OPERATING,dd942cd2-b364-4262-af12-ca1a5012528b
tokyo_disneysea,tds_fs_a_003,2026-09-28T04:52:33.344Z,60,OPERATING,e8c15bc6-aaab-44ef-8285-1d92ebd2c47d
tokyo_disneysea,tds_mh_a_001,2026-09-28T04:52:24.477Z,10,OPERATING,2ca8f848-b8e2-4ba5-aa6e-e0fb37e85d0b
tokyo_disneysea,tds_mh_a_003,2026-09-28T04:52:33.309Z,160,OPERATING,3407ebac-c575-4c31-b794-1d271014d303
tokyo_disneysea,tds_aw_a_003,2026-09-28T04:52:33.301Z,140,OPERATING,abb5d6ec-469e-4ab0-8685-5f04e9749653
tokyo_disneysea,tds_mi_a_002,2026-09-28T04:52:33.315Z,140,OPERATING,c8526be3-e82c-4692-ae44-e8f2d1142c8a
tokyo_disneysea,tds_fs_a_002,2026-09-28T04:52:33.337Z,60,OPERATING,10b5b89e-02a6-4456-9ddd-69e06c2bded4
tokyo_disneysea,tds_fs_a_001,2026-09-28T04:52:33.330Z,160,OPERATING,9fb0c97c-ebf7-4c25-8ea7-a3f4fe2aa9ec
tokyo_disneysea,tds_aw_a_004,2026-09-28T04:55:34.661Z,20,OPERATING,2daf12ac-21fd-4bfd-bbf6-0c98bed03e8f
tokyo_disneysea,tds_ml_a_004,2026-09-28T04:58:37.966Z,30,OPERATING,2d56558a-d4d2-4f79-898c-178c2c20cf67
tokyo_disneysea,tds_aw_a_001,2026-09-28T04:55:34.684Z,20,OPERATING,71943126-e4ac-49c5-ac61-ac1687ad33af
tokyo_disneysea,tds_ml_a_003,2026-09-28T04:55:34.668Z,20,OPERATING,58815e8e-7c01-4a42-8a00-1bd1c82a0252
tokyo_disneysea,tds_mh_a_003,2026-09-28T04:58:47.519Z,140,OPERATING,3407ebac-c575-4c31-b794-1d271014d303
tokyo_disneysea,tds_ml_a_007,2026-09-28T04:55:34.677Z,30,OPERATING,7594d3f2-b3d1-47a0-b64f-8bc01d373830
tokyo_disneysea,tds_lrd_a_002,2026-09-28T05:04:52.457Z,80,OPERATING,dd942cd2-b364-4262-af12-ca1a5012528b
tokyo_disneysea,tds_ac_a_002,2026-09-28T05:00:57.493Z,25,OPERATING,abbf5b3e-94e5-420a-8257-34594cd9d590
tokyo_disneysea,tds_fs_a_003,2026-09-28T05:04:52.479Z,60,OPERATING,e8c15bc6-aaab-44ef-8285-1d92ebd2c47d
tokyo_disneysea,tds_aw_a_003,2026-09-28T05:04:52.435Z,140,OPERATING,abb5d6ec-469e-4ab0-8685-5f04e9749653
tokyo_disneysea,tds_mh_a_003,2026-09-28T05:04:52.442Z,140,OPERATING,3407ebac-c575-4c31-b794-1d271014d303
tokyo_disneysea,tds_mi_a_002,2026-09-28T05:04:52.450Z,140,OPERATING,c8526be3-e82c-4692-ae44-e8f2d1142c8a
tokyo_disneysea,tds_fs_a_002,2026-09-28T05:04:52.472Z,50,OPERATING,10b5b89e-02a6-4456-9ddd-69e06c2bded4
tokyo_disneysea,tds_ml_a_005,2026-09-28T05:02:10.819Z,30,OPERATING,f37d7fe8-169f-459d-86f3-4843655358bd
tokyo_disneysea,tds_fs_a_001,2026-09-28T05:04:52.465Z,160,OPERATING,9fb0c97c-ebf7-4c25-8ea7-a3f4fe2aa9ec
tokyo_disneysea,tds_ml_a_002,2026-09-28T05:04:30.146Z,25,OPERATING,c6c0d34d-531a-40d9-b711-3497fd53c28b
tokyo_disneysea,tds_pd_a_002,2026-09-28T05:02:10.824Z,15,OPERATING,179e4e82-26ed-4b04-bf21-f03808b61df4
tokyo_disneysea,tds_aw_a_004,2026-09-28T05:07:26.104Z,25,OPERATING,2daf12ac-21fd-4bfd-bbf6-0c98bed03e8f
tokyo_disneysea,tds_aw_a_001,2026-09-28T05:07:26.134Z,25,OPERATING,71943126-e4ac-49c5-ac61-ac1687ad33af
tokyo_disneysea,tds_ml_a_003,2026-09-28T05:07:26.113Z,30,OPERATING,58815e8e-7c01-4a42-8a00-1bd1c82a0252
tokyo_disneysea,tds_mh_a_003,2026-09-28T05:07:34.175Z,140,OPERATING,3407ebac-c575-4c31-b794-1d271014d303
tokyo_disneysea,tds_mi_a_001,2026-09-28T05:07:26.056Z,20,OPERATING,c15da0f5-9668-48ee-b93a-8b737b6acf5b
tokyo_disneysea,tds_ml_a_005,2026-09-28T05:07:26.125Z,40,OPERATING,f37d7fe8-169f-459d-86f3-4843655358bd
tokyo_disneysea,tds_fs_a_004,2026-09-28T05:07:26.141Z,50,OPERATING,c0224e78-abf6-4f89-b0d4-38647a98dd4d
tokyo_disneysea,tds_aw_a_001,2026-09-28T05:13:32.070Z,20,OPERATING,71943126-e4ac-49c5-ac61-ac1687ad33af
tokyo_disneysea,tds_ml_a_003,2026-09-28T05:13:32.043Z,25,OPERATING,58815e8e-7c01-4a42-8a00-1bd1c82a0252
tokyo_disneysea,tds_mh_a_003,2026-09-28T05:10:54.339Z,120,OPERATING,3407ebac-c575-4c31-b794-1d271014d303
tokyo_disneysea,tds_ml_a_005,2026-09-28T05:13:32.049Z,30,OPERATING,f37d7fe8-169f-459d-86f3-4843655358bd
tokyo_disneysea,tds_ml_a_007,2026-09-28T05:13:32.056Z,25,OPERATING,7594d3f2-b3d1-47a0-b64f-8bc01d373830
tokyo_disneysea,tds_aw_a_004,2026-09-28T05:19:25.275Z,20,OPERATING,2daf12ac-21fd-4bfd-bbf6-0c98bed03e8f
tokyo_disneysea,tds_ml_a_004,2026-09-28T05:19:25.294Z,40,OPERATING,2d56558a-d4d2-4f79-898c-178c2c20cf67
tokyo_disneysea,tds_lrd_a_002,2026-09-28T05:16:52.886Z,80,OPERATING,dd942cd2-b364-4262-af12-ca1a5012528b
tokyo_disneysea,tds_aw_a_001,2026-09-28T05:19:25.308Z,15,OPERATING,71943126-e4ac-49c5-ac61-ac1687ad33af
tokyo_disneysea,tds_fs_a_003,2026-09-28T05:16:52.902Z,60,OPERATING,e8c15bc6-aaab-44ef-8285-1d92ebd2c47d
tokyo_disneysea,tds_ac_a_003,2026-09-28T05:16:46.064Z,20,OPERATING,63ef07eb-9bfb-4782-885e-cfd08ced82f0
tokyo_disneysea,tds_pd_a_003,2026-09-28T05:19:25.268Z,25,OPERATING,c8744918-42c0-427d-8947-c3dbd1abf8d5
tokyo_disneysea,tds_mh_a_003,2026-09-28T05:19:34.075Z,140,OPERATING,3407ebac-c575-4c31-b794-1d271014d303
tokyo_disneysea,tds_aw_a_003,2026-09-28T05:16:52.871Z,140,OPERATING,abb5d6ec-469e-4ab0-8685-5f04e9749653
tokyo_disneysea,tds_mi_a_002,2026-09-28T05:16:52.881Z,140,OPERATING,c8526be3-e82c-4692-ae44-e8f2d1142c8a
tokyo_disneysea,tds_mi_a_001,2026-09-28T05:19:25.259Z,25,OPERATING,c15da0f5-9668-48ee-b93a-8b737b6acf5b
tokyo_disneysea,tds_fs_a_002,2026-09-28T05:16:52.896Z,50,OPERATING,10b5b89e-02a6-4456-9ddd-69e06c2bded4
tokyo_disneysea,tds_fs_a_004,2026-09-28T05:19:25.316Z,40,OPERATING,c0224e78-abf6-4f89-b0d4-38647a98dd4d
tokyo_disneysea,tds_fs_a_001,2026-09-28T05:16:52.891Z,160,OPERATING,9fb0c97c-ebf7-4c25-8ea7-a3f4fe2aa9ec
tokyo_disneysea,tds_ml_a_002,2026-09-28T05:16:46.072Z,20,OPERATING,c6c0d34d-531a-40d9-b711-3497fd53c28b
tokyo_disneysea,tds_aw_a_004,2026-09-28T05:25:35.890Z,15,OPERATING,2daf12ac-21fd-4bfd-bbf6-0c98bed03e8f
tokyo_disneysea,tds_lrd_a_002,2026-09-28T05:25:35.898Z,100,OPERATING,dd942cd2-b364-4262-af12-ca1a5012528b
tokyo_disneysea,tds_ac_a_002,2026-09-28T05:22:34.639Z,30,OPERATING,abbf5b3e-94e5-420a-8257-34594cd9d590
tokyo_disneysea,tds_aw_a_001,2026-09-28T05:25:35.907Z,20,OPERATING,71943126-e4ac-49c5-ac61-ac1687ad33af
tokyo_disneysea,tds_ml_a_005,2026-09-28T05:22:34.649Z,40,OPERATING,f37d7fe8-169f-459d-86f3-4843655358bd
tokyo_disneysea,tds_ml_a_004,2026-09-28T05:28:36.306Z,30,OPERATING,2d56558a-d4d2-4f79-898c-178c2c20cf67
tokyo_disneysea,tds_lrd_a_002,2026-09-28T05:29:07.297Z,100,OPERATING,dd942cd2-b364-4262-af12-ca1a5012528b
tokyo_disneysea,tds_fs_a_003,2026-09-28T05:29:07.317Z,60,OPERATING,e8c15bc6-aaab-44ef-8285-1d92ebd2c47d
tokyo_disneysea,tds_mh_a_003,2026-09-28T05:29:07.286Z,140,OPERATING,3407ebac-c575-4c31-b794-1d271014d303
tokyo_disneysea,tds_aw_a_003,2026-09-28T05:29:07.281Z,140,OPERATING,abb5d6ec-469e-4ab0-8685-5f04e9749653
tokyo_disneysea,tds_mi_a_002,2026-09-28T05:29:07.292Z,140,OPERATING,c8526be3-e82c-4692-ae44-e8f2d1142c8a
tokyo_disneysea,tds_fs_a_002,2026-09-28T05:29:07.311Z,60,OPERATING,10b5b89e-02a6-4456-9ddd-69e06c2bded4
tokyo_disneysea,tds_fs_a_001,2026-09-28T05:29:07.303Z,160,OPERATING,9fb0c97c-ebf7-4c25-8ea7-a3f4fe2aa9ec
tokyo_disneysea,tds_aw_a_004,2026-09-28T05:31:31.633Z,20,OPERATING,2daf12ac-21fd-4bfd-bbf6-0c98bed03e8f
tokyo_disneysea,tds_aw_a_001,2026-09-28T05:34:37.507Z,15,OPERATING,71943126-e4ac-49c5-ac61-ac1687ad33af
tokyo_disneysea,tds_fs_a_003,2026-09-28T05:32:11.063Z,50,OPERATING,e8c15bc6-aaab-44ef-8285-1d92ebd2c47d
tokyo_disneysea,tds_fs_a_002,2026-09-28T05:34:37.517Z,70,OPERATING,10b5b89e-02a6-4456-9ddd-69e06c2bded4
tokyo_disneysea,tds_lrd_a_002,2026-09-28T05:37:59.307Z,120,OPERATING,dd942cd2-b364-4262-af12-ca1a5012528b
tokyo_disneysea,tds_fs_a_002,2026-09-28T05:35:28.000Z,70,OPERATING,10b5b89e-02a6-4456-9ddd-69e06c2bded4
tokyo_disneysea,tds_ml_a_005,2026-09-28T05:37:41.583Z,30,OPERATING,f37d7fe8-169f-459d-86f3-4843655358bd
tokyo_disneysea,tds_aw_a_004,2026-09-28T05:43:42.328Z,25,OPERATING,2daf12ac-21fd-4bfd-bbf6-0c98bed03e8f
tokyo_disneysea,tds_lrd_a_002,2026-09-28T05:41:31.261Z,140,OPERATING,dd942cd2-b364-4262-af12-ca1a5012528b
tokyo_disneysea,tds_aw_a_001,2026-09-28T05:43:42.342Z,20,OPERATING,71943126-e4ac-49c5-ac61-ac1687ad33af
tokyo_disneysea,tds_fs_a_003,2026-09-28T05:41:31.283Z,50,OPERATING,e8c15bc6-aaab-44ef-8285-1d92ebd2c47d
tokyo_disneysea,tds_ml_a_003,2026-09-28T05:40:42.217Z,20,OPERATING,58815e8e-7c01-4a42-8a00-1bd1c82a0252
tokyo_disneysea,tds_pd_a_003,2026-09-28T05:43:42.316Z,20,OPERATING,c8744918-42c0-427d-8947-c3dbd1abf8d5
tokyo_disneysea,tds_mh_a_003,2026-09-28T05:41:31.239Z,140,OPERATING,3407ebac-c575-4c31-b794-1d271014d303
tokyo_disneysea,tds_aw_a_003,2026-09-28T05:41:31.232Z,120,OPERATING,abb5d6ec-469e-4ab0-8685-5f04e9749653
tokyo_disneysea,tds_mi_a_002,2026-09-28T05:41:31.247Z,140,OPERATING,c8526be3-e82c-4692-ae44-e8f2d1142c8a
tokyo_disneysea,tds_fs_a_002,2026-09-28T05:41:31.276Z,70,OPERATING,10b5b89e-02a6-4456-9ddd-69e06c2bded4
tokyo_disneysea,tds_fs_a_004,2026-09-28T05:40:42.254Z,50,OPERATING,c0224e78-abf6-4f89-b0d4-38647a98dd4d
tokyo_disneysea,tds_fs_a_001,2026-09-28T05:41:31.269Z,160,OPERATING,9fb0c97c-ebf7-4c25-8ea7-a3f4fe2aa9ec
tokyo_disneysea,tds_aw_a_004,2026-09-28T05:46:55.196Z,20,OPERATING,2daf12ac-21fd-4bfd-bbf6-0c98bed03e8f
tokyo_disneysea,tds_fs_a_003,2026-09-28T05:47:32.161Z,60,OPERATING,e8c15bc6-aaab-44ef-8285-1d92ebd2c47d
tokyo_disneysea,tds_ml_a_003,2026-09-28T05:46:55.204Z,15,OPERATING,58815e8e-7c01-4a42-8a00-1bd1c82a0252
tokyo_disneysea,tds_mh_a_003,2026-09-28T05:47:32.147Z,160,OPERATING,3407ebac-c575-4c31-b794-1d271014d303
tokyo_disneysea,tds_fs_a_002,2026-09-28T05:47:32.153Z,60,OPERATING,10b5b89e-02a6-4456-9ddd-69e06c2bded4
tokyo_disneysea,tds_ml_a_005,2026-09-28T05:49:47.020Z,25,OPERATING,f37d7fe8-169f-459d-86f3-4843655358bd
tokyo_disneysea,tds_fs_a_001,2026-09-28T05:49:56.300Z,180,OPERATING,9fb0c97c-ebf7-4c25-8ea7-a3f4fe2aa9ec
tokyo_disneysea,tds_lrd_a_002,2026-09-28T05:53:26.925Z,140,OPERATING,dd942cd2-b364-4262-af12-ca1a5012528b
tokyo_disneysea,tds_fs_a_003,2026-09-28T05:53:26.948Z,60,OPERATING,e8c15bc6-aaab-44ef-8285-1d92ebd2c47d
tokyo_disneysea,tds_mh_a_003,2026-09-28T05:53:26.911Z,160,OPERATING,3407ebac-c575-4c31-b794-1d271014d303
tokyo_disneysea,tds_aw_a_003,2026-09-28T05:53:26.904Z,120,OPERATING,abb5d6ec-469e-4ab0-8685-5f04e9749653
tokyo_disneysea,tds_mi_a_002,2026-09-28T05:53:26.919Z,140,OPERATING,c8526be3-e82c-4692-ae44-e8f2d1142c8a
tokyo_disneysea,tds_fs_a_002,2026-09-28T05:53:26.941Z,60,OPERATING,10b5b89e-02a6-4456-9ddd-69e06c2bded4
tokyo_disneysea,tds_fs_a_001,2026-09-28T05:53:26.934Z,180,OPERATING,9fb0c97c-ebf7-4c25-8ea7-a3f4fe2aa9ec
tokyo_disneysea,tds_ac_a_001,2026-09-28T05:55:47.842Z,10,OPERATING,76aed95a-dce8-4d03-8c2a-8ad69b3d0d4a
tokyo_disneysea,tds_aw_a_001,2026-09-28T05:55:47.854Z,15,OPERATING,71943126-e4ac-49c5-ac61-ac1687ad33af
tokyo_disneysea,tds_fs_a_003,2026-09-28T05:55:47.867Z,70,OPERATING,e8c15bc6-aaab-44ef-8285-1d92ebd2c47d
tokyo_disneysea,tds_pd_a_003,2026-09-28T05:55:47.835Z,25,OPERATING,c8744918-42c0-427d-8947-c3dbd1abf8d5
tokyo_disneysea,tds_mi_a_002,2026-09-28T05:55:47.828Z,160,OPERATING,c8526be3-e82c-4692-ae44-e8f2d1142c8a
tokyo_disneysea,tds_fs_a_002,2026-09-28T05:55:47.860Z,70,OPERATING,10b5b89e-02a6-4456-9ddd-69e06c2bded4
tokyo_disneysea,tds_ml_a_005,2026-09-28T05:55:47.848Z,30,OPERATING,f37d7fe8-169f-459d-86f3-4843655358bd
tokyo_disneysea,tds_fs_a_004,2026-09-28T05:55:47.874Z,40,OPERATING,c0224e78-abf6-4f89-b0d4-38647a98dd4d
tokyo_disneysea,tds_aw_a_004,2026-09-28T06:02:13.663Z,25,OPERATING,2daf12ac-21fd-4bfd-bbf6-0c98bed03e8f
tokyo_disneysea,tds_ac_a_001,2026-09-28T06:02:13.674Z,15,OPERATING,76aed95a-dce8-4d03-8c2a-8ad69b3d0d4a
tokyo_disneysea,tds_lrd_a_002,2026-09-28T06:04:54.364Z,140,OPERATING,dd942cd2-b364-4262-af12-ca1a5012528b
tokyo_disneysea,tds_aw_a_005,2026-09-28T06:02:13.669Z,5,OPERATING,5449e9da-ee4c-47d8-a60a-8a964b94c32d
tokyo_disneysea,tds_aw_a_001,2026-09-28T06:02:13.684Z,20,OPERATING,71943126-e4ac-49c5-ac61-ac1687ad33af
tokyo_disneysea,tds_fs_a_003,2026-09-28T06:04:54.388Z,70,OPERATING,e8c15bc6-aaab-44ef-8285-1d92ebd2c47d
tokyo_disneysea,tds_ml_a_003,2026-09-28T06:02:13.679Z,20,OPERATING,58815e8e-7c01-4a42-8a00-1bd1c82a0252
tokyo_disneysea,tds_pd_a_003,2026-09-28T06:03:32.816Z,20,OPERATING,c8744918-42c0-427d-8947-c3dbd1abf8d5
tokyo_disneysea,tds_mh_a_003,2026-09-28T06:04:54.345Z,160,OPERATING,3407ebac-c575-4c31-b794-1d271014d303
tokyo_disneysea,tds_aw_a_003,2026-09-28T06:04:54.337Z,120,OPERATING,abb5d6ec-469e-4ab0-8685-5f04e9749653
tokyo_disneysea,tds_mi_a_002,2026-09-28T06:04:54.354Z,160,OPERATING,c8526be3-e82c-4692-ae44-e8f2d1142c8a
tokyo_disneysea,tds_fs_a_002,2026-09-28T06:04:54.381Z,70,OPERATING,10b5b89e-02a6-4456-9ddd-69e06c2bded4
tokyo_disneysea,tds_fs_a_001,2026-09-28T06:04:54.373Z,160,OPERATING,9fb0c97c-ebf7-4c25-8ea7-a3f4fe2aa9ec
tokyo_disneysea,tds_fs_a_003,2026-09-28T06:08:30.074Z,60,OPERATING,e8c15bc6-aaab-44ef-8285-1d92ebd2c47d
tokyo_disneysea,tds_ml_a_002,2026-09-28T06:05:03.923Z,15,OPERATING,c6c0d34d-531a-40d9-b711-3497fd53c28b
tokyo_disneysea,tds_aw_a_004,2026-09-28T06:11:42.921Z,20,OPERATING,2daf12ac-21fd-4bfd-bbf6-0c98bed03e8f
tokyo_disneysea,tds_lrd_a_002,2026-09-28T06:14:50.321Z,140,OPERATING,dd942cd2-b364-4262-af12-ca1a5012528b
tokyo_disneysea,tds_aw_a_001,2026-09-28T06:13:55.881Z,20,OPERATING,71943126-e4ac-49c5-ac61-ac1687ad33af
tokyo_disneysea,tds_ac_a_003,2026-09-28T06:13:55.875Z,15,OPERATING,63ef07eb-9bfb-4782-885e-cfd08ced82f0
tokyo_disneysea,tds_mh_a_003,2026-09-28T06:14:50.307Z,160,OPERATING,3407ebac-c575-4c31-b794-1d271014d303
tokyo_disneysea,tds_aw_a_003,2026-09-28T06:14:50.299Z,140,OPERATING,abb5d6ec-469e-4ab0-8685-5f04e9749653
tokyo_disneysea,tds_mi_a_002,2026-09-28T06:14:50.314Z,160,OPERATING,c8526be3-e82c-4692-ae44-e8f2d1142c8a
tokyo_disneysea,tds_fs_a_002,2026-09-28T06:11:42.930Z,60,OPERATING,10b5b89e-02a6-4456-9ddd-69e06c2bded4
tokyo_disneysea,tds_ml_a_005,2026-09-28T06:10:55.055Z,25,OPERATING,f37d7fe8-169f-459d-86f3-4843655358bd
tokyo_disneysea,tds_fs_a_001,2026-09-28T06:14:50.328Z,160,OPERATING,9fb0c97c-ebf7-4c25-8ea7-a3f4fe2aa9ec
tokyo_disneysea,tds_aw_a_004,2026-09-28T06:19:59.478Z,25,OPERATING,2daf12ac-21fd-4bfd-bbf6-0c98bed03e8f
tokyo_disneysea,tds_ml_a_004,2026-09-28T06:17:05.831Z,40,OPERATING,2d56558a-d4d2-4f79-898c-178c2c20cf67
tokyo_disneysea,tds_lrd_a_002,2026-09-28T06:17:07.680Z,140,OPERATING,dd942cd2-b364-4262-af12-ca1a5012528b
tokyo_disneysea,tds_fs_a_003,2026-09-28T06:17:07.699Z,60,OPERATING,e8c15bc6-aaab-44ef-8285-1d92ebd2c47d
tokyo_disneysea,tds_mh_a_003,2026-09-28T06:17:07.668Z,160,OPERATING,3407ebac-c575-4c31-b794-1d271014d303
tokyo_disneysea,tds_aw_a_003,2026-09-28T06:17:07.662Z,140,OPERATING,abb5d6ec-469e-4ab0-8685-5f04e9749653
tokyo_disneysea,tds_mi_a_002,2026-09-28T06:17:07.674Z,160,OPERATING,c8526be3-e82c-4692-ae44-e8f2d1142c8a
tokyo_disneysea,tds_mi_a_001,2026-09-28T06:19:59.472Z,30,OPERATING,c15da0f5-9668-48ee-b93a-8b737b6acf5b
tokyo_disneysea,tds_fs_a_002,2026-09-28T06:17:07.692Z,60,OPERATING,10b5b89e-02a6-4456-9ddd-69e06c2bded4
tokyo_disneysea,tds_fs_a_004,2026-09-28T06:19:59.492Z,50,OPERATING,c0224e78-abf6-4f89-b0d4-38647a98dd4d
tokyo_disneysea,tds_fs_a_001,2026-09-28T06:19:59.485Z,140,OPERATING,9fb0c97c-ebf7-4c25-8ea7-a3f4fe2aa9ec
tokyo_disneysea,tds_ac_a_002,2026-09-28T06:23:06.368Z,40,OPERATING,abbf5b3e-94e5-420a-8257-34594cd9d590
tokyo_disneysea,tds_aw_a_001,2026-09-28T06:23:06.376Z,15,OPERATING,71943126-e4ac-49c5-ac61-ac1687ad33af
tokyo_disneysea,tds_ml_a_003,2026-09-28T06:22:59.775Z,25,OPERATING,58815e8e-7c01-4a42-8a00-1bd1c82a0252
tokyo_disneysea,tds_fs_a_001,2026-09-28T06:20:36.908Z,140,OPERATING,9fb0c97c-ebf7-4c25-8ea7-a3f4fe2aa9ec
tokyo_disneysea,tds_ml_a_002,2026-09-28T06:22:59.781Z,25,OPERATING,c6c0d34d-531a-40d9-b711-3497fd53c28b
tokyo_disneysea,tds_lrd_a_002,2026-09-28T06:29:03.123Z,140,OPERATING,dd942cd2-b364-4262-af12-ca1a5012528b
tokyo_disneysea,tds_aw_a_001,2026-09-28T06:29:03.131Z,20,OPERATING,71943126-e4ac-49c5-ac61-ac1687ad33af
tokyo_disneysea,tds_fs_a_003,2026-09-28T06:29:03.161Z,60,OPERATING,e8c15bc6-aaab-44ef-8285-1d92ebd2c47d
tokyo_disneysea,tds_pd_a_003,2026-09-28T06:29:03.115Z,25,OPERATING,c8744918-42c0-427d-8947-c3dbd1abf8d5
tokyo_disneysea,tds_mh_a_003,2026-09-28T06:29:12.538Z,140,OPERATING,3407ebac-c575-4c31-b794-1d271014d303
tokyo_disneysea,tds_aw_a_003,2026-09-28T06:29:03.091Z,140,OPERATING,abb5d6ec-469e-4ab0-8685-5f04e9749653
tokyo_disneysea,tds_mi_a_002,2026-09-28T06:29:03.107Z,160,OPERATING,c8526be3-e82c-4692-ae44-e8f2d1142c8a
tokyo_disneysea,tds_mi_a_001,2026-09-28T06:26:00.619Z,40,OPERATING,c15da0f5-9668-48ee-b93a-8b737b6acf5b
tokyo_disneysea,tds_fs_a_002,2026-09-28T06:29:03.154Z,50,OPERATING,10b5b89e-02a6-4456-9ddd-69e06c2bded4
tokyo_disneysea,tds_fs_a_001,2026-09-28T06:29:03.145Z,140,OPERATING,9fb0c97c-ebf7-4c25-8ea7-a3f4fe2aa9ec
tokyo_disneysea,tds_lrd_a_002,2026-09-28T06:32:44.125Z,120,OPERATING,dd942cd2-b364-4262-af12-ca1a5012528b
tokyo_disneysea,tds_ml_a_003,2026-09-28T06:35:18.780Z,30,OPERATING,58815e8e-7c01-4a42-8a00-1bd1c82a0252
tokyo_disneysea,tds_mi_a_001,2026-09-28T06:32:22.165Z,30,OPERATING,c15da0f5-9668-48ee-b93a-8b737b6acf5b
tokyo_disneysea,tds_ml_a_005,2026-09-28T06:35:18.786Z,30,OPERATING,f37d7fe8-169f-459d-86f3-4843655358bd
tokyo_disneysea,tds_aw_a_001,2026-09-28T06:38:31.959Z,30,OPERATING,71943126-e4ac-49c5-ac61-ac1687ad33af
tokyo_disneysea,tds_fs_a_003,2026-09-28T06:39:17.656Z,60,OPERATING,e8c15bc6-aaab-44ef-8285-1d92ebd2c47d
tokyo_disneysea,tds_aw_a_003,2026-09-28T06:39:17.629Z,140,OPERATING,abb5d6ec-469e-4ab0-8685-5f04e9749653
tokyo_disneysea,tds_mi_a_002,2026-09-28T06:39:17.636Z,160,OPERATING,c8526be3-e82c-4692-ae44-e8f2d1142c8a
tokyo_disneysea,tds_fs_a_002,2026-09-28T06:39:17.649Z,50,OPERATING,10b5b89e-02a6-4456-9ddd-69e06c2bded4
tokyo_disneysea,tds_fs_a_001,2026-09-28T06:39:17.642Z,140,OPERATING,9fb0c97c-ebf7-4c25-8ea7-a3f4fe2aa9ec
tokyo_disneysea,tds_lrd_a_002,2026-09-28T06:41:37.493Z,120,OPERATING,dd942cd2-b364-4262-af12-ca1a5012528b
tokyo_disneysea,tds_ac_a_002,2026-09-28T06:41:37.463Z,30,OPERATING,abbf5b3e-94e5-420a-8257-34594cd9d590
tokyo_disneysea,tds_fs_a_003,2026-09-28T06:41:37.524Z,60,OPERATING,e8c15bc6-aaab-44ef-8285-1d92ebd2c47d
tokyo_disneysea,tds_ml_a_003,2026-09-28T06:44:48.849Z,30,OPERATING,58815e8e-7c01-4a42-8a00-1bd1c82a0252
tokyo_disneysea,tds_mh_a_003,2026-09-28T06:41:37.456Z,140,OPERATING,3407ebac-c575-4c31-b794-1d271014d303
tokyo_disneysea,tds_aw_a_003,2026-09-28T06:41:37.449Z,140,OPERATING,abb5d6ec-469e-4ab0-8685-5f04e9749653
tokyo_disneysea,tds_mi_a_002,2026-09-28T06:42:09.375Z,180,OPERATING,c8526be3-e82c-4692-ae44-e8f2d1142c8a
tokyo_disneysea,tds_mi_a_001,2026-09-28T06:44:48.838Z,25,OPERATING,c15da0f5-9668-48ee-b93a-8b737b6acf5b
tokyo_disneysea,tds_fs_a_002,2026-09-28T06:41:37.517Z,50,OPERATING,10b5b89e-02a6-4456-9ddd-69e06c2bded4
tokyo_disneysea,tds_fs_a_004,2026-09-28T06:41:37.530Z,40,OPERATING,c0224e78-abf6-4f89-b0d4-38647a98dd4d
tokyo_disneysea,tds_fs_a_001,2026-09-28T06:41:37.509Z,140,OPERATING,9fb0c97c-ebf7-4c25-8ea7-a3f4fe2aa9ec
tokyo_disneysea,tds_ml_a_002,2026-09-28T06:41:37.486Z,20,OPERATING,c6c0d34d-531a-40d9-b711-3497fd53c28b
tokyo_disneysea,tds_pd_a_002,2026-09-28T06:41:37.499Z,20,OPERATING,179e4e82-26ed-4b04-bf21-f03808b61df4
tokyo_disneysea,tds_aw_a_004,2026-09-28T06:54:15.029Z,20,OPERATING,2daf12ac-21fd-4bfd-bbf6-0c98bed03e8f
tokyo_disneysea,tds_ml_a_004,2026-09-28T06:51:05.983Z,30,OPERATING,2d56558a-d4d2-4f79-898c-178c2c20cf67
tokyo_disneysea,tds_lrd_a_002,2026-09-28T06:54:15.038Z,100,OPERATING,dd942cd2-b364-4262-af12-ca1a5012528b
tokyo_disneysea,tds_ac_a_002,2026-09-28T06:51:05.978Z,25,OPERATING,abbf5b3e-94e5-420a-8257-34594cd9d590
tokyo_disneysea,tds_aw_a_001,2026-09-28T06:51:06.019Z,20,OPERATING,71943126-e4ac-49c5-ac61-ac1687ad33af
tokyo_disneysea,tds_fs_a_003,2026-09-28T06:54:57.001Z,50,OPERATING,e8c15bc6-aaab-44ef-8285-1d92ebd2c47d
tokyo_disneysea,tds_ml_a_003,2026-09-28T06:51:05.993Z,25,OPERATING,58815e8e-7c01-4a42-8a00-1bd1c82a0252
tokyo_disneysea,tds_aw_a_003,2026-09-28T06:54:15.002Z,140,OPERATING,abb5d6ec-469e-4ab0-8685-5f04e9749653
tokyo_disneysea,tds_mh_a_003,2026-09-28T06:54:56.990Z,160,OPERATING,3407ebac-c575-4c31-b794-1d271014d303
tokyo_disneysea,tds_mi_a_002,2026-09-28T06:54:15.019Z,180,OPERATING,c8526be3-e82c-4692-ae44-e8f2d1142c8a
tokyo_disneysea,tds_fs_a_002,2026-09-28T06:54:15.053Z,50,OPERATING,10b5b89e-02a6-4456-9ddd-69e06c2bded4
tokyo_disneysea,tds_fs_a_001,2026-09-28T06:54:15.045Z,120,OPERATING,9fb0c97c-ebf7-4c25-8ea7-a3f4fe2aa9ec
tokyo_disneysea,tds_ac_a_002,2026-09-28T06:59:05.734Z,20,OPERATING,abbf5b3e-94e5-420a-8257-34594cd9d590
tokyo_disneysea,tds_aw_a_004,2026-09-28T07:03:46.958Z,25,OPERATING,2daf12ac-21fd-4bfd-bbf6-0c98bed03e8f
tokyo_disneysea,tds_ml_a_004,2026-09-28T07:00:45.711Z,40,OPERATING,2d56558a-d4d2-4f79-898c-178c2c20cf67
tokyo_disneysea,tds_lrd_a_002,2026-09-28T07:03:46.979Z,100,OPERATING,dd942cd2-b364-4262-af12-ca1a5012528b
tokyo_disneysea,tds_aw_a_005,2026-09-28T07:03:46.965Z,15,OPERATING,5449e9da-ee4c-47d8-a60a-8a964b94c32d
tokyo_disneysea,tds_aw_a_001,2026-09-28T07:00:45.727Z,30,OPERATING,71943126-e4ac-49c5-ac61-ac1687ad33af
tokyo_disneysea,tds_aw_a_003,2026-09-28T07:03:46.939Z,140,OPERATING,abb5d6ec-469e-4ab0-8685-5f04e9749653
tokyo_disneysea,tds_mh_a_003,2026-09-28T07:04:06.340Z,180,OPERATING,3407ebac-c575-4c31-b794-1d271014d303
tokyo_disneysea,tds_mi_a_002,2026-09-28T07:04:06.346Z,160,OPERATING,c8526be3-e82c-4692-ae44-e8f2d1142c8a
tokyo_disneysea,tds_fs_a_002,2026-09-28T07:03:46.994Z,50,OPERATING,10b5b89e-02a6-4456-9ddd-69e06c2bded4
tokyo_disneysea,tds_ml_a_005,2026-09-28T07:00:45.719Z,40,OPERATING,f37d7fe8-169f-459d-86f3-4843655358bd
tokyo_disneysea,tds_ml_a_007,2026-09-28T07:03:46.971Z,20,OPERATING,7594d3f2-b3d1-47a0-b64f-8bc01d373830
tokyo_disneysea,tds_fs_a_001,2026-09-28T07:04:06.352Z,140,OPERATING,9fb0c97c-ebf7-4c25-8ea7-a3f4fe2aa9ec
tokyo_disneysea,tds_lrd_a_002,2026-09-28T07:06:45.311Z,100,OPERATING,dd942cd2-b364-4262-af12-ca1a5012528b
tokyo_disneysea,tds_aw_a_001,2026-09-28T07:09:51.034Z,20,OPERATING,71943126-e4ac-49c5-ac61-ac1687ad33af
tokyo_disneysea,tds_fs_a_003,2026-09-28T07:06:45.325Z,50,OPERATING,e8c15bc6-aaab-44ef-8285-1d92ebd2c47d
tokyo_disneysea,tds_ml_a_003,2026-09-28T07:06:45.295Z,20,OPERATING,58815e8e-7c01-4a42-8a00-1bd1c82a0252
tokyo_disneysea,tds_pd_a_003,2026-09-28T07:09:51.013Z,20,OPERATING,c8744918-42c0-427d-8947-c3dbd1abf8d5
tokyo_disneysea,tds_aw_a_003,2026-09-28T07:06:45.288Z,140,OPERATING,abb5d6ec-469e-4ab0-8685-5f04e9749653
tokyo_disneysea,tds_mh_a_003,2026-09-28T07:10:08.986Z,160,OPERATING,3407ebac-c575-4c31-b794-1d271014d303
tokyo_disneysea,tds_fs_a_002,2026-09-28T07:06:45.317Z,50,OPERATING,10b5b89e-02a6-4456-9ddd-69e06c2bded4
tokyo_disneysea,tds_ml_a_007,2026-09-28T07:09:51.027Z,15,OPERATING,7594d3f2-b3d1-47a0-b64f-8bc01d373830
tokyo_disneysea,tds_ml_a_002,2026-09-28T07:06:45.303Z,15,OPERATING,c6c0d34d-531a-40d9-b711-3497fd53c28b
tokyo_disneysea,tds_aw_a_004,2026-09-28T07:13:04.074Z,20,OPERATING,2daf12ac-21fd-4bfd-bbf6-0c98bed03e8f
tokyo_disneysea,tds_aw_a_001,2026-09-28T07:13:04.112Z,15,OPERATING,71943126-e4ac-49c5-ac61-ac1687ad33af
tokyo_disneysea,tds_ml_a_003,2026-09-28T07:13:04.088Z,15,OPERATING,58815e8e-7c01-4a42-8a00-1bd1c82a0252
tokyo_disneysea,tds_mi_a_002,2026-09-28T07:13:30.511Z,140,OPERATING,c8526be3-e82c-4692-ae44-e8f2d1142c8a
tokyo_disneysea,tds_fs_a_002,2026-09-28T07:13:30.518Z,40,OPERATING,10b5b89e-02a6-4456-9ddd-69e06c2bded4
tokyo_disneysea,tds_ml_a_007,2026-09-28T07:13:04.102Z,20,OPERATING,7594d3f2-b3d1-47a0-b64f-8bc01d373830
tokyo_disneysea,tds_aw_a_004,2026-09-28T07:16:08.758Z,15,OPERATING,2daf12ac-21fd-4bfd-bbf6-0c98bed03e8f
tokyo_disneysea,tds_ml_a_004,2026-09-28T07:19:21.764Z,30,OPERATING,2d56558a-d4d2-4f79-898c-178c2c20cf67
tokyo_disneysea,tds_lrd_a_002,2026-09-28T07:19:21.780Z,100,OPERATING,dd942cd2-b364-4262-af12-ca1a5012528b
tokyo_disneysea,tds_ac_a_002,2026-09-28T07:19:21.746Z,25,OPERATING,abbf5b3e-94e5-420a-8257-34594cd9d590
tokyo_disneysea,tds_fs_a_003,2026-09-28T07:19:21.805Z,50,OPERATING,e8c15bc6-aaab-44ef-8285-1d92ebd2c47d
tokyo_disneysea,tds_aw_a_003,2026-09-28T07:19:21.726Z,140,OPERATING,abb5d6ec-469e-4ab0-8685-5f04e9749653
tokyo_disneysea,tds_mh_a_003,2026-09-28T07:19:21.737Z,160,OPERATING,3407ebac-c575-4c31-b794-1d271014d303
tokyo_disneysea,tds_mi_a_002,2026-09-28T07:19:21.755Z,140,OPERATING,c8526be3-e82c-4692-ae44-e8f2d1142c8a
tokyo_disneysea,tds_fs_a_002,2026-09-28T07:19:21.798Z,40,OPERATING,10b5b89e-02a6-4456-9ddd-69e06c2bded4
tokyo_disneysea,tds_ml_a_005,2026-09-28T07:16:08.765Z,30,OPERATING,f37d7fe8-169f-459d-86f3-4843655358bd
tokyo_disneysea,tds_fs_a_001,2026-09-28T07:19:21.788Z,140,OPERATING,9fb0c97c-ebf7-4c25-8ea7-a3f4fe2aa9ec
tokyo_disneysea,tds_ml_a_002,2026-09-28T07:19:21.772Z,20,OPERATING,c6c0d34d-531a-40d9-b711-3497fd53c28b
tokyo_disneysea,tds_ml_a_007,2026-09-28T07:22:10.975Z,15,OPERATING,7594d3f2-b3d1-47a0-b64f-8bc01d373830
tokyo_disneysea,tds_lrd_a_002,2026-09-28T07:27:03.115Z,100,OPERATING,dd942cd2-b364-4262-af12-ca1a5012528b
tokyo_disneysea,tds_aw_a_001,2026-09-28T07:25:56.984Z,20,OPERATING,71943126-e4ac-49c5-ac61-ac1687ad33af
tokyo_disneysea,tds_fs_a_003,2026-09-28T07:27:03.159Z,50,OPERATING,e8c15bc6-aaab-44ef-8285-1d92ebd2c47d
tokyo_disneysea,tds_aw_a_003,2026-09-28T07:27:03.080Z,140,OPERATING,abb5d6ec-469e-4ab0-8685-5f04e9749653
tokyo_disneysea,tds_mh_a_003,2026-09-28T07:27:03.093Z,160,OPERATING,3407ebac-c575-4c31-b794-1d271014d303
tokyo_disneysea,tds_mi_a_002,2026-09-28T07:27:03.102Z,140,OPERATING,c8526be3-e82c-4692-ae44-e8f2d1142c8a
tokyo_disneysea,tds_mi_a_001,2026-09-28T07:25:56.977Z,20,OPERATING,c15da0f5-9668-48ee-b93a-8b737b6acf5b
tokyo_disneysea,tds_fs_a_002,2026-09-28T07:27:03.142Z,40,OPERATING,10b5b89e-02a6-4456-9ddd-69e06c2bded4
tokyo_disneysea,tds_fs_a_001,2026-09-28T07:27:03.127Z,140,OPERATING,9fb0c97c-ebf7-4c25-8ea7-a3f4fe2aa9ec
tokyo_disneysea,tds_lrd_a_002,2026-09-28T07:31:32.937Z,100,OPERATING,dd942cd2-b364-4262-af12-ca1a5012528b
tokyo_disneysea,tds_aw_a_001,2026-09-28T07:31:32.945Z,15,OPERATING,71943126-e4ac-49c5-ac61-ac1687ad33af
tokyo_disneysea,tds_fs_a_003,2026-09-28T07:31:32.971Z,50,OPERATING,e8c15bc6-aaab-44ef-8285-1d92ebd2c47d
tokyo_disneysea,tds_aw_a_003,2026-09-28T07:31:32.912Z,140,OPERATING,abb5d6ec-469e-4ab0-8685-5f04e9749653
tokyo_disneysea,tds_mh_a_003,2026-09-28T07:31:32.920Z,160,OPERATING,3407ebac-c575-4c31-b794-1d271014d303
tokyo_disneysea,tds_mi_a_002,2026-09-28T07:31:32.928Z,140,OPERATING,c8526be3-e82c-4692-ae44-e8f2d1142c8a
tokyo_disneysea,tds_fs_a_002,2026-09-28T07:31:42.756Z,50,OPERATING,10b5b89e-02a6-4456-9ddd-69e06c2bded4
tokyo_disneysea,tds_fs_a_001,2026-09-28T07:31:32.954Z,140,OPERATING,9fb0c97c-ebf7-4c25-8ea7-a3f4fe2aa9ec
tokyo_disneysea,tds_pd_a_002,2026-09-28T07:34:32.134Z,30,OPERATING,179e4e82-26ed-4b04-bf21-f03808b61df4
tokyo_disneysea,tds_ac_a_001,2026-09-28T07:37:32.677Z,10,OPERATING,76aed95a-dce8-4d03-8c2a-8ad69b3d0d4a
tokyo_disneysea,tds_lrd_a_002,2026-09-28T07:38:22.377Z,100,OPERATING,dd942cd2-b364-4262-af12-ca1a5012528b
tokyo_disneysea,tds_mh_a_001,2026-09-28T07:37:32.670Z,15,OPERATING,2ca8f848-b8e2-4ba5-aa6e-e0fb37e85d0b
tokyo_disneysea,tds_fs_a_003,2026-09-28T07:38:22.394Z,50,OPERATING,e8c15bc6-aaab-44ef-8285-1d92ebd2c47d
tokyo_disneysea,tds_aw_a_003,2026-09-28T07:38:22.361Z,140,OPERATING,abb5d6ec-469e-4ab0-8685-5f04e9749653
tokyo_disneysea,tds_mh_a_003,2026-09-28T07:38:22.366Z,160,OPERATING,3407ebac-c575-4c31-b794-1d271014d303
tokyo_disneysea,tds_mi_a_002,2026-09-28T07:38:22.372Z,140,OPERATING,c8526be3-e82c-4692-ae44-e8f2d1142c8a
tokyo_disneysea,tds_mi_a_001,2026-09-28T07:37:32.649Z,25,OPERATING,c15da0f5-9668-48ee-b93a-8b737b6acf5b
tokyo_disneysea,tds_fs_a_002,2026-09-28T07:38:22.389Z,40,OPERATING,10b5b89e-02a6-4456-9ddd-69e06c2bded4
tokyo_disneysea,tds_fs_a_001,2026-09-28T07:38:22.383Z,140,OPERATING,9fb0c97c-ebf7-4c25-8ea7-a3f4fe2aa9ec
tokyo_disneysea,tds_lrd_a_002,2026-09-28T07:43:32.743Z,80,OPERATING,dd942cd2-b364-4262-af12-ca1a5012528b
tokyo_disneysea,tds_aw_a_001,2026-09-28T07:40:32.409Z,20,OPERATING,71943126-e4ac-49c5-ac61-ac1687ad33af
tokyo_disneysea,tds_fs_a_003,2026-09-28T07:43:32.762Z,50,OPERATING,e8c15bc6-aaab-44ef-8285-1d92ebd2c47d
tokyo_disneysea,tds_aw_a_003,2026-09-28T07:43:32.718Z,120,OPERATING,abb5d6ec-469e-4ab0-8685-5f04e9749653
tokyo_disneysea,tds_mh_a_003,2026-09-28T07:43:32.724Z,160,OPERATING,3407ebac-c575-4c31-b794-1d271014d303
tokyo_disneysea,tds_mi_a_002,2026-09-28T07:43:32.730Z,140,OPERATING,c8526be3-e82c-4692-ae44-e8f2d1142c8a
tokyo_disneysea,tds_mi_a_001,2026-09-28T07:40:32.398Z,20,OPERATING,c15da0f5-9668-48ee-b93a-8b737b6acf5b
tokyo_disneysea,tds_fs_a_002,2026-09-28T07:43:32.755Z,40,OPERATING,10b5b89e-02a6-4456-9ddd-69e06c2bded4
tokyo_disneysea,tds_ml_a_007,2026-09-28T07:43:32.736Z,25,OPERATING,7594d3f2-b3d1-47a0-b64f-8bc01d373830
tokyo_disneysea,tds_fs_a_001,2026-09-28T07:43:32.749Z,140,OPERATING,9fb0c97c-ebf7-4c25-8ea7-a3f4fe2aa9ec
tokyo_disneysea,tds_aw_a_004,2026-09-28T07:48:32.185Z,20,OPERATING,2daf12ac-21fd-4bfd-bbf6-0c98bed03e8f
tokyo_disneysea,tds_lrd_a_002,2026-09-28T07:48:32.201Z,80,OPERATING,dd942cd2-b364-4262-af12-ca1a5012528b
tokyo_disneysea,tds_aw_a_001,2026-09-28T07:46:33.216Z,15,OPERATING,71943126-e4ac-49c5-ac61-ac1687ad33af
tokyo_disneysea,tds_mh_a_001,2026-09-28T07:49:32.995Z,25,OPERATING,2ca8f848-b8e2-4ba5-aa6e-e0fb37e85d0b
tokyo_disneysea,tds_fs_a_003,2026-09-28T07:48:32.223Z,50,OPERATING,e8c15bc6-aaab-44ef-8285-1d92ebd2c47d
tokyo_disneysea,tds_ml_a_003,2026-09-28T07:49:33.003Z,25,OPERATING,58815e8e-7c01-4a42-8a00-1bd1c82a0252
tokyo_disneysea,tds_aw_a_003,2026-09-28T07:48:32.162Z,120,OPERATING,abb5d6ec-469e-4ab0-8685-5f04e9749653
tokyo_disneysea,tds_mh_a_003,2026-09-28T07:48:32.170Z,160,OPERATING,3407ebac-c575-4c31-b794-1d271014d303
tokyo_disneysea,tds_mi_a_002,2026-09-28T07:48:32.178Z,140,OPERATING,c8526be3-e82c-4692-ae44-e8f2d1142c8a
tokyo_disneysea,tds_fs_a_002,2026-09-28T07:48:32.217Z,40,OPERATING,10b5b89e-02a6-4456-9ddd-69e06c2bded4
tokyo_disneysea,tds_ml_a_005,2026-09-28T07:49:33.011Z,25,OPERATING,f37d7fe8-169f-459d-86f3-4843655358bd
tokyo_disneysea,tds_fs_a_001,2026-09-28T07:48:32.208Z,140,OPERATING,9fb0c97c-ebf7-4c25-8ea7-a3f4fe2aa9ec
tokyo_disneysea,tds_ml_a_002,2026-09-28T07:48:32.194Z,15,OPERATING,c6c0d34d-531a-40d9-b711-3497fd53c28b
tokyo_disneysea,tds_mh_a_001,2026-09-28T07:51:24.682Z,40,OPERATING,2ca8f848-b8e2-4ba5-aa6e-e0fb37e85d0b
tokyo_disneysea,tds_pd_a_002,2026-09-28T07:51:24.691Z,20,OPERATING,179e4e82-26ed-4b04-bf21-f03808b61df4
tokyo_disneysea,tds_lrd_a_002,2026-09-28T07:55:37.388Z,80,OPERATING,dd942cd2-b364-4262-af12-ca1a5012528b
tokyo_disneysea,tds_fs_a_003,2026-09-28T07:55:37.411Z,50,OPERATING,e8c15bc6-aaab-44ef-8285-1d92ebd2c47d
tokyo_disneysea,tds_aw_a_003,2026-09-28T07:55:37.365Z,120,OPERATING,abb5d6ec-469e-4ab0-8685-5f04e9749653
tokyo_disneysea,tds_mh_a_003,2026-09-28T07:55:37.371Z,160,OPERATING,3407ebac-c575-4c31-b794-1d271014d303
tokyo_disneysea,tds_mi_a_002,2026-09-28T07:55:37.379Z,140,OPERATING,c8526be3-e82c-4692-ae44-e8f2d1142c8a
tokyo_disneysea,tds_fs_a_002,2026-09-28T07:55:37.402Z,40,OPERATING,10b5b89e-02a6-4456-9ddd-69e06c2bded4
tokyo_disneysea,tds_fs_a_001,2026-09-28T07:55:37.395Z,140,OPERATING,9fb0c97c-ebf7-4c25-8ea7-a3f4fe2aa9ec
tokyo_disneysea,tds_fs_a_003,2026-09-28T08:02:09.962Z,50,OPERATING,e8c15bc6-aaab-44ef-8285-1d92ebd2c47d
tokyo_disneysea,tds_lrd_a_002,2026-09-28T08:02:44.532Z,90,OPERATING,dd942cd2-b364-4262-af12-ca1a5012528b
tokyo_disneysea,tds_ml_a_004,2026-09-28T08:03:32.861Z,25,OPERATING,2d56558a-d4d2-4f79-898c-178c2c20cf67
tokyo_disneysea,tds_ac_a_001,2026-09-28T08:02:44.515Z,15,OPERATING,76aed95a-dce8-4d03-8c2a-8ad69b3d0d4a
tokyo_disneysea,tds_aw_a_001,2026-09-28T08:03:32.870Z,15,OPERATING,71943126-e4ac-49c5-ac61-ac1687ad33af
tokyo_disneysea,tds_aw_a_003,2026-09-28T08:02:09.877Z,120,OPERATING,abb5d6ec-469e-4ab0-8685-5f04e9749653
tokyo_disneysea,tds_mh_a_003,2026-09-28T08:02:09.884Z,160,OPERATING,3407ebac-c575-4c31-b794-1d271014d303
tokyo_disneysea,tds_mi_a_002,2026-09-28T08:02:09.891Z,140,OPERATING,c8526be3-e82c-4692-ae44-e8f2d1142c8a
tokyo_disneysea,tds_fs_a_002,2026-09-28T08:02:44.539Z,50,OPERATING,10b5b89e-02a6-4456-9ddd-69e06c2bded4
tokyo_disneysea,tds_ml_a_007,2026-09-28T08:02:44.525Z,20,OPERATING,7594d3f2-b3d1-47a0-b64f-8bc01d373830
tokyo_disneysea,tds_fs_a_001,2026-09-28T08:02:09.947Z,140,OPERATING,9fb0c97c-ebf7-4c25-8ea7-a3f4fe2aa9ec
tokyo_disneysea,tds_ml_a_002,2026-09-28T08:02:09.905Z,20,OPERATING,c6c0d34d-531a-40d9-b711-3497fd53c28b
tokyo_disneysea,tds_lrd_a_002,2026-09-28T08:07:39.978Z,80,OPERATING,dd942cd2-b364-4262-af12-ca1a5012528b
tokyo_disneysea,tds_fs_a_003,2026-09-28T08:10:10.041Z,40,OPERATING,e8c15bc6-aaab-44ef-8285-1d92ebd2c47d
tokyo_disneysea,tds_aw_a_004,2026-09-28T08:10:10.002Z,15,OPERATING,2daf12ac-21fd-4bfd-bbf6-0c98bed03e8f
tokyo_disneysea,tds_mh_a_001,2026-09-28T08:06:38.319Z,30,OPERATING,2ca8f848-b8e2-4ba5-aa6e-e0fb37e85d0b
tokyo_disneysea,tds_pd_a_003,2026-09-28T08:06:38.333Z,15,OPERATING,c8744918-42c0-427d-8947-c3dbd1abf8d5
tokyo_disneysea,tds_ac_a_003,2026-09-28T08:10:10.018Z,10,OPERATING,63ef07eb-9bfb-4782-885e-cfd08ced82f0
tokyo_disneysea,tds_aw_a_003,2026-09-28T08:07:39.959Z,120,OPERATING,abb5d6ec-469e-4ab0-8685-5f04e9749653
tokyo_disneysea,tds_mh_a_003,2026-09-28T08:07:39.966Z,160,OPERATING,3407ebac-c575-4c31-b794-1d271014d303
tokyo_disneysea,tds_mi_a_002,2026-09-28T08:07:39.972Z,140,OPERATING,c8526be3-e82c-4692-ae44-e8f2d1142c8a
tokyo_disneysea,tds_ml_a_007,2026-09-28T08:06:38.349Z,15,OPERATING,7594d3f2-b3d1-47a0-b64f-8bc01d373830
tokyo_disneysea,tds_fs_a_001,2026-09-28T08:10:10.031Z,120,OPERATING,9fb0c97c-ebf7-4c25-8ea7-a3f4fe2aa9ec
tokyo_disneysea,tds_lrd_a_002,2026-09-28T08:12:56.074Z,80,OPERATING,dd942cd2-b364-4262-af12-ca1a5012528b
tokyo_disneysea,tds_fs_a_003,2026-09-28T08:12:56.104Z,40,OPERATING,e8c15bc6-aaab-44ef-8285-1d92ebd2c47d
tokyo_disneysea,tds_ac_a_002,2026-09-28T08:13:40.462Z,20,OPERATING,abbf5b3e-94e5-420a-8257-34594cd9d590
tokyo_disneysea,tds_aw_a_001,2026-09-28T08:12:56.081Z,20,OPERATING,71943126-e4ac-49c5-ac61-ac1687ad33af
tokyo_disneysea,tds_aw_a_003,2026-09-28T08:12:56.049Z,120,OPERATING,abb5d6ec-469e-4ab0-8685-5f04e9749653
tokyo_disneysea,tds_mh_a_003,2026-09-28T08:12:56.056Z,160,OPERATING,3407ebac-c575-4c31-b794-1d271014d303
tokyo_disneysea,tds_mi_a_002,2026-09-28T08:12:56.064Z,140,OPERATING,c8526be3-e82c-4692-ae44-e8f2d1142c8a
tokyo_disneysea,tds_fs_a_002,2026-09-28T08:12:56.096Z,50,OPERATING,10b5b89e-02a6-4456-9ddd-69e06c2bded4
tokyo_disneysea,tds_lrd_a_002,2026-09-28T08:19:42.274Z,80,OPERATING,dd942cd2-b364-4262-af12-ca1a5012528b
tokyo_disneysea,tds_fs_a_003,2026-09-28T08:19:42.300Z,40,OPERATING,e8c15bc6-aaab-44ef-8285-1d92ebd2c47d
tokyo_disneysea,tds_aw_a_004,2026-09-28T08:18:45.369Z,20,OPERATING,2daf12ac-21fd-4bfd-bbf6-0c98bed03e8f
tokyo_disneysea,tds_aw_a_001,2026-09-28T08:18:45.376Z,15,OPERATING,71943126-e4ac-49c5-ac61-ac1687ad33af
tokyo_disneysea,tds_ml_a_003,2026-09-28T08:16:13.711Z,20,OPERATING,58815e8e-7c01-4a42-8a00-1bd1c82a0252
tokyo_disneysea,tds_aw_a_003,2026-09-28T08:19:42.246Z,120,OPERATING,abb5d6ec-469e-4ab0-8685-5f04e9749653
tokyo_disneysea,tds_mh_a_003,2026-09-28T08:19:42.255Z,160,OPERATING,3407ebac-c575-4c31-b794-1d271014d303
tokyo_disneysea,tds_mi_a_002,2026-09-28T08:19:42.265Z,140,OPERATING,c8526be3-e82c-4692-ae44-e8f2d1142c8a
tokyo_disneysea,tds_fs_a_002,2026-09-28T08:19:42.291Z,50,OPERATING,10b5b89e-02a6-4456-9ddd-69e06c2bded4
tokyo_disneysea,tds_fs_a_004,2026-09-28T08:18:45.391Z,50,OPERATING,c0224e78-abf6-4f89-b0d4-38647a98dd4d
tokyo_disneysea,tds_ml_a_002,2026-09-28T08:16:13.719Z,15,OPERATING,c6c0d34d-531a-40d9-b711-3497fd53c28b
tokyo_disneysea,tds_lrd_a_002,2026-09-28T08:22:50.834Z,90,OPERATING,dd942cd2-b364-4262-af12-ca1a5012528b
tokyo_disneysea,tds_aw_a_004,2026-09-28T08:22:16.560Z,25,OPERATING,2daf12ac-21fd-4bfd-bbf6-0c98bed03e8f
tokyo_disneysea,tds_aw_a_001,2026-09-28T08:22:16.575Z,30,OPERATING,71943126-e4ac-49c5-ac61-ac1687ad33af
tokyo_disneysea,tds_mh_a_001,2026-09-28T08:22:16.553Z,40,OPERATING,2ca8f848-b8e2-4ba5-aa6e-e0fb37e85d0b
tokyo_disneysea,tds_mh_a_003,2026-09-28T08:22:50.822Z,180,OPERATING,3407ebac-c575-4c31-b794-1d271014d303
tokyo_disneysea,tds_fs_a_002,2026-09-28T08:22:50.841Z,40,OPERATING,10b5b89e-02a6-4456-9ddd-69e06c2bded4
tokyo_disneysea,tds_ml_a_005,2026-09-28T08:22:50.828Z,20,OPERATING,f37d7fe8-169f-459d-86f3-4843655358bd
tokyo_disneysea,tds_lrd_a_002,2026-09-28T08:29:15.794Z,100,OPERATING,dd942cd2-b364-4262-af12-ca1a5012528b
tokyo_disneysea,tds_fs_a_003,2026-09-28T08:26:32.538Z,40,OPERATING,e8c15bc6-aaab-44ef-8285-1d92ebd2c47d
tokyo_disneysea,tds_aw_a_001,2026-09-28T08:26:02.135Z,20,OPERATING,71943126-e4ac-49c5-ac61-ac1687ad33af
tokyo_disneysea,tds_ac_a_003,2026-09-28T08:26:02.113Z,5,OPERATING,63ef07eb-9bfb-4782-885e-cfd08ced82f0
tokyo_disneysea,tds_aw_a_003,2026-09-28T08:26:32.488Z,120,OPERATING,abb5d6ec-469e-4ab0-8685-5f04e9749653
tokyo_disneysea,tds_mh_a_003,2026-09-28T08:26:32.496Z,180,OPERATING,3407ebac-c575-4c31-b794-1d271014d303
tokyo_disneysea,tds_mi_a_002,2026-09-28T08:26:32.504Z,140,OPERATING,c8526be3-e82c-4692-ae44-e8f2d1142c8a
tokyo_disneysea,tds_fs_a_002,2026-09-28T08:26:32.529Z,40,OPERATING,10b5b89e-02a6-4456-9ddd-69e06c2bded4
tokyo_disneysea,tds_fs_a_004,2026-09-28T08:26:02.156Z,40,OPERATING,c0224e78-abf6-4f89-b0d4-38647a98dd4d
tokyo_disneysea,tds_ml_a_002,2026-09-28T08:26:02.126Z,10,OPERATING,c6c0d34d-531a-40d9-b711-3497fd53c28b
tokyo_disneysea,tds_lrd_a_002,2026-09-28T08:31:49.431Z,100,OPERATING,dd942cd2-b364-4262-af12-ca1a5012528b
tokyo_disneysea,tds_fs_a_003,2026-09-28T08:31:49.455Z,40,OPERATING,e8c15bc6-aaab-44ef-8285-1d92ebd2c47d
tokyo_disneysea,tds_ac_a_002,2026-09-28T08:31:43.345Z,25,OPERATING,abbf5b3e-94e5-420a-8257-34594cd9d590
tokyo_disneysea,tds_ml_a_003,2026-09-28T08:34:49.901Z,15,OPERATING,58815e8e-7c01-4a42-8a00-1bd1c82a0252
tokyo_disneysea,tds_pd_a_003,2026-09-28T08:31:43.366Z,20,OPERATING,c8744918-42c0-427d-8947-c3dbd1abf8d5
tokyo_disneysea,tds_aw_a_003,2026-09-28T08:31:49.405Z,120,OPERATING,abb5d6ec-469e-4ab0-8685-5f04e9749653
tokyo_disneysea,tds_mh_a_003,2026-09-28T08:31:49.412Z,180,OPERATING,3407ebac-c575-4c31-b794-1d271014d303
tokyo_disneysea,tds_mi_a_002,2026-09-28T08:31:49.420Z,160,OPERATING,c8526be3-e82c-4692-ae44-e8f2d1142c8a
tokyo_disneysea,tds_fs_a_002,2026-09-28T08:31:49.447Z,40,OPERATING,10b5b89e-02a6-4456-9ddd-69e06c2bded4
tokyo_disneysea,tds_ml_a_002,2026-09-28T08:31:43.374Z,15,OPERATING,c6c0d34d-531a-40d9-b711-3497fd53c28b
tokyo_disneysea,tds_lrd_a_002,2026-09-28T08:38:02.742Z,100,OPERATING,dd942cd2-b364-4262-af12-ca1a5012528b
tokyo_disneysea,tds_fs_a_003,2026-09-28T08:38:02.771Z,40,OPERATING,e8c15bc6-aaab-44ef-8285-1d92ebd2c47d
tokyo_disneysea,tds_aw_a_001,2026-09-28T08:37:49.714Z,15,OPERATING,71943126-e4ac-49c5-ac61-ac1687ad33af
tokyo_disneysea,tds_mh_a_003,2026-09-28T08:38:02.716Z,180,OPERATING,3407ebac-c575-4c31-b794-1d271014d303
tokyo_disneysea,tds_aw_a_003,2026-09-28T08:38:02.699Z,140,OPERATING,abb5d6ec-469e-4ab0-8685-5f04e9749653
tokyo_disneysea,tds_mi_a_002,2026-09-28T08:38:02.729Z,160,OPERATING,c8526be3-e82c-4692-ae44-e8f2d1142c8a
tokyo_disneysea,tds_fs_a_002,2026-09-28T08:38:02.761Z,40,OPERATING,10b5b89e-02a6-4456-9ddd-69e06c2bded4
tokyo_disneysea,tds_ml_a_005,2026-09-28T08:37:49.706Z,25,OPERATING,f37d7fe8-169f-459d-86f3-4843655358bd
tokyo_disneysea,tds_ml_a_004,2026-09-28T08:43:50.363Z,30,OPERATING,2d56558a-d4d2-4f79-898c-178c2c20cf67
tokyo_disneysea,tds_lrd_a_002,2026-09-28T08:43:50.371Z,90,OPERATING,dd942cd2-b364-4262-af12-ca1a5012528b
tokyo_disneysea,tds_fs_a_003,2026-09-28T08:43:50.401Z,40,OPERATING,e8c15bc6-aaab-44ef-8285-1d92ebd2c47d
tokyo_disneysea,tds_aw_a_001,2026-09-28T08:43:50.378Z,20,OPERATING,71943126-e4ac-49c5-ac61-ac1687ad33af
tokyo_disneysea,tds_mh_a_003,2026-09-28T08:43:50.332Z,180,OPERATING,3407ebac-c575-4c31-b794-1d271014d303
tokyo_disneysea,tds_aw_a_003,2026-09-28T08:43:50.325Z,140,OPERATING,abb5d6ec-469e-4ab0-8685-5f04e9749653
tokyo_disneysea,tds_mi_a_002,2026-09-28T08:43:50.340Z,160,OPERATING,c8526be3-e82c-4692-ae44-e8f2d1142c8a
tokyo_disneysea,tds_fs_a_002,2026-09-28T08:43:50.393Z,40,OPERATING,10b5b89e-02a6-4456-9ddd-69e06c2bded4
tokyo_disneysea,tds_ml_a_002,2026-09-28T08:42:44.626Z,10,OPERATING,c6c0d34d-531a-40d9-b711-3497fd53c28b
tokyo_disneysea,tds_fs_a_003,2026-09-28T08:49:50.799Z,50,OPERATING,e8c15bc6-aaab-44ef-8285-1d92ebd2c47d
tokyo_disneysea,tds_aw_a_004,2026-09-28T08:46:50.815Z,20,OPERATING,2daf12ac-21fd-4bfd-bbf6-0c98bed03e8f
tokyo_disneysea,tds_mi_a_001,2026-09-28T08:46:50.807Z,15,OPERATING,c15da0f5-9668-48ee-b93a-8b737b6acf5b
tokyo_disneysea,tds_ml_a_005,2026-09-28T08:47:33.771Z,15,OPERATING,f37d7fe8-169f-459d-86f3-4843655358bd
tokyo_disneysea,tds_pd_a_002,2026-09-28T08:47:33.781Z,15,OPERATING,179e4e82-26ed-4b04-bf21-f03808b61df4
tokyo_disneysea,tds_lrd_a_002,2026-09-28T08:51:07.003Z,90,OPERATING,dd942cd2-b364-4262-af12-ca1a5012528b
tokyo_disneysea,tds_fs_a_003,2026-09-28T08:51:07.027Z,50,OPERATING,e8c15bc6-aaab-44ef-8285-1d92ebd2c47d
tokyo_disneysea,tds_aw_a_001,2026-09-28T08:52:51.413Z,15,OPERATING,71943126-e4ac-49c5-ac61-ac1687ad33af
tokyo_disneysea,tds_aw_a_003,2026-09-28T08:51:06.978Z,140,OPERATING,abb5d6ec-469e-4ab0-8685-5f04e9749653
tokyo_disneysea,tds_mh_a_003,2026-09-28T08:53:39.350Z,160,OPERATING,3407ebac-c575-4c31-b794-1d271014d303
tokyo_disneysea,tds_mi_a_002,2026-09-28T08:51:06.995Z,160,OPERATING,c8526be3-e82c-4692-ae44-e8f2d1142c8a
tokyo_disneysea,tds_fs_a_002,2026-09-28T08:51:07.019Z,40,OPERATING,10b5b89e-02a6-4456-9ddd-69e06c2bded4
tokyo_disneysea,tds_ml_a_005,2026-09-28T08:52:51.404Z,20,OPERATING,f37d7fe8-169f-459d-86f3-4843655358bd
tokyo_disneysea,tds_lrd_a_002,2026-09-28T08:55:51.300Z,90,OPERATING,dd942cd2-b364-4262-af12-ca1a5012528b
tokyo_disneysea,tds_fs_a_003,2026-09-28T08:55:51.320Z,50,OPERATING,e8c15bc6-aaab-44ef-8285-1d92ebd2c47d
tokyo_disneysea,tds_aw_a_001,2026-09-28T08:59:37.962Z,20,OPERATING,71943126-e4ac-49c5-ac61-ac1687ad33af
tokyo_disneysea,tds_ml_a_003,2026-09-28T08:55:51.292Z,20,OPERATING,58815e8e-7c01-4a42-8a00-1bd1c82a0252
tokyo_disneysea,tds_aw_a_003,2026-09-28T08:55:51.270Z,140,OPERATING,abb5d6ec-469e-4ab0-8685-5f04e9749653
tokyo_disneysea,tds_mh_a_003,2026-09-28T08:55:51.278Z,160,OPERATING,3407ebac-c575-4c31-b794-1d271014d303
tokyo_disneysea,tds_mi_a_002,2026-09-28T08:55:51.285Z,160,OPERATING,c8526be3-e82c-4692-ae44-e8f2d1142c8a
tokyo_disneysea,tds_fs_a_002,2026-09-28T08:55:51.313Z,40,OPERATING,10b5b89e-02a6-4456-9ddd-69e06c2bded4
tokyo_disneysea,tds_ml_a_007,2026-09-28T08:59:37.954Z,20,OPERATING,7594d3f2-b3d1-47a0-b64f-8bc01d373830
tokyo_disneysea,tds_lrd_a_002,2026-09-28T09:02:37.799Z,90,OPERATING,dd942cd2-b364-4262-af12-ca1a5012528b
tokyo_disneysea,tds_fs_a_003,2026-09-28T09:02:37.824Z,50,OPERATING,e8c15bc6-aaab-44ef-8285-1d92ebd2c47d
tokyo_disneysea,tds_aw_a_003,2026-09-28T09:02:37.776Z,140,OPERATING,abb5d6ec-469e-4ab0-8685-5f04e9749653
tokyo_disneysea,tds_mh_a_003,2026-09-28T09:02:37.784Z,160,OPERATING,3407ebac-c575-4c31-b794-1d271014d303
tokyo_disneysea,tds_mi_a_002,2026-09-28T09:02:37.791Z,160,OPERATING,c8526be3-e82c-4692-ae44-e8f2d1142c8a
tokyo_disneysea,tds_fs_a_002,2026-09-28T09:02:37.815Z,40,OPERATING,10b5b89e-02a6-4456-9ddd-69e06c2bded4
tokyo_disneysea,tds_pd_a_002,2026-09-28T09:04:51.614Z,20,OPERATING,179e4e82-26ed-4b04-bf21-f03808b61df4
tokyo_disneysea,tds_ml_a_004,2026-09-28T09:06:08.075Z,25,OPERATING,2d56558a-d4d2-4f79-898c-178c2c20cf67
tokyo_disneysea,tds_lrd_a_002,2026-09-28T09:07:51.929Z,90,OPERATING,dd942cd2-b364-4262-af12-ca1a5012528b
tokyo_disneysea,tds_fs_a_003,2026-09-28T09:07:51.951Z,50,OPERATING,e8c15bc6-aaab-44ef-8285-1d92ebd2c47d
tokyo_disneysea,tds_ac_a_002,2026-09-28T09:08:45.259Z,20,OPERATING,abbf5b3e-94e5-420a-8257-34594cd9d590
tokyo_disneysea,tds_aw_a_001,2026-09-28T09:08:45.276Z,15,OPERATING,71943126-e4ac-49c5-ac61-ac1687ad33af
tokyo_disneysea,tds_ac_a_003,2026-09-28T09:08:45.268Z,10,OPERATING,63ef07eb-9bfb-4782-885e-cfd08ced82f0
tokyo_disneysea,tds_aw_a_003,2026-09-28T09:07:51.908Z,140,OPERATING,abb5d6ec-469e-4ab0-8685-5f04e9749653
tokyo_disneysea,tds_mh_a_003,2026-09-28T09:07:51.915Z,160,OPERATING,3407ebac-c575-4c31-b794-1d271014d303
tokyo_disneysea,tds_mi_a_002,2026-09-28T09:07:51.922Z,160,OPERATING,c8526be3-e82c-4692-ae44-e8f2d1142c8a
tokyo_disneysea,tds_fs_a_002,2026-09-28T09:07:51.943Z,40,OPERATING,10b5b89e-02a6-4456-9ddd-69e06c2bded4
tokyo_disneysea,tds_fs_a_001,2026-09-28T09:07:51.936Z,100,OPERATING,9fb0c97c-ebf7-4c25-8ea7-a3f4fe2aa9ec
tokyo_disneysea,tds_ml_a_002,2026-09-28T09:06:08.085Z,15,OPERATING,c6c0d34d-531a-40d9-b711-3497fd53c28b
tokyo_disneysea,tds_lrd_a_002,2026-09-28T09:13:52.402Z,80,OPERATING,dd942cd2-b364-4262-af12-ca1a5012528b
tokyo_disneysea,tds_fs_a_003,2026-09-28T09:12:51.898Z,50,OPERATING,e8c15bc6-aaab-44ef-8285-1d92ebd2c47d
tokyo_disneysea,tds_aw_a_004,2026-09-28T09:13:52.394Z,25,OPERATING,2daf12ac-21fd-4bfd-bbf6-0c98bed03e8f
tokyo_disneysea,tds_ac_a_001,2026-09-28T09:10:52.080Z,20,OPERATING,76aed95a-dce8-4d03-8c2a-8ad69b3d0d4a
tokyo_disneysea,tds_pd_a_003,2026-09-28T09:10:52.070Z,25,OPERATING,c8744918-42c0-427d-8947-c3dbd1abf8d5
tokyo_disneysea,tds_mh_a_003,2026-09-28T09:12:51.863Z,160,OPERATING,3407ebac-c575-4c31-b794-1d271014d303
tokyo_disneysea,tds_aw_a_003,2026-09-28T09:13:52.380Z,120,OPERATING,abb5d6ec-469e-4ab0-8685-5f04e9749653
tokyo_disneysea,tds_mi_a_002,2026-09-28T09:13:52.387Z,140,OPERATING,c8526be3-e82c-4692-ae44-e8f2d1142c8a
tokyo_disneysea,tds_fs_a_002,2026-09-28T09:12:51.891Z,40,OPERATING,10b5b89e-02a6-4456-9ddd-69e06c2bded4
tokyo_disneysea,tds_fs_a_001,2026-09-28T09:12:51.884Z,120,OPERATING,9fb0c97c-ebf7-4c25-8ea7-a3f4fe2aa9ec
tokyo_disneysea,tds_lrd_a_002,2026-09-28T09:20:00.682Z,80,OPERATING,dd942cd2-b364-4262-af12-ca1a5012528b
tokyo_disneysea,tds_fs_a_003,2026-09-28T09:20:00.716Z,40,OPERATING,e8c15bc6-aaab-44ef-8285-1d92ebd2c47d
tokyo_disneysea,tds_ac_a_001,2026-09-28T09:16:58.734Z,30,OPERATING,76aed95a-dce8-4d03-8c2a-8ad69b3d0d4a
tokyo_disneysea,tds_aw_a_001,2026-09-28T09:16:58.741Z,20,OPERATING,71943126-e4ac-49c5-ac61-ac1687ad33af
tokyo_disneysea,tds_mh_a_003,2026-09-28T09:20:00.605Z,160,OPERATING,3407ebac-c575-4c31-b794-1d271014d303
tokyo_disneysea,tds_mi_a_002,2026-09-28T09:20:00.620Z,140,OPERATING,c8526be3-e82c-4692-ae44-e8f2d1142c8a
tokyo_disneysea,tds_fs_a_002,2026-09-28T09:20:00.705Z,40,OPERATING,10b5b89e-02a6-4456-9ddd-69e06c2bded4
tokyo_disneysea,tds_ml_a_005,2026-09-28T09:20:00.647Z,25,OPERATING,f37d7fe8-169f-459d-86f3-4843655358bd
tokyo_disneysea,tds_fs_a_001,2026-09-28T09:20:00.693Z,120,OPERATING,9fb0c97c-ebf7-4c25-8ea7-a3f4fe2aa9ec
tokyo_disneysea,tds_ac_a_002,2026-09-28T09:22:08.598Z,15,OPERATING,abbf5b3e-94e5-420a-8257-34594cd9d590
tokyo_disneysea,tds_ml_a_003,2026-09-28T09:22:08.618Z,15,OPERATING,58815e8e-7c01-4a42-8a00-1bd1c82a0252
tokyo_disneysea,tds_pd_a_003,2026-09-28T09:22:08.607Z,20,OPERATING,c8744918-42c0-427d-8947-c3dbd1abf8d5
tokyo_disneysea,tds_fs_a_001,2026-09-28T09:22:55.694Z,140,OPERATING,9fb0c97c-ebf7-4c25-8ea7-a3f4fe2aa9ec
tokyo_disneysea,tds_ml_a_004,2026-09-28T09:29:14.637Z,20,OPERATING,2d56558a-d4d2-4f79-898c-178c2c20cf67
tokyo_disneysea,tds_lrd_a_002,2026-09-28T09:27:26.507Z,80,OPERATING,dd942cd2-b364-4262-af12-ca1a5012528b
tokyo_disneysea,tds_fs_a_003,2026-09-28T09:27:26.533Z,40,OPERATING,e8c15bc6-aaab-44ef-8285-1d92ebd2c47d
tokyo_disneysea,tds_aw_a_001,2026-09-28T09:29:14.646Z,20,OPERATING,71943126-e4ac-49c5-ac61-ac1687ad33af
tokyo_disneysea,tds_ac_a_003,2026-09-28T09:26:00.211Z,5,OPERATING,63ef07eb-9bfb-4782-885e-cfd08ced82f0
tokyo_disneysea,tds_pd_a_003,2026-09-28T09:29:14.607Z,25,OPERATING,c8744918-42c0-427d-8947-c3dbd1abf8d5
tokyo_disneysea,tds_mh_a_003,2026-09-28T09:29:14.591Z,140,OPERATING,3407ebac-c575-4c31-b794-1d271014d303
tokyo_disneysea,tds_aw_a_003,2026-09-28T09:27:26.476Z,120,OPERATING,abb5d6ec-469e-4ab0-8685-5f04e9749653
tokyo_disneysea,tds_mi_a_002,2026-09-28T09:27:26.499Z,120,OPERATING,c8526be3-e82c-4692-ae44-e8f2d1142c8a
tokyo_disneysea,tds_fs_a_002,2026-09-28T09:27:26.524Z,40,OPERATING,10b5b89e-02a6-4456-9ddd-69e06c2bded4
tokyo_disneysea,tds_fs_a_001,2026-09-28T09:27:26.516Z,140,OPERATING,9fb0c97c-ebf7-4c25-8ea7-a3f4fe2aa9ec
tokyo_disneysea,tds_lrd_a_002,2026-09-28T09:32:28.899Z,80,OPERATING,dd942cd2-b364-4262-af12-ca1a5012528b
tokyo_disneysea,tds_fs_a_003,2026-09-28T09:32:29.011Z,40,OPERATING,e8c15bc6-aaab-44ef-8285-1d92ebd2c47d
tokyo_disneysea,tds_mh_a_003,2026-09-28T09:32:28.880Z,140,OPERATING,3407ebac-c575-4c31-b794-1d271014d303
tokyo_disneysea,tds_aw_a_003,2026-09-28T09:32:28.868Z,120,OPERATING,abb5d6ec-469e-4ab0-8685-5f04e9749653
tokyo_disneysea,tds_mi_a_002,2026-09-28T09:32:28.890Z,120,OPERATING,c8526be3-e82c-4692-ae44-e8f2d1142c8a
tokyo_disneysea,tds_fs_a_002,2026-09-28T09:32:28.999Z,40,OPERATING,10b5b89e-02a6-4456-9ddd-69e06c2bded4
tokyo_disneysea,tds_fs_a_001,2026-09-28T09:32:28.989Z,140,OPERATING,9fb0c97c-ebf7-4c25-8ea7-a3f4fe2aa9ec
tokyo_disneysea,tds_lrd_a_002,2026-09-28T09:38:33.321Z,70,OPERATING,dd942cd2-b364-4262-af12-ca1a5012528b
tokyo_disneysea,tds_fs_a_003,2026-09-28T09:38:33.337Z,30,OPERATING,e8c15bc6-aaab-44ef-8285-1d92ebd2c47d
tokyo_disneysea,tds_ac_a_001,2026-09-28T09:38:33.300Z,25,OPERATING,76aed95a-dce8-4d03-8c2a-8ad69b3d0d4a
tokyo_disneysea,tds_fs_a_002,2026-09-28T09:37:23.619Z,30,OPERATING,10b5b89e-02a6-4456-9ddd-69e06c2bded4
tokyo_disneysea,tds_ml_a_007,2026-09-28T09:35:25.061Z,15,OPERATING,7594d3f2-b3d1-47a0-b64f-8bc01d373830
tokyo_disneysea,tds_fs_a_004,2026-09-28T09:38:33.352Z,30,OPERATING,c0224e78-abf6-4f89-b0d4-38647a98dd4d
tokyo_disneysea,tds_pd_a_002,2026-09-28T09:35:25.071Z,15,OPERATING,179e4e82-26ed-4b04-bf21-f03808b61df4
tokyo_disneysea,tds_lrd_a_002,2026-09-28T09:44:09.662Z,50,OPERATING,dd942cd2-b364-4262-af12-ca1a5012528b
tokyo_disneysea,tds_fs_a_003,2026-09-28T09:44:09.689Z,40,OPERATING,e8c15bc6-aaab-44ef-8285-1d92ebd2c47d
tokyo_disneysea,tds_aw_a_004,2026-09-28T09:41:09.103Z,20,OPERATING,2daf12ac-21fd-4bfd-bbf6-0c98bed03e8f
tokyo_disneysea,tds_ac_a_002,2026-09-28T09:44:09.642Z,20,OPERATING,abbf5b3e-94e5-420a-8257-34594cd9d590
tokyo_disneysea,tds_aw_a_001,2026-09-28T09:41:09.125Z,15,OPERATING,71943126-e4ac-49c5-ac61-ac1687ad33af
tokyo_disneysea,tds_mh_a_003,2026-09-28T09:44:09.633Z,120,OPERATING,3407ebac-c575-4c31-b794-1d271014d303
tokyo_disneysea,tds_aw_a_003,2026-09-28T09:44:09.624Z,120,OPERATING,abb5d6ec-469e-4ab0-8685-5f04e9749653
tokyo_disneysea,tds_mi_a_002,2026-09-28T09:44:09.652Z,120,OPERATING,c8526be3-e82c-4692-ae44-e8f2d1142c8a
tokyo_disneysea,tds_fs_a_002,2026-09-28T09:44:09.680Z,30,OPERATING,10b5b89e-02a6-4456-9ddd-69e06c2bded4
tokyo_disneysea,tds_fs_a_001,2026-09-28T09:44:09.671Z,140,OPERATING,9fb0c97c-ebf7-4c25-8ea7-a3f4fe2aa9ec
tokyo_disneysea,tds_ml_a_002,2026-09-28T09:41:09.110Z,20,OPERATING,c6c0d34d-531a-40d9-b711-3497fd53c28b
tokyo_disneysea,tds_lrd_a_002,2026-09-28T09:50:12.992Z,60,OPERATING,dd942cd2-b364-4262-af12-ca1a5012528b
tokyo_disneysea,tds_fs_a_003,2026-09-28T09:50:13.004Z,30,OPERATING,e8c15bc6-aaab-44ef-8285-1d92ebd2c47d
tokyo_disneysea,tds_aw_a_001,2026-09-28T09:47:19.474Z,20,OPERATING,71943126-e4ac-49c5-ac61-ac1687ad33af
tokyo_disneysea,tds_pd_a_003,2026-09-28T09:46:54.460Z,20,OPERATING,c8744918-42c0-427d-8947-c3dbd1abf8d5
tokyo_disneysea,tds_mi_a_001,2026-09-28T09:49:25.760Z,10,OPERATING,c15da0f5-9668-48ee-b93a-8b737b6acf5b
tokyo_disneysea,tds_ml_a_002,2026-09-28T09:46:54.478Z,15,OPERATING,c6c0d34d-531a-40d9-b711-3497fd53c28b
tokyo_disneysea,tds_lrd_a_002,2026-09-28T09:53:02.318Z,60,OPERATING,dd942cd2-b364-4262-af12-ca1a5012528b
tokyo_disneysea,tds_fs_a_003,2026-09-28T09:53:02.394Z,30,OPERATING,e8c15bc6-aaab-44ef-8285-1d92ebd2c47d
tokyo_disneysea,tds_mh_a_003,2026-09-28T09:53:02.287Z,120,OPERATING,3407ebac-c575-4c31-b794-1d271014d303
tokyo_disneysea,tds_aw_a_003,2026-09-28T09:53:02.258Z,120,OPERATING,abb5d6ec-469e-4ab0-8685-5f04e9749653
tokyo_disneysea,tds_mi_a_002,2026-09-28T09:53:02.299Z,120,OPERATING,c8526be3-e82c-4692-ae44-e8f2d1142c8a
tokyo_disneysea,tds_fs_a_002,2026-09-28T09:53:02.366Z,30,OPERATING,10b5b89e-02a6-4456-9ddd-69e06c2bded4
tokyo_disneysea,tds_fs_a_001,2026-09-28T09:53:02.340Z,140,OPERATING,9fb0c97c-ebf7-4c25-8ea7-a3f4fe2aa9ec
tokyo_disneysea,tds_lrd_a_002,2026-09-28T09:56:27.178Z,60,OPERATING,dd942cd2-b364-4262-af12-ca1a5012528b
tokyo_disneysea,tds_fs_a_003,2026-09-28T09:56:27.204Z,30,OPERATING,e8c15bc6-aaab-44ef-8285-1d92ebd2c47d
tokyo_disneysea,tds_mh_a_003,2026-09-28T09:56:27.159Z,120,OPERATING,3407ebac-c575-4c31-b794-1d271014d303
tokyo_disneysea,tds_aw_a_003,2026-09-28T09:56:27.151Z,120,OPERATING,abb5d6ec-469e-4ab0-8685-5f04e9749653
tokyo_disneysea,tds_mi_a_002,2026-09-28T09:56:27.169Z,120,OPERATING,c8526be3-e82c-4692-ae44-e8f2d1142c8a
tokyo_disneysea,tds_fs_a_002,2026-09-28T09:56:27.196Z,30,OPERATING,10b5b89e-02a6-4456-9ddd-69e06c2bded4
tokyo_disneysea,tds_fs_a_001,2026-09-28T09:56:27.187Z,140,OPERATING,9fb0c97c-ebf7-4c25-8ea7-a3f4fe2aa9ec
tokyo_disneysea,tds_lrd_a_002,2026-09-28T10:03:31.150Z,60,OPERATING,dd942cd2-b364-4262-af12-ca1a5012528b
tokyo_disneysea,tds_fs_a_003,2026-09-28T10:03:31.170Z,30,OPERATING,e8c15bc6-aaab-44ef-8285-1d92ebd2c47d
tokyo_disneysea,tds_aw_a_001,2026-09-28T10:03:28.850Z,15,OPERATING,71943126-e4ac-49c5-ac61-ac1687ad33af
tokyo_disneysea,tds_ml_a_003,2026-09-28T10:04:24.719Z,5,OPERATING,58815e8e-7c01-4a42-8a00-1bd1c82a0252
tokyo_disneysea,tds_aw_a_003,2026-09-28T10:03:31.121Z,100,OPERATING,abb5d6ec-469e-4ab0-8685-5f04e9749653
tokyo_disneysea,tds_mh_a_003,2026-09-28T10:03:31.128Z,100,OPERATING,3407ebac-c575-4c31-b794-1d271014d303
tokyo_disneysea,tds_mi_a_002,2026-09-28T10:03:31.135Z,100,OPERATING,c8526be3-e82c-4692-ae44-e8f2d1142c8a
tokyo_disneysea,tds_fs_a_002,2026-09-28T10:03:31.164Z,30,OPERATING,10b5b89e-02a6-4456-9ddd-69e06c2bded4
tokyo_disneysea,tds_fs_a_001,2026-09-28T10:03:31.157Z,120,OPERATING,9fb0c97c-ebf7-4c25-8ea7-a3f4fe2aa9ec
tokyo_disneysea,tds_lrd_a_002,2026-09-28T10:08:26.871Z,60,OPERATING,dd942cd2-b364-4262-af12-ca1a5012528b
tokyo_disneysea,tds_fs_a_003,2026-09-28T10:08:26.898Z,25,OPERATING,e8c15bc6-aaab-44ef-8285-1d92ebd2c47d
tokyo_disneysea,tds_aw_a_001,2026-09-28T10:05:24.273Z,20,OPERATING,71943126-e4ac-49c5-ac61-ac1687ad33af
tokyo_disneysea,tds_aw_a_003,2026-09-28T10:08:26.843Z,100,OPERATING,abb5d6ec-469e-4ab0-8685-5f04e9749653
tokyo_disneysea,tds_mh_a_003,2026-09-28T10:08:26.852Z,100,OPERATING,3407ebac-c575-4c31-b794-1d271014d303
tokyo_disneysea,tds_mi_a_002,2026-09-28T10:08:26.861Z,100,OPERATING,c8526be3-e82c-4692-ae44-e8f2d1142c8a
tokyo_disneysea,tds_fs_a_002,2026-09-28T10:08:26.889Z,30,OPERATING,10b5b89e-02a6-4456-9ddd-69e06c2bded4
tokyo_disneysea,tds_ml_a_005,2026-09-28T10:05:24.266Z,20,OPERATING,f37d7fe8-169f-459d-86f3-4843655358bd
tokyo_disneysea,tds_fs_a_001,2026-09-28T10:08:26.881Z,120,OPERATING,9fb0c97c-ebf7-4c25-8ea7-a3f4fe2aa9ec
tokyo_disneysea,tds_lrd_a_002,2026-09-28T10:14:33.842Z,50,OPERATING,dd942cd2-b364-4262-af12-ca1a5012528b
tokyo_disneysea,tds_fs_a_003,2026-09-28T10:14:33.865Z,25,OPERATING,e8c15bc6-aaab-44ef-8285-1d92ebd2c47d
tokyo_disneysea,tds_aw_a_004,2026-09-28T10:14:27.768Z,10,OPERATING,2daf12ac-21fd-4bfd-bbf6-0c98bed03e8f
tokyo_disneysea,tds_ac_a_001,2026-09-28T10:14:27.782Z,10,OPERATING,76aed95a-dce8-4d03-8c2a-8ad69b3d0d4a
tokyo_disneysea,tds_ac_a_002,2026-09-28T10:11:26.640Z,15,OPERATING,abbf5b3e-94e5-420a-8257-34594cd9d590
tokyo_disneysea,tds_aw_a_001,2026-09-28T10:11:26.658Z,15,OPERATING,71943126-e4ac-49c5-ac61-ac1687ad33af
tokyo_disneysea,tds_aw_a_003,2026-09-28T10:14:33.816Z,100,OPERATING,abb5d6ec-469e-4ab0-8685-5f04e9749653
tokyo_disneysea,tds_mh_a_003,2026-09-28T10:14:33.825Z,100,OPERATING,3407ebac-c575-4c31-b794-1d271014d303
tokyo_disneysea,tds_mi_a_002,2026-09-28T10:14:33.834Z,100,OPERATING,c8526be3-e82c-4692-ae44-e8f2d1142c8a
tokyo_disneysea,tds_fs_a_002,2026-09-28T10:14:33.857Z,30,OPERATING,10b5b89e-02a6-4456-9ddd-69e06c2bded4
tokyo_disneysea,tds_ml_a_005,2026-09-28T10:11:26.650Z,15,OPERATING,f37d7fe8-169f-459d-86f3-4843655358bd
tokyo_disneysea,tds_fs_a_001,2026-09-28T10:14:33.849Z,100,OPERATING,9fb0c97c-ebf7-4c25-8ea7-a3f4fe2aa9ec
tokyo_disneysea,tds_ml_a_002,2026-09-28T10:14:27.791Z,10,OPERATING,c6c0d34d-531a-40d9-b711-3497fd53c28b
tokyo_disneysea,tds_ml_a_004,2026-09-28T10:17:33.587Z,10,OPERATING,2d56558a-d4d2-4f79-898c-178c2c20cf67
tokyo_disneysea,tds_aw_a_003,2026-09-28T10:18:00.950Z,90,OPERATING,abb5d6ec-469e-4ab0-8685-5f04e9749653
tokyo_disneysea,tds_mi_a_001,2026-09-28T10:17:33.578Z,5,OPERATING,c15da0f5-9668-48ee-b93a-8b737b6acf5b
tokyo_disneysea,tds_ml_a_005,2026-09-28T10:17:33.596Z,10,OPERATING,f37d7fe8-169f-459d-86f3-4843655358bd
tokyo_disneysea,tds_lrd_a_002,2026-09-28T10:24:03.493Z,40,OPERATING,dd942cd2-b364-4262-af12-ca1a5012528b
tokyo_disneysea,tds_fs_a_003,2026-09-28T10:20:52.389Z,30,OPERATING,e8c15bc6-aaab-44ef-8285-1d92ebd2c47d
tokyo_disneysea,tds_ac_a_001,2026-09-28T10:20:31.660Z,5,OPERATING,76aed95a-dce8-4d03-8c2a-8ad69b3d0d4a
tokyo_disneysea,tds_aw_a_001,2026-09-28T10:23:52.646Z,20,OPERATING,71943126-e4ac-49c5-ac61-ac1687ad33af
tokyo_disneysea,tds_mh_a_003,2026-09-28T10:20:52.341Z,100,OPERATING,3407ebac-c575-4c31-b794-1d271014d303
tokyo_disneysea,tds_aw_a_003,2026-09-28T10:20:52.331Z,90,OPERATING,abb5d6ec-469e-4ab0-8685-5f04e9749653
tokyo_disneysea,tds_mi_a_002,2026-09-28T10:20:52.349Z,100,OPERATING,c8526be3-e82c-4692-ae44-e8f2d1142c8a
tokyo_disneysea,tds_fs_a_002,2026-09-28T10:24:03.567Z,25,OPERATING,10b5b89e-02a6-4456-9ddd-69e06c2bded4
tokyo_disneysea,tds_ml_a_005,2026-09-28T10:23:52.632Z,15,OPERATING,f37d7fe8-169f-459d-86f3-4843655358bd
tokyo_disneysea,tds_fs_a_004,2026-09-28T10:23:52.669Z,20,OPERATING,c0224e78-abf6-4f89-b0d4-38647a98dd4d
tokyo_disneysea,tds_fs_a_001,2026-09-28T10:24:03.551Z,90,OPERATING,9fb0c97c-ebf7-4c25-8ea7-a3f4fe2aa9ec
tokyo_disneysea,tds_fs_a_003,2026-09-28T10:27:55.079Z,30,OPERATING,e8c15bc6-aaab-44ef-8285-1d92ebd2c47d
tokyo_disneysea,tds_aw_a_004,2026-09-28T10:27:55.046Z,5,OPERATING,2daf12ac-21fd-4bfd-bbf6-0c98bed03e8f
tokyo_disneysea,tds_aw_a_001,2026-09-28T10:27:55.060Z,15,OPERATING,71943126-e4ac-49c5-ac61-ac1687ad33af
tokyo_disneysea,tds_mh_a_003,2026-09-28T10:27:55.020Z,100,OPERATING,3407ebac-c575-4c31-b794-1d271014d303
tokyo_disneysea,tds_aw_a_003,2026-09-28T10:27:55.007Z,80,OPERATING,abb5d6ec-469e-4ab0-8685-5f04e9749653
tokyo_disneysea,tds_mi_a_002,2026-09-28T10:27:55.032Z,90,OPERATING,c8526be3-e82c-4692-ae44-e8f2d1142c8a
tokyo_disneysea,tds_fs_a_001,2026-09-28T10:29:54.338Z,80,OPERATING,9fb0c97c-ebf7-4c25-8ea7-a3f4fe2aa9ec
tokyo_disneysea,tds_lrd_a_002,2026-09-28T10:33:01.935Z,40,OPERATING,dd942cd2-b364-4262-af12-ca1a5012528b
tokyo_disneysea,tds_fs_a_003,2026-09-28T10:33:06.807Z,25,OPERATING,e8c15bc6-aaab-44ef-8285-1d92ebd2c47d
tokyo_disneysea,tds_mh_a_003,2026-09-28T10:33:01.895Z,100,OPERATING,3407ebac-c575-4c31-b794-1d271014d303
tokyo_disneysea,tds_aw_a_003,2026-09-28T10:33:01.881Z,80,OPERATING,abb5d6ec-469e-4ab0-8685-5f04e9749653
tokyo_disneysea,tds_mi_a_002,2026-09-28T10:33:01.910Z,90,OPERATING,c8526be3-e82c-4692-ae44-e8f2d1142c8a
tokyo_disneysea,tds_fs_a_002,2026-09-28T10:33:01.947Z,25,OPERATING,10b5b89e-02a6-4456-9ddd-69e06c2bded4
tokyo_disneysea,tds_ml_a_002,2026-09-28T10:33:01.922Z,15,OPERATING,c6c0d34d-531a-40d9-b711-3497fd53c28b
tokyo_disneysea,tds_ml_a_004,2026-09-28T10:39:51.910Z,5,OPERATING,2d56558a-d4d2-4f79-898c-178c2c20cf67
tokyo_disneysea,tds_lrd_a_002,2026-09-28T10:39:51.924Z,40,OPERATING,dd942cd2-b364-4262-af12-ca1a5012528b
tokyo_disneysea,tds_fs_a_003,2026-09-28T10:39:51.945Z,20,OPERATING,e8c15bc6-aaab-44ef-8285-1d92ebd2c47d
tokyo_disneysea,tds_mh_a_003,2026-09-28T10:39:51.897Z,100,OPERATING,3407ebac-c575-4c31-b794-1d271014d303
tokyo_disneysea,tds_aw_a_003,2026-09-28T10:39:51.890Z,70,OPERATING,abb5d6ec-469e-4ab0-8685-5f04e9749653
tokyo_disneysea,tds_mi_a_002,2026-09-28T10:39:51.903Z,80,OPERATING,c8526be3-e82c-4692-ae44-e8f2d1142c8a
tokyo_disneysea,tds_fs_a_002,2026-09-28T10:39:51.939Z,25,OPERATING,10b5b89e-02a6-4456-9ddd-69e06c2bded4
tokyo_disneysea,tds_ml_a_007,2026-09-28T10:39:51.917Z,5,OPERATING,7594d3f2-b3d1-47a0-b64f-8bc01d373830
tokyo_disneysea,tds_fs_a_001,2026-09-28T10:39:51.931Z,70,OPERATING,9fb0c97c-ebf7-4c25-8ea7-a3f4fe2aa9ec
tokyo_disneysea,tds_ml_a_002,2026-09-28T10:35:57.388Z,10,OPERATING,c6c0d34d-531a-40d9-b711-3497fd53c28b
tokyo_disneysea,tds_lrd_a_002,2026-09-28T10:45:15.058Z,30,OPERATING,dd942cd2-b364-4262-af12-ca1a5012528b
tokyo_disneysea,tds_fs_a_003,2026-09-28T10:41:59.570Z,20,OPERATING,e8c15bc6-aaab-44ef-8285-1d92ebd2c47d
tokyo_disneysea,tds_aw_a_001,2026-09-28T10:45:15.067Z,15,OPERATING,71943126-e4ac-49c5-ac61-ac1687ad33af
tokyo_disneysea,tds_aw_a_003,2026-09-28T10:45:15.040Z,70,OPERATING,abb5d6ec-469e-4ab0-8685-5f04e9749653
tokyo_disneysea,tds_mh_a_003,2026-09-28T10:45:15.049Z,90,OPERATING,3407ebac-c575-4c31-b794-1d271014d303
tokyo_disneysea,tds_mi_a_002,2026-09-28T10:41:59.547Z,80,OPERATING,c8526be3-e82c-4692-ae44-e8f2d1142c8a
tokyo_disneysea,tds_fs_a_002,2026-09-28T10:45:15.075Z,20,OPERATING,10b5b89e-02a6-4456-9ddd-69e06c2bded4
tokyo_disneysea,tds_ml_a_005,2026-09-28T10:43:50.238Z,10,OPERATING,f37d7fe8-169f-459d-86f3-4843655358bd
tokyo_disneysea,tds_fs_a_001,2026-09-28T10:41:59.563Z,70,OPERATING,9fb0c97c-ebf7-4c25-8ea7-a3f4fe2aa9ec
tokyo_disneysea,tds_ac_a_002,2026-09-28T10:48:18.728Z,5,OPERATING,abbf5b3e-94e5-420a-8257-34594cd9d590
tokyo_disneysea,tds_fs_a_004,2026-09-28T10:48:18.756Z,20,OPERATING,c0224e78-abf6-4f89-b0d4-38647a98dd4d
tokyo_disneysea,tds_fs_a_001,2026-09-28T10:48:43.621Z,60,OPERATING,9fb0c97c-ebf7-4c25-8ea7-a3f4fe2aa9ec
tokyo_disneysea,tds_lrd_a_002,2026-09-28T10:54:47.644Z,30,OPERATING,dd942cd2-b364-4262-af12-ca1a5012528b
tokyo_disneysea,tds_fs_a_003,2026-09-28T10:52:18.560Z,20,OPERATING,e8c15bc6-aaab-44ef-8285-1d92ebd2c47d
tokyo_disneysea,tds_aw_a_001,2026-09-28T10:54:30.516Z,20,OPERATING,71943126-e4ac-49c5-ac61-ac1687ad33af
tokyo_disneysea,tds_pd_a_003,2026-09-28T10:51:20.401Z,15,OPERATING,c8744918-42c0-427d-8947-c3dbd1abf8d5
tokyo_disneysea,tds_mh_a_003,2026-09-28T10:54:47.634Z,80,OPERATING,3407ebac-c575-4c31-b794-1d271014d303
tokyo_disneysea,tds_aw_a_003,2026-09-28T10:52:18.522Z,70,OPERATING,abb5d6ec-469e-4ab0-8685-5f04e9749653
tokyo_disneysea,tds_fs_a_002,2026-09-28T10:52:18.551Z,20,OPERATING,10b5b89e-02a6-4456-9ddd-69e06c2bded4
tokyo_disneysea,tds_ml_a_002,2026-09-28T10:54:30.498Z,5,OPERATING,c6c0d34d-531a-40d9-b711-3497fd53c28b
