parkId,sourceEntityId,facilityId,name,entityType,observedAt,status,state,returnStart,returnEnd
tokyo_disneyland,4ed6a812-df04-4aa8-acb9-c6b164dbb706,tdl_tomorrowland_monsters_inc_ride_and_go_seek,"Monsters, Inc. Ride & Go Seek!",ATTRACTION,2026-10-03T22:59:58.978Z,CLOSED,AVAILABLE,,
tokyo_disneyland,8fce6b54-e3e4-40bb-a574-93c8327c3fab,,Haunted Mansion “Holiday Nightmare”,ATTRACTION,2026-10-03T21:33:18.272Z,CLOSED,AVAILABLE,,
tokyo_disneyland,a88464b5-2cf5-4ef1-b38f-96e07b233bf2,tdl_fantasyland_poohs_hunny_hunt,Pooh's Hunny Hunt,ATTRACTION,2026-10-03T22:59:58.970Z,CLOSED,AVAILABLE,,
tokyo_disneyland,ca00a0e8-f069-4d0a-9d5e-10cb63010956,tdl_tomorrowland_baymax_happy_ride,The Happy Ride with Baymax,ATTRACTION,2026-10-03T22:59:58.986Z,CLOSED,AVAILABLE,,
tokyo_disneyland,dfe25d8e-e234-4020-a261-30c6825d0680,tdl_critter_country_splash_mountain,Splash Mountain,ATTRACTION,2026-10-03T22:59:58.961Z,CLOSED,AVAILABLE,,
tokyo_disneyland,e3577b4a-f1d9-4ec5-aacf-b99977ea88c9,tdl_westernland_big_thunder_mountain,Big Thunder Mountain,ATTRACTION,2026-10-03T22:59:58.951Z,CLOSED,AVAILABLE,,
tokyo_disneyland,e76670f0-9f5f-4918-8491-9bf51e73a596,tdl_new_fantasyland_enchanted_tale_of_beauty_and_the_beast,Enchanted Tale of Beauty and the Beast,ATTRACTION,2026-10-03T22:59:58.994Z,CLOSED,AVAILABLE,,
tokyo_disneyland,4ed6a812-df04-4aa8-acb9-c6b164dbb706,tdl_tomorrowland_monsters_inc_ride_and_go_seek,"Monsters, Inc. Ride & Go Seek!",ATTRACTION,2026-10-03T23:11:59.156Z,CLOSED,AVAILABLE,,
tokyo_disneyland,a88464b5-2cf5-4ef1-b38f-96e07b233bf2,tdl_fantasyland_poohs_hunny_hunt,Pooh's Hunny Hunt,ATTRACTION,2026-10-03T23:11:59.147Z,CLOSED,AVAILABLE,,
tokyo_disneyland,ca00a0e8-f069-4d0a-9d5e-10cb63010956,tdl_tomorrowland_baymax_happy_ride,The Happy Ride with Baymax,ATTRACTION,2026-10-03T23:11:59.164Z,CLOSED,AVAILABLE,,
tokyo_disneyland,dfe25d8e-e234-4020-a261-30c6825d0680,tdl_critter_country_splash_mountain,Splash Mountain,ATTRACTION,2026-10-03T23:11:59.139Z,CLOSED,AVAILABLE,,
tokyo_disneyland,e3577b4a-f1d9-4ec5-aacf-b99977ea88c9,tdl_westernland_big_thunder_mountain,Big Thunder Mountain,ATTRACTION,2026-10-03T23:11:59.130Z,CLOSED,AVAILABLE,,
tokyo_disneyland,e76670f0-9f5f-4918-8491-9bf51e73a596,tdl_new_fantasyland_enchanted_tale_of_beauty_and_the_beast,Enchanted Tale of Beauty and the Beast,ATTRACTION,2026-10-03T23:11:59.173Z,CLOSED,AVAILABLE,,
tokyo_disneyland,4ed6a812-df04-4aa8-acb9-c6b164dbb706,tdl_tomorrowland_monsters_inc_ride_and_go_seek,"Monsters, Inc. Ride & Go Seek!",ATTRACTION,2026-10-03T23:25:02.590Z,CLOSED,AVAILABLE,,
tokyo_disneyland,a88464b5-2cf5-4ef1-b38f-96e07b233bf2,tdl_fantasyland_poohs_hunny_hunt,Pooh's Hunny Hunt,ATTRACTION,2026-10-03T23:25:02.581Z,CLOSED,AVAILABLE,,
tokyo_disneyland,ca00a0e8-f069-4d0a-9d5e-10cb63010956,tdl_tomorrowland_baymax_happy_ride,The Happy Ride with Baymax,ATTRACTION,2026-10-03T23:25:02.638Z,CLOSED,AVAILABLE,,
tokyo_disneyland,dfe25d8e-e234-4020-a261-30c6825d0680,tdl_critter_country_splash_mountain,Splash Mountain,ATTRACTION,2026-10-03T23:25:02.572Z,CLOSED,AVAILABLE,,
tokyo_disneyland,e3577b4a-f1d9-4ec5-aacf-b99977ea88c9,tdl_westernland_big_thunder_mountain,Big Thunder Mountain,ATTRACTION,2026-10-03T23:25:02.561Z,CLOSED,AVAILABLE,,
tokyo_disneyland,e76670f0-9f5f-4918-8491-9bf51e73a596,tdl_new_fantasyland_enchanted_tale_of_beauty_and_the_beast,Enchanted Tale of Beauty and the Beast,ATTRACTION,2026-10-03T23:25:02.666Z,CLOSED,AVAILABLE,,
tokyo_disneyland,4ed6a812-df04-4aa8-acb9-c6b164dbb706,tdl_tomorrowland_monsters_inc_ride_and_go_seek,"Monsters, Inc. Ride & Go Seek!",ATTRACTION,2026-10-03T23:37:32.153Z,CLOSED,AVAILABLE,,
tokyo_disneyland,a88464b5-2cf5-4ef1-b38f-96e07b233bf2,tdl_fantasyland_poohs_hunny_hunt,Pooh's Hunny Hunt,ATTRACTION,2026-10-03T23:37:32.145Z,CLOSED,AVAILABLE,,
tokyo_disneyland,ca00a0e8-f069-4d0a-9d5e-10cb63010956,tdl_tomorrowland_baymax_happy_ride,The Happy Ride with Baymax,ATTRACTION,2026-10-03T23:37:32.162Z,CLOSED,AVAILABLE,,
tokyo_disneyland,dfe25d8e-e234-4020-a261-30c6825d0680,tdl_critter_country_splash_mountain,Splash Mountain,ATTRACTION,2026-10-03T23:37:32.137Z,CLOSED,AVAILABLE,,
tokyo_disneyland,e3577b4a-f1d9-4ec5-aacf-b99977ea88c9,tdl_westernland_big_thunder_mountain,Big Thunder Mountain,ATTRACTION,2026-10-03T23:37:32.129Z,CLOSED,AVAILABLE,,
tokyo_disneyland,e76670f0-9f5f-4918-8491-9bf51e73a596,tdl_new_fantasyland_enchanted_tale_of_beauty_and_the_beast,Enchanted Tale of Beauty and the Beast,ATTRACTION,2026-10-03T23:37:32.169Z,CLOSED,AVAILABLE,,
tokyo_disneyland,4ed6a812-df04-4aa8-acb9-c6b164dbb706,tdl_tomorrowland_monsters_inc_ride_and_go_seek,"Monsters, Inc. Ride & Go Seek!",ATTRACTION,2026-10-03T23:46:10.504Z,CLOSED,AVAILABLE,,
tokyo_disneyland,a88464b5-2cf5-4ef1-b38f-96e07b233bf2,tdl_fantasyland_poohs_hunny_hunt,Pooh's Hunny Hunt,ATTRACTION,2026-10-03T23:46:10.493Z,CLOSED,AVAILABLE,,
tokyo_disneyland,ca00a0e8-f069-4d0a-9d5e-10cb63010956,tdl_tomorrowland_baymax_happy_ride,The Happy Ride with Baymax,ATTRACTION,2026-10-03T23:46:10.514Z,CLOSED,AVAILABLE,,
tokyo_disneyland,dfe25d8e-e234-4020-a261-30c6825d0680,tdl_critter_country_splash_mountain,Splash Mountain,ATTRACTION,2026-10-03T23:46:10.483Z,CLOSED,AVAILABLE,,
tokyo_disneyland,e3577b4a-f1d9-4ec5-aacf-b99977ea88c9,tdl_westernland_big_thunder_mountain,Big Thunder Mountain,ATTRACTION,2026-10-03T23:46:10.473Z,CLOSED,AVAILABLE,,
tokyo_disneyland,e76670f0-9f5f-4918-8491-9bf51e73a596,tdl_new_fantasyland_enchanted_tale_of_beauty_and_the_beast,Enchanted Tale of Beauty and the Beast,ATTRACTION,2026-10-03T23:46:10.526Z,CLOSED,AVAILABLE,,
tokyo_disneyland,4ed6a812-df04-4aa8-acb9-c6b164dbb706,tdl_tomorrowland_monsters_inc_ride_and_go_seek,"Monsters, Inc. Ride & Go Seek!",ATTRACTION,2026-10-03T23:50:21.249Z,CLOSED,AVAILABLE,,
tokyo_disneyland,a88464b5-2cf5-4ef1-b38f-96e07b233bf2,tdl_fantasyland_poohs_hunny_hunt,Pooh's Hunny Hunt,ATTRACTION,2026-10-03T23:50:21.243Z,CLOSED,AVAILABLE,,
tokyo_disneyland,ca00a0e8-f069-4d0a-9d5e-10cb63010956,tdl_tomorrowland_baymax_happy_ride,The Happy Ride with Baymax,ATTRACTION,2026-10-03T23:50:21.255Z,CLOSED,AVAILABLE,,
tokyo_disneyland,dfe25d8e-e234-4020-a261-30c6825d0680,tdl_critter_country_splash_mountain,Splash Mountain,ATTRACTION,2026-10-03T23:50:21.236Z,CLOSED,AVAILABLE,,
tokyo_disneyland,e3577b4a-f1d9-4ec5-aacf-b99977ea88c9,tdl_westernland_big_thunder_mountain,Big Thunder Mountain,ATTRACTION,2026-10-03T23:50:21.229Z,CLOSED,AVAILABLE,,
tokyo_disneyland,e76670f0-9f5f-4918-8491-9bf51e73a596,tdl_new_fantasyland_enchanted_tale_of_beauty_and_the_beast,Enchanted Tale of Beauty and the Beast,ATTRACTION,2026-10-03T23:50:21.261Z,CLOSED,AVAILABLE,,
tokyo_disneyland,a88464b5-2cf5-4ef1-b38f-96e07b233bf2,tdl_fantasyland_poohs_hunny_hunt,Pooh's Hunny Hunt,ATTRACTION,2026-10-04T00:00:12.990Z,OPERATING,AVAILABLE,,
tokyo_disneyland,ca00a0e8-f069-4d0a-9d5e-10cb63010956,tdl_tomorrowland_baymax_happy_ride,The Happy Ride with Baymax,ATTRACTION,2026-10-04T00:00:13.011Z,OPERATING,AVAILABLE,,
tokyo_disneyland,dfe25d8e-e234-4020-a261-30c6825d0680,tdl_critter_country_splash_mountain,Splash Mountain,ATTRACTION,2026-10-04T00:00:12.979Z,OPERATING,AVAILABLE,,
tokyo_disneyland,e3577b4a-f1d9-4ec5-aacf-b99977ea88c9,tdl_westernland_big_thunder_mountain,Big Thunder Mountain,ATTRACTION,2026-10-04T00:00:12.932Z,OPERATING,AVAILABLE,,
tokyo_disneyland,e76670f0-9f5f-4918-8491-9bf51e73a596,tdl_new_fantasyland_enchanted_tale_of_beauty_and_the_beast,Enchanted Tale of Beauty and the Beast,ATTRACTION,2026-10-04T00:00:13.021Z,OPERATING,AVAILABLE,,
tokyo_disneyland,4ed6a812-df04-4aa8-acb9-c6b164dbb706,tdl_tomorrowland_monsters_inc_ride_and_go_seek,"Monsters, Inc. Ride & Go Seek!",ATTRACTION,2026-10-04T00:03:04.766Z,OPERATING,AVAILABLE,,
tokyo_disneyland,8fce6b54-e3e4-40bb-a574-93c8327c3fab,,Haunted Mansion “Holiday Nightmare”,ATTRACTION,2026-10-04T00:02:21.169Z,OPERATING,AVAILABLE,,
tokyo_disneyland,a88464b5-2cf5-4ef1-b38f-96e07b233bf2,tdl_fantasyland_poohs_hunny_hunt,Pooh's Hunny Hunt,ATTRACTION,2026-10-04T00:03:04.757Z,OPERATING,AVAILABLE,,
tokyo_disneyland,ca00a0e8-f069-4d0a-9d5e-10cb63010956,tdl_tomorrowland_baymax_happy_ride,The Happy Ride with Baymax,ATTRACTION,2026-10-04T00:03:04.777Z,OPERATING,AVAILABLE,,
tokyo_disneyland,dfe25d8e-e234-4020-a261-30c6825d0680,tdl_critter_country_splash_mountain,Splash Mountain,ATTRACTION,2026-10-04T00:03:04.746Z,OPERATING,AVAILABLE,,
tokyo_disneyland,e3577b4a-f1d9-4ec5-aacf-b99977ea88c9,tdl_westernland_big_thunder_mountain,Big Thunder Mountain,ATTRACTION,2026-10-04T00:03:04.733Z,OPERATING,AVAILABLE,,
tokyo_disneyland,e76670f0-9f5f-4918-8491-9bf51e73a596,tdl_new_fantasyland_enchanted_tale_of_beauty_and_the_beast,Enchanted Tale of Beauty and the Beast,ATTRACTION,2026-10-04T00:03:04.785Z,OPERATING,AVAILABLE,,
tokyo_disneyland,8fce6b54-e3e4-40bb-a574-93c8327c3fab,,Haunted Mansion “Holiday Nightmare”,ATTRACTION,2026-10-04T00:05:23.912Z,OPERATING,AVAILABLE,,
tokyo_disneyland,a88464b5-2cf5-4ef1-b38f-96e07b233bf2,tdl_fantasyland_poohs_hunny_hunt,Pooh's Hunny Hunt,ATTRACTION,2026-10-04T00:05:53.732Z,OPERATING,AVAILABLE,,
tokyo_disneyland,ca00a0e8-f069-4d0a-9d5e-10cb63010956,tdl_tomorrowland_baymax_happy_ride,The Happy Ride with Baymax,ATTRACTION,2026-10-04T00:05:53.741Z,OPERATING,AVAILABLE,,
tokyo_disneyland,dfe25d8e-e234-4020-a261-30c6825d0680,tdl_critter_country_splash_mountain,Splash Mountain,ATTRACTION,2026-10-04T00:05:53.724Z,OPERATING,AVAILABLE,,
tokyo_disneyland,e3577b4a-f1d9-4ec5-aacf-b99977ea88c9,tdl_westernland_big_thunder_mountain,Big Thunder Mountain,ATTRACTION,2026-10-04T00:09:00.083Z,OPERATING,AVAILABLE,,
tokyo_disneyland,e76670f0-9f5f-4918-8491-9bf51e73a596,tdl_new_fantasyland_enchanted_tale_of_beauty_and_the_beast,Enchanted Tale of Beauty and the Beast,ATTRACTION,2026-10-04T00:05:53.749Z,OPERATING,AVAILABLE,,
tokyo_disneyland,4ed6a812-df04-4aa8-acb9-c6b164dbb706,tdl_tomorrowland_monsters_inc_ride_and_go_seek,"Monsters, Inc. Ride & Go Seek!",ATTRACTION,2026-10-04T00:12:15.729Z,OPERATING,AVAILABLE,,
tokyo_disneyland,8fce6b54-e3e4-40bb-a574-93c8327c3fab,,Haunted Mansion “Holiday Nightmare”,ATTRACTION,2026-10-04T00:12:13.835Z,OPERATING,AVAILABLE,,
tokyo_disneyland,ca00a0e8-f069-4d0a-9d5e-10cb63010956,tdl_tomorrowland_baymax_happy_ride,The Happy Ride with Baymax,ATTRACTION,2026-10-04T00:12:15.739Z,OPERATING,AVAILABLE,,
tokyo_disneyland,dfe25d8e-e234-4020-a261-30c6825d0680,tdl_critter_country_splash_mountain,Splash Mountain,ATTRACTION,2026-10-04T00:12:15.720Z,OPERATING,AVAILABLE,,
tokyo_disneyland,e3577b4a-f1d9-4ec5-aacf-b99977ea88c9,tdl_westernland_big_thunder_mountain,Big Thunder Mountain,ATTRACTION,2026-10-04T00:12:15.709Z,OPERATING,AVAILABLE,,
tokyo_disneyland,e76670f0-9f5f-4918-8491-9bf51e73a596,tdl_new_fantasyland_enchanted_tale_of_beauty_and_the_beast,Enchanted Tale of Beauty and the Beast,ATTRACTION,2026-10-04T00:12:15.748Z,OPERATING,AVAILABLE,,
tokyo_disneyland,4ed6a812-df04-4aa8-acb9-c6b164dbb706,tdl_tomorrowland_monsters_inc_ride_and_go_seek,"Monsters, Inc. Ride & Go Seek!",ATTRACTION,2026-10-04T00:18:17.637Z,OPERATING,AVAILABLE,,
tokyo_disneyland,8fce6b54-e3e4-40bb-a574-93c8327c3fab,,Haunted Mansion “Holiday Nightmare”,ATTRACTION,2026-10-04T00:16:07.581Z,OPERATING,AVAILABLE,,
tokyo_disneyland,a88464b5-2cf5-4ef1-b38f-96e07b233bf2,tdl_fantasyland_poohs_hunny_hunt,Pooh's Hunny Hunt,ATTRACTION,2026-10-04T00:16:07.589Z,OPERATING,AVAILABLE,,
tokyo_disneyland,ca00a0e8-f069-4d0a-9d5e-10cb63010956,tdl_tomorrowland_baymax_happy_ride,The Happy Ride with Baymax,ATTRACTION,2026-10-04T00:16:07.601Z,OPERATING,AVAILABLE,,
tokyo_disneyland,dfe25d8e-e234-4020-a261-30c6825d0680,tdl_critter_country_splash_mountain,Splash Mountain,ATTRACTION,2026-10-04T00:16:07.575Z,OPERATING,AVAILABLE,,
tokyo_disneyland,e3577b4a-f1d9-4ec5-aacf-b99977ea88c9,tdl_westernland_big_thunder_mountain,Big Thunder Mountain,ATTRACTION,2026-10-04T00:18:27.160Z,OPERATING,AVAILABLE,,
tokyo_disneyland,e76670f0-9f5f-4918-8491-9bf51e73a596,tdl_new_fantasyland_enchanted_tale_of_beauty_and_the_beast,Enchanted Tale of Beauty and the Beast,ATTRACTION,2026-10-04T00:16:07.609Z,OPERATING,AVAILABLE,,
tokyo_disneyland,8fce6b54-e3e4-40bb-a574-93c8327c3fab,,Haunted Mansion “Holiday Nightmare”,ATTRACTION,2026-10-04T00:21:41.697Z,OPERATING,AVAILABLE,,
tokyo_disneyland,a88464b5-2cf5-4ef1-b38f-96e07b233bf2,tdl_fantasyland_poohs_hunny_hunt,Pooh's Hunny Hunt,ATTRACTION,2026-10-04T00:24:27.897Z,OPERATING,AVAILABLE,,
tokyo_disneyland,ca00a0e8-f069-4d0a-9d5e-10cb63010956,tdl_tomorrowland_baymax_happy_ride,The Happy Ride with Baymax,ATTRACTION,2026-10-04T00:24:27.906Z,OPERATING,AVAILABLE,,
tokyo_disneyland,dfe25d8e-e234-4020-a261-30c6825d0680,tdl_critter_country_splash_mountain,Splash Mountain,ATTRACTION,2026-10-04T00:21:47.478Z,OPERATING,AVAILABLE,,
tokyo_disneyland,4ed6a812-df04-4aa8-acb9-c6b164dbb706,tdl_tomorrowland_monsters_inc_ride_and_go_seek,"Monsters, Inc. Ride & Go Seek!",ATTRACTION,2026-10-04T00:28:28.997Z,OPERATING,AVAILABLE,,
tokyo_disneyland,a88464b5-2cf5-4ef1-b38f-96e07b233bf2,tdl_fantasyland_poohs_hunny_hunt,Pooh's Hunny Hunt,ATTRACTION,2026-10-04T00:28:28.991Z,OPERATING,AVAILABLE,,
tokyo_disneyland,ca00a0e8-f069-4d0a-9d5e-10cb63010956,tdl_tomorrowland_baymax_happy_ride,The Happy Ride with Baymax,ATTRACTION,2026-10-04T00:28:29.003Z,OPERATING,AVAILABLE,,
tokyo_disneyland,dfe25d8e-e234-4020-a261-30c6825d0680,tdl_critter_country_splash_mountain,Splash Mountain,ATTRACTION,2026-10-04T00:28:28.984Z,OPERATING,AVAILABLE,,
tokyo_disneyland,e3577b4a-f1d9-4ec5-aacf-b99977ea88c9,tdl_westernland_big_thunder_mountain,Big Thunder Mountain,ATTRACTION,2026-10-04T00:28:28.977Z,OPERATING,AVAILABLE,,
tokyo_disneyland,e76670f0-9f5f-4918-8491-9bf51e73a596,tdl_new_fantasyland_enchanted_tale_of_beauty_and_the_beast,Enchanted Tale of Beauty and the Beast,ATTRACTION,2026-10-04T00:28:29.009Z,OPERATING,AVAILABLE,,
tokyo_disneyland,a88464b5-2cf5-4ef1-b38f-96e07b233bf2,tdl_fantasyland_poohs_hunny_hunt,Pooh's Hunny Hunt,ATTRACTION,2026-10-04T00:34:34.816Z,OPERATING,AVAILABLE,,
tokyo_disneyland,ca00a0e8-f069-4d0a-9d5e-10cb63010956,tdl_tomorrowland_baymax_happy_ride,The Happy Ride with Baymax,ATTRACTION,2026-10-04T00:34:34.825Z,OPERATING,AVAILABLE,,
tokyo_disneyland,8fce6b54-e3e4-40bb-a574-93c8327c3fab,,Haunted Mansion “Holiday Nightmare”,ATTRACTION,2026-10-04T00:37:24.079Z,OPERATING,AVAILABLE,,
tokyo_disneyland,4ed6a812-df04-4aa8-acb9-c6b164dbb706,tdl_tomorrowland_monsters_inc_ride_and_go_seek,"Monsters, Inc. Ride & Go Seek!",ATTRACTION,2026-10-04T00:41:07.061Z,OPERATING,AVAILABLE,,
tokyo_disneyland,a88464b5-2cf5-4ef1-b38f-96e07b233bf2,tdl_fantasyland_poohs_hunny_hunt,Pooh's Hunny Hunt,ATTRACTION,2026-10-04T00:41:07.052Z,OPERATING,AVAILABLE,,
tokyo_disneyland,ca00a0e8-f069-4d0a-9d5e-10cb63010956,tdl_tomorrowland_baymax_happy_ride,The Happy Ride with Baymax,ATTRACTION,2026-10-04T00:41:07.069Z,OPERATING,AVAILABLE,,
tokyo_disneyland,dfe25d8e-e234-4020-a261-30c6825d0680,tdl_critter_country_splash_mountain,Splash Mountain,ATTRACTION,2026-10-04T00:41:07.040Z,OPERATING,AVAILABLE,,
tokyo_disneyland,e3577b4a-f1d9-4ec5-aacf-b99977ea88c9,tdl_westernland_big_thunder_mountain,Big Thunder Mountain,ATTRACTION,2026-10-04T00:41:07.028Z,OPERATING,AVAILABLE,,
tokyo_disneyland,e76670f0-9f5f-4918-8491-9bf51e73a596,tdl_new_fantasyland_enchanted_tale_of_beauty_and_the_beast,Enchanted Tale of Beauty and the Beast,ATTRACTION,2026-10-04T00:44:01.063Z,OPERATING,AVAILABLE,,
tokyo_disneyland,4ed6a812-df04-4aa8-acb9-c6b164dbb706,tdl_tomorrowland_monsters_inc_ride_and_go_seek,"Monsters, Inc. Ride & Go Seek!",ATTRACTION,2026-10-04T00:47:19.734Z,OPERATING,AVAILABLE,,
tokyo_disneyland,e3577b4a-f1d9-4ec5-aacf-b99977ea88c9,tdl_westernland_big_thunder_mountain,Big Thunder Mountain,ATTRACTION,2026-10-04T00:47:19.710Z,OPERATING,AVAILABLE,,
tokyo_disneyland,4ed6a812-df04-4aa8-acb9-c6b164dbb706,tdl_tomorrowland_monsters_inc_ride_and_go_seek,"Monsters, Inc. Ride & Go Seek!",ATTRACTION,2026-10-04T00:53:40.612Z,OPERATING,AVAILABLE,,
tokyo_disneyland,a88464b5-2cf5-4ef1-b38f-96e07b233bf2,tdl_fantasyland_poohs_hunny_hunt,Pooh's Hunny Hunt,ATTRACTION,2026-10-04T00:53:40.606Z,OPERATING,AVAILABLE,,
tokyo_disneyland,ca00a0e8-f069-4d0a-9d5e-10cb63010956,tdl_tomorrowland_baymax_happy_ride,The Happy Ride with Baymax,ATTRACTION,2026-10-04T00:53:40.619Z,OPERATING,AVAILABLE,,
tokyo_disneyland,dfe25d8e-e234-4020-a261-30c6825d0680,tdl_critter_country_splash_mountain,Splash Mountain,ATTRACTION,2026-10-04T00:53:40.598Z,OPERATING,AVAILABLE,,
tokyo_disneyland,e3577b4a-f1d9-4ec5-aacf-b99977ea88c9,tdl_westernland_big_thunder_mountain,Big Thunder Mountain,ATTRACTION,2026-10-04T00:53:40.590Z,OPERATING,AVAILABLE,,
tokyo_disneyland,e76670f0-9f5f-4918-8491-9bf51e73a596,tdl_new_fantasyland_enchanted_tale_of_beauty_and_the_beast,Enchanted Tale of Beauty and the Beast,ATTRACTION,2026-10-04T00:53:40.625Z,OPERATING,AVAILABLE,,
tokyo_disneyland,a88464b5-2cf5-4ef1-b38f-96e07b233bf2,tdl_fantasyland_poohs_hunny_hunt,Pooh's Hunny Hunt,ATTRACTION,2026-10-04T00:56:53.519Z,OPERATING,AVAILABLE,,
tokyo_disneyland,4ed6a812-df04-4aa8-acb9-c6b164dbb706,tdl_tomorrowland_monsters_inc_ride_and_go_seek,"Monsters, Inc. Ride & Go Seek!",ATTRACTION,2026-10-04T01:03:29.831Z,OPERATING,AVAILABLE,,
tokyo_disneyland,a88464b5-2cf5-4ef1-b38f-96e07b233bf2,tdl_fantasyland_poohs_hunny_hunt,Pooh's Hunny Hunt,ATTRACTION,2026-10-04T01:03:29.824Z,OPERATING,AVAILABLE,,
tokyo_disneyland,ca00a0e8-f069-4d0a-9d5e-10cb63010956,tdl_tomorrowland_baymax_happy_ride,The Happy Ride with Baymax,ATTRACTION,2026-10-04T01:03:29.839Z,OPERATING,AVAILABLE,,
tokyo_disneyland,dfe25d8e-e234-4020-a261-30c6825d0680,tdl_critter_country_splash_mountain,Splash Mountain,ATTRACTION,2026-10-04T01:03:29.809Z,OPERATING,AVAILABLE,,
tokyo_disneyland,e3577b4a-f1d9-4ec5-aacf-b99977ea88c9,tdl_westernland_big_thunder_mountain,Big Thunder Mountain,ATTRACTION,2026-10-04T01:03:29.801Z,OPERATING,AVAILABLE,,
tokyo_disneyland,e76670f0-9f5f-4918-8491-9bf51e73a596,tdl_new_fantasyland_enchanted_tale_of_beauty_and_the_beast,Enchanted Tale of Beauty and the Beast,ATTRACTION,2026-10-04T01:03:29.847Z,OPERATING,AVAILABLE,,
tokyo_disneyland,4ed6a812-df04-4aa8-acb9-c6b164dbb706,tdl_tomorrowland_monsters_inc_ride_and_go_seek,"Monsters, Inc. Ride & Go Seek!",ATTRACTION,2026-10-04T01:07:18.118Z,OPERATING,AVAILABLE,,
tokyo_disneyland,a88464b5-2cf5-4ef1-b38f-96e07b233bf2,tdl_fantasyland_poohs_hunny_hunt,Pooh's Hunny Hunt,ATTRACTION,2026-10-04T01:07:18.109Z,OPERATING,AVAILABLE,,
tokyo_disneyland,ca00a0e8-f069-4d0a-9d5e-10cb63010956,tdl_tomorrowland_baymax_happy_ride,The Happy Ride with Baymax,ATTRACTION,2026-10-04T01:07:18.126Z,OPERATING,AVAILABLE,,
tokyo_disneyland,dfe25d8e-e234-4020-a261-30c6825d0680,tdl_critter_country_splash_mountain,Splash Mountain,ATTRACTION,2026-10-04T01:07:18.102Z,OPERATING,AVAILABLE,,
tokyo_disneyland,e3577b4a-f1d9-4ec5-aacf-b99977ea88c9,tdl_westernland_big_thunder_mountain,Big Thunder Mountain,ATTRACTION,2026-10-04T01:07:18.092Z,OPERATING,AVAILABLE,,
tokyo_disneyland,e76670f0-9f5f-4918-8491-9bf51e73a596,tdl_new_fantasyland_enchanted_tale_of_beauty_and_the_beast,Enchanted Tale of Beauty and the Beast,ATTRACTION,2026-10-04T01:07:18.134Z,OPERATING,AVAILABLE,,
tokyo_disneyland,4ed6a812-df04-4aa8-acb9-c6b164dbb706,tdl_tomorrowland_monsters_inc_ride_and_go_seek,"Monsters, Inc. Ride & Go Seek!",ATTRACTION,2026-10-04T01:19:13.987Z,OPERATING,AVAILABLE,,
tokyo_disneyland,a88464b5-2cf5-4ef1-b38f-96e07b233bf2,tdl_fantasyland_poohs_hunny_hunt,Pooh's Hunny Hunt,ATTRACTION,2026-10-04T01:19:13.981Z,OPERATING,AVAILABLE,,
tokyo_disneyland,ca00a0e8-f069-4d0a-9d5e-10cb63010956,tdl_tomorrowland_baymax_happy_ride,The Happy Ride with Baymax,ATTRACTION,2026-10-04T01:19:13.995Z,OPERATING,AVAILABLE,,
tokyo_disneyland,dfe25d8e-e234-4020-a261-30c6825d0680,tdl_critter_country_splash_mountain,Splash Mountain,ATTRACTION,2026-10-04T01:19:13.973Z,OPERATING,AVAILABLE,,
tokyo_disneyland,e3577b4a-f1d9-4ec5-aacf-b99977ea88c9,tdl_westernland_big_thunder_mountain,Big Thunder Mountain,ATTRACTION,2026-10-04T01:19:13.965Z,OPERATING,AVAILABLE,,
tokyo_disneyland,e76670f0-9f5f-4918-8491-9bf51e73a596,tdl_new_fantasyland_enchanted_tale_of_beauty_and_the_beast,Enchanted Tale of Beauty and the Beast,ATTRACTION,2026-10-04T01:19:14.006Z,OPERATING,AVAILABLE,,
tokyo_disneyland,4ed6a812-df04-4aa8-acb9-c6b164dbb706,tdl_tomorrowland_monsters_inc_ride_and_go_seek,"Monsters, Inc. Ride & Go Seek!",ATTRACTION,2026-10-04T01:22:11.801Z,OPERATING,AVAILABLE,,
tokyo_disneyland,a88464b5-2cf5-4ef1-b38f-96e07b233bf2,tdl_fantasyland_poohs_hunny_hunt,Pooh's Hunny Hunt,ATTRACTION,2026-10-04T01:22:11.793Z,OPERATING,AVAILABLE,,
tokyo_disneyland,dfe25d8e-e234-4020-a261-30c6825d0680,tdl_critter_country_splash_mountain,Splash Mountain,ATTRACTION,2026-10-04T01:22:11.781Z,OPERATING,AVAILABLE,,
tokyo_disneyland,4ed6a812-df04-4aa8-acb9-c6b164dbb706,tdl_tomorrowland_monsters_inc_ride_and_go_seek,"Monsters, Inc. Ride & Go Seek!",ATTRACTION,2026-10-04T01:30:04.559Z,OPERATING,AVAILABLE,,
tokyo_disneyland,ca00a0e8-f069-4d0a-9d5e-10cb63010956,tdl_tomorrowland_baymax_happy_ride,The Happy Ride with Baymax,ATTRACTION,2026-10-04T01:30:04.582Z,OPERATING,AVAILABLE,,
tokyo_disneyland,e3577b4a-f1d9-4ec5-aacf-b99977ea88c9,tdl_westernland_big_thunder_mountain,Big Thunder Mountain,ATTRACTION,2026-10-04T01:30:04.517Z,OPERATING,AVAILABLE,,
tokyo_disneyland,e76670f0-9f5f-4918-8491-9bf51e73a596,tdl_new_fantasyland_enchanted_tale_of_beauty_and_the_beast,Enchanted Tale of Beauty and the Beast,ATTRACTION,2026-10-04T01:30:04.617Z,OPERATING,AVAILABLE,,
tokyo_disneyland,4ed6a812-df04-4aa8-acb9-c6b164dbb706,tdl_tomorrowland_monsters_inc_ride_and_go_seek,"Monsters, Inc. Ride & Go Seek!",ATTRACTION,2026-10-04T01:32:50.980Z,OPERATING,AVAILABLE,,
tokyo_disneyland,a88464b5-2cf5-4ef1-b38f-96e07b233bf2,tdl_fantasyland_poohs_hunny_hunt,Pooh's Hunny Hunt,ATTRACTION,2026-10-04T01:32:50.972Z,OPERATING,AVAILABLE,,
tokyo_disneyland,ca00a0e8-f069-4d0a-9d5e-10cb63010956,tdl_tomorrowland_baymax_happy_ride,The Happy Ride with Baymax,ATTRACTION,2026-10-04T01:32:50.991Z,OPERATING,AVAILABLE,,
tokyo_disneyland,dfe25d8e-e234-4020-a261-30c6825d0680,tdl_critter_country_splash_mountain,Splash Mountain,ATTRACTION,2026-10-04T01:32:50.963Z,OPERATING,AVAILABLE,,
tokyo_disneyland,e3577b4a-f1d9-4ec5-aacf-b99977ea88c9,tdl_westernland_big_thunder_mountain,Big Thunder Mountain,ATTRACTION,2026-10-04T01:32:50.952Z,OPERATING,AVAILABLE,,
tokyo_disneyland,e76670f0-9f5f-4918-8491-9bf51e73a596,tdl_new_fantasyland_enchanted_tale_of_beauty_and_the_beast,Enchanted Tale of Beauty and the Beast,ATTRACTION,2026-10-04T01:32:51.000Z,OPERATING,AVAILABLE,,
tokyo_disneyland,4ed6a812-df04-4aa8-acb9-c6b164dbb706,tdl_tomorrowland_monsters_inc_ride_and_go_seek,"Monsters, Inc. Ride & Go Seek!",ATTRACTION,2026-10-04T01:44:06.421Z,OPERATING,AVAILABLE,,
tokyo_disneyland,a88464b5-2cf5-4ef1-b38f-96e07b233bf2,tdl_fantasyland_poohs_hunny_hunt,Pooh's Hunny Hunt,ATTRACTION,2026-10-04T01:44:23.015Z,OPERATING,AVAILABLE,,
tokyo_disneyland,ca00a0e8-f069-4d0a-9d5e-10cb63010956,tdl_tomorrowland_baymax_happy_ride,The Happy Ride with Baymax,ATTRACTION,2026-10-04T01:44:06.430Z,OPERATING,AVAILABLE,,
tokyo_disneyland,dfe25d8e-e234-4020-a261-30c6825d0680,tdl_critter_country_splash_mountain,Splash Mountain,ATTRACTION,2026-10-04T01:44:06.401Z,OPERATING,AVAILABLE,,
tokyo_disneyland,e3577b4a-f1d9-4ec5-aacf-b99977ea88c9,tdl_westernland_big_thunder_mountain,Big Thunder Mountain,ATTRACTION,2026-10-04T01:44:06.390Z,OPERATING,AVAILABLE,,
tokyo_disneyland,e76670f0-9f5f-4918-8491-9bf51e73a596,tdl_new_fantasyland_enchanted_tale_of_beauty_and_the_beast,Enchanted Tale of Beauty and the Beast,ATTRACTION,2026-10-04T01:44:06.443Z,OPERATING,AVAILABLE,,
tokyo_disneyland,4ed6a812-df04-4aa8-acb9-c6b164dbb706,tdl_tomorrowland_monsters_inc_ride_and_go_seek,"Monsters, Inc. Ride & Go Seek!",ATTRACTION,2026-10-04T01:54:33.921Z,OPERATING,AVAILABLE,,
tokyo_disneyland,a88464b5-2cf5-4ef1-b38f-96e07b233bf2,tdl_fantasyland_poohs_hunny_hunt,Pooh's Hunny Hunt,ATTRACTION,2026-10-04T01:54:33.913Z,OPERATING,AVAILABLE,,
tokyo_disneyland,ca00a0e8-f069-4d0a-9d5e-10cb63010956,tdl_tomorrowland_baymax_happy_ride,The Happy Ride with Baymax,ATTRACTION,2026-10-04T01:54:33.930Z,OPERATING,AVAILABLE,,
tokyo_disneyland,dfe25d8e-e234-4020-a261-30c6825d0680,tdl_critter_country_splash_mountain,Splash Mountain,ATTRACTION,2026-10-04T01:54:33.905Z,OPERATING,AVAILABLE,,
tokyo_disneyland,e3577b4a-f1d9-4ec5-aacf-b99977ea88c9,tdl_westernland_big_thunder_mountain,Big Thunder Mountain,ATTRACTION,2026-10-04T01:54:33.896Z,OPERATING,AVAILABLE,,
tokyo_disneyland,e76670f0-9f5f-4918-8491-9bf51e73a596,tdl_new_fantasyland_enchanted_tale_of_beauty_and_the_beast,Enchanted Tale of Beauty and the Beast,ATTRACTION,2026-10-04T01:54:33.938Z,OPERATING,AVAILABLE,,
tokyo_disneyland,4ed6a812-df04-4aa8-acb9-c6b164dbb706,tdl_tomorrowland_monsters_inc_ride_and_go_seek,"Monsters, Inc. Ride & Go Seek!",ATTRACTION,2026-10-04T02:03:36.526Z,OPERATING,AVAILABLE,,
tokyo_disneyland,a88464b5-2cf5-4ef1-b38f-96e07b233bf2,tdl_fantasyland_poohs_hunny_hunt,Pooh's Hunny Hunt,ATTRACTION,2026-10-04T02:03:36.518Z,OPERATING,AVAILABLE,,
tokyo_disneyland,ca00a0e8-f069-4d0a-9d5e-10cb63010956,tdl_tomorrowland_baymax_happy_ride,The Happy Ride with Baymax,ATTRACTION,2026-10-04T02:03:36.534Z,OPERATING,AVAILABLE,,
tokyo_disneyland,dfe25d8e-e234-4020-a261-30c6825d0680,tdl_critter_country_splash_mountain,Splash Mountain,ATTRACTION,2026-10-04T02:03:36.511Z,OPERATING,AVAILABLE,,
tokyo_disneyland,e3577b4a-f1d9-4ec5-aacf-b99977ea88c9,tdl_westernland_big_thunder_mountain,Big Thunder Mountain,ATTRACTION,2026-10-04T02:03:36.501Z,OPERATING,AVAILABLE,,
tokyo_disneyland,e76670f0-9f5f-4918-8491-9bf51e73a596,tdl_new_fantasyland_enchanted_tale_of_beauty_and_the_beast,Enchanted Tale of Beauty and the Beast,ATTRACTION,2026-10-04T02:03:36.543Z,OPERATING,AVAILABLE,,
tokyo_disneyland,4ed6a812-df04-4aa8-acb9-c6b164dbb706,tdl_tomorrowland_monsters_inc_ride_and_go_seek,"Monsters, Inc. Ride & Go Seek!",ATTRACTION,2026-10-04T02:06:30.753Z,OPERATING,AVAILABLE,,
tokyo_disneyland,a88464b5-2cf5-4ef1-b38f-96e07b233bf2,tdl_fantasyland_poohs_hunny_hunt,Pooh's Hunny Hunt,ATTRACTION,2026-10-04T02:06:30.730Z,OPERATING,AVAILABLE,,
tokyo_disneyland,ca00a0e8-f069-4d0a-9d5e-10cb63010956,tdl_tomorrowland_baymax_happy_ride,The Happy Ride with Baymax,ATTRACTION,2026-10-04T02:06:30.760Z,OPERATING,AVAILABLE,,
tokyo_disneyland,dfe25d8e-e234-4020-a261-30c6825d0680,tdl_critter_country_splash_mountain,Splash Mountain,ATTRACTION,2026-10-04T02:06:30.717Z,OPERATING,AVAILABLE,,
tokyo_disneyland,e3577b4a-f1d9-4ec5-aacf-b99977ea88c9,tdl_westernland_big_thunder_mountain,Big Thunder Mountain,ATTRACTION,2026-10-04T02:06:30.708Z,OPERATING,AVAILABLE,,
tokyo_disneyland,e76670f0-9f5f-4918-8491-9bf51e73a596,tdl_new_fantasyland_enchanted_tale_of_beauty_and_the_beast,Enchanted Tale of Beauty and the Beast,ATTRACTION,2026-10-04T02:06:30.767Z,OPERATING,AVAILABLE,,
tokyo_disneyland,8fce6b54-e3e4-40bb-a574-93c8327c3fab,,Haunted Mansion “Holiday Nightmare”,ATTRACTION,2026-10-04T02:13:27.445Z,OPERATING,AVAILABLE,,
tokyo_disneyland,4ed6a812-df04-4aa8-acb9-c6b164dbb706,tdl_tomorrowland_monsters_inc_ride_and_go_seek,"Monsters, Inc. Ride & Go Seek!",ATTRACTION,2026-10-04T02:19:45.827Z,OPERATING,AVAILABLE,,
tokyo_disneyland,a88464b5-2cf5-4ef1-b38f-96e07b233bf2,tdl_fantasyland_poohs_hunny_hunt,Pooh's Hunny Hunt,ATTRACTION,2026-10-04T02:18:38.449Z,OPERATING,AVAILABLE,,
tokyo_disneyland,ca00a0e8-f069-4d0a-9d5e-10cb63010956,tdl_tomorrowland_baymax_happy_ride,The Happy Ride with Baymax,ATTRACTION,2026-10-04T02:18:38.464Z,OPERATING,AVAILABLE,,
tokyo_disneyland,dfe25d8e-e234-4020-a261-30c6825d0680,tdl_critter_country_splash_mountain,Splash Mountain,ATTRACTION,2026-10-04T02:18:38.432Z,OPERATING,AVAILABLE,,
tokyo_disneyland,e3577b4a-f1d9-4ec5-aacf-b99977ea88c9,tdl_westernland_big_thunder_mountain,Big Thunder Mountain,ATTRACTION,2026-10-04T02:18:38.423Z,OPERATING,AVAILABLE,,
tokyo_disneyland,e76670f0-9f5f-4918-8491-9bf51e73a596,tdl_new_fantasyland_enchanted_tale_of_beauty_and_the_beast,Enchanted Tale of Beauty and the Beast,ATTRACTION,2026-10-04T02:18:38.472Z,OPERATING,AVAILABLE,,
tokyo_disneyland,ca00a0e8-f069-4d0a-9d5e-10cb63010956,tdl_tomorrowland_baymax_happy_ride,The Happy Ride with Baymax,ATTRACTION,2026-10-04T02:24:43.836Z,OPERATING,AVAILABLE,,
tokyo_disneyland,8fce6b54-e3e4-40bb-a574-93c8327c3fab,,Haunted Mansion “Holiday Nightmare”,ATTRACTION,2026-10-04T02:29:12.678Z,OPERATING,AVAILABLE,,
tokyo_disneyland,a88464b5-2cf5-4ef1-b38f-96e07b233bf2,tdl_fantasyland_poohs_hunny_hunt,Pooh's Hunny Hunt,ATTRACTION,2026-10-04T02:29:12.688Z,OPERATING,AVAILABLE,,
tokyo_disneyland,ca00a0e8-f069-4d0a-9d5e-10cb63010956,tdl_tomorrowland_baymax_happy_ride,The Happy Ride with Baymax,ATTRACTION,2026-10-04T02:29:12.705Z,OPERATING,AVAILABLE,,
tokyo_disneyland,dfe25d8e-e234-4020-a261-30c6825d0680,tdl_critter_country_splash_mountain,Splash Mountain,ATTRACTION,2026-10-04T02:29:12.662Z,OPERATING,AVAILABLE,,
tokyo_disneyland,e3577b4a-f1d9-4ec5-aacf-b99977ea88c9,tdl_westernland_big_thunder_mountain,Big Thunder Mountain,ATTRACTION,2026-10-04T02:29:12.650Z,OPERATING,AVAILABLE,,
tokyo_disneyland,e76670f0-9f5f-4918-8491-9bf51e73a596,tdl_new_fantasyland_enchanted_tale_of_beauty_and_the_beast,Enchanted Tale of Beauty and the Beast,ATTRACTION,2026-10-04T02:29:12.713Z,OPERATING,AVAILABLE,,
tokyo_disneyland,4ed6a812-df04-4aa8-acb9-c6b164dbb706,tdl_tomorrowland_monsters_inc_ride_and_go_seek,"Monsters, Inc. Ride & Go Seek!",ATTRACTION,2026-10-04T02:33:42.057Z,OPERATING,AVAILABLE,,
tokyo_disneyland,a88464b5-2cf5-4ef1-b38f-96e07b233bf2,tdl_fantasyland_poohs_hunny_hunt,Pooh's Hunny Hunt,ATTRACTION,2026-10-04T02:33:42.050Z,OPERATING,AVAILABLE,,
tokyo_disneyland,ca00a0e8-f069-4d0a-9d5e-10cb63010956,tdl_tomorrowland_baymax_happy_ride,The Happy Ride with Baymax,ATTRACTION,2026-10-04T02:33:42.063Z,OPERATING,AVAILABLE,,
tokyo_disneyland,dfe25d8e-e234-4020-a261-30c6825d0680,tdl_critter_country_splash_mountain,Splash Mountain,ATTRACTION,2026-10-04T02:30:58.315Z,OPERATING,AVAILABLE,,
tokyo_disneyland,e3577b4a-f1d9-4ec5-aacf-b99977ea88c9,tdl_westernland_big_thunder_mountain,Big Thunder Mountain,ATTRACTION,2026-10-04T02:30:58.304Z,OPERATING,AVAILABLE,,
tokyo_disneyland,e76670f0-9f5f-4918-8491-9bf51e73a596,tdl_new_fantasyland_enchanted_tale_of_beauty_and_the_beast,Enchanted Tale of Beauty and the Beast,ATTRACTION,2026-10-04T02:33:42.070Z,OPERATING,AVAILABLE,,
tokyo_disneyland,ca00a0e8-f069-4d0a-9d5e-10cb63010956,tdl_tomorrowland_baymax_happy_ride,The Happy Ride with Baymax,ATTRACTION,2026-10-04T02:38:34.058Z,OPERATING,AVAILABLE,,
tokyo_disneyland,dfe25d8e-e234-4020-a261-30c6825d0680,tdl_critter_country_splash_mountain,Splash Mountain,ATTRACTION,2026-10-04T02:35:17.381Z,OPERATING,AVAILABLE,,
tokyo_disneyland,e76670f0-9f5f-4918-8491-9bf51e73a596,tdl_new_fantasyland_enchanted_tale_of_beauty_and_the_beast,Enchanted Tale of Beauty and the Beast,ATTRACTION,2026-10-04T02:35:17.389Z,OPERATING,AVAILABLE,,
tokyo_disneyland,4ed6a812-df04-4aa8-acb9-c6b164dbb706,tdl_tomorrowland_monsters_inc_ride_and_go_seek,"Monsters, Inc. Ride & Go Seek!",ATTRACTION,2026-10-04T02:43:45.426Z,OPERATING,AVAILABLE,,
tokyo_disneyland,8fce6b54-e3e4-40bb-a574-93c8327c3fab,,Haunted Mansion “Holiday Nightmare”,ATTRACTION,2026-10-04T02:43:45.402Z,OPERATING,AVAILABLE,,
tokyo_disneyland,a88464b5-2cf5-4ef1-b38f-96e07b233bf2,tdl_fantasyland_poohs_hunny_hunt,Pooh's Hunny Hunt,ATTRACTION,2026-10-04T02:43:45.410Z,OPERATING,AVAILABLE,,
tokyo_disneyland,ca00a0e8-f069-4d0a-9d5e-10cb63010956,tdl_tomorrowland_baymax_happy_ride,The Happy Ride with Baymax,ATTRACTION,2026-10-04T02:43:45.434Z,OPERATING,AVAILABLE,,
tokyo_disneyland,dfe25d8e-e234-4020-a261-30c6825d0680,tdl_critter_country_splash_mountain,Splash Mountain,ATTRACTION,2026-10-04T02:43:45.393Z,OPERATING,AVAILABLE,,
tokyo_disneyland,e3577b4a-f1d9-4ec5-aacf-b99977ea88c9,tdl_westernland_big_thunder_mountain,Big Thunder Mountain,ATTRACTION,2026-10-04T02:43:45.384Z,OPERATING,AVAILABLE,,
tokyo_disneyland,e76670f0-9f5f-4918-8491-9bf51e73a596,tdl_new_fantasyland_enchanted_tale_of_beauty_and_the_beast,Enchanted Tale of Beauty and the Beast,ATTRACTION,2026-10-04T02:43:45.442Z,OPERATING,AVAILABLE,,
tokyo_disneyland,a88464b5-2cf5-4ef1-b38f-96e07b233bf2,tdl_fantasyland_poohs_hunny_hunt,Pooh's Hunny Hunt,ATTRACTION,2026-10-04T02:48:37.367Z,OPERATING,AVAILABLE,,
tokyo_disneyland,dfe25d8e-e234-4020-a261-30c6825d0680,tdl_critter_country_splash_mountain,Splash Mountain,ATTRACTION,2026-10-04T02:49:47.834Z,OPERATING,AVAILABLE,,
tokyo_disneyland,e76670f0-9f5f-4918-8491-9bf51e73a596,tdl_new_fantasyland_enchanted_tale_of_beauty_and_the_beast,Enchanted Tale of Beauty and the Beast,ATTRACTION,2026-10-04T02:49:47.851Z,OPERATING,AVAILABLE,,
tokyo_disneyland,4ed6a812-df04-4aa8-acb9-c6b164dbb706,tdl_tomorrowland_monsters_inc_ride_and_go_seek,"Monsters, Inc. Ride & Go Seek!",ATTRACTION,2026-10-04T02:54:31.551Z,OPERATING,AVAILABLE,,
tokyo_disneyland,ca00a0e8-f069-4d0a-9d5e-10cb63010956,tdl_tomorrowland_baymax_happy_ride,The Happy Ride with Baymax,ATTRACTION,2026-10-04T02:54:31.559Z,OPERATING,AVAILABLE,,
tokyo_disneyland,dfe25d8e-e234-4020-a261-30c6825d0680,tdl_critter_country_splash_mountain,Splash Mountain,ATTRACTION,2026-10-04T02:51:27.007Z,OPERATING,AVAILABLE,,
tokyo_disneyland,e3577b4a-f1d9-4ec5-aacf-b99977ea88c9,tdl_westernland_big_thunder_mountain,Big Thunder Mountain,ATTRACTION,2026-10-04T02:54:31.541Z,OPERATING,AVAILABLE,,
tokyo_disneyland,e76670f0-9f5f-4918-8491-9bf51e73a596,tdl_new_fantasyland_enchanted_tale_of_beauty_and_the_beast,Enchanted Tale of Beauty and the Beast,ATTRACTION,2026-10-04T02:51:27.045Z,OPERATING,AVAILABLE,,
tokyo_disneyland,4ed6a812-df04-4aa8-acb9-c6b164dbb706,tdl_tomorrowland_monsters_inc_ride_and_go_seek,"Monsters, Inc. Ride & Go Seek!",ATTRACTION,2026-10-04T02:56:45.674Z,OPERATING,AVAILABLE,,
tokyo_disneyland,8fce6b54-e3e4-40bb-a574-93c8327c3fab,,Haunted Mansion “Holiday Nightmare”,ATTRACTION,2026-10-04T02:59:56.493Z,OPERATING,AVAILABLE,,
tokyo_disneyland,a88464b5-2cf5-4ef1-b38f-96e07b233bf2,tdl_fantasyland_poohs_hunny_hunt,Pooh's Hunny Hunt,ATTRACTION,2026-10-04T02:56:45.666Z,OPERATING,AVAILABLE,,
tokyo_disneyland,ca00a0e8-f069-4d0a-9d5e-10cb63010956,tdl_tomorrowland_baymax_happy_ride,The Happy Ride with Baymax,ATTRACTION,2026-10-04T02:56:45.683Z,OPERATING,AVAILABLE,,
tokyo_disneyland,dfe25d8e-e234-4020-a261-30c6825d0680,tdl_critter_country_splash_mountain,Splash Mountain,ATTRACTION,2026-10-04T02:56:45.658Z,OPERATING,AVAILABLE,,
tokyo_disneyland,e3577b4a-f1d9-4ec5-aacf-b99977ea88c9,tdl_westernland_big_thunder_mountain,Big Thunder Mountain,ATTRACTION,2026-10-04T02:59:56.484Z,OPERATING,AVAILABLE,,
tokyo_disneyland,e76670f0-9f5f-4918-8491-9bf51e73a596,tdl_new_fantasyland_enchanted_tale_of_beauty_and_the_beast,Enchanted Tale of Beauty and the Beast,ATTRACTION,2026-10-04T02:56:45.691Z,OPERATING,AVAILABLE,,
tokyo_disneyland,e3577b4a-f1d9-4ec5-aacf-b99977ea88c9,tdl_westernland_big_thunder_mountain,Big Thunder Mountain,ATTRACTION,2026-10-04T03:01:37.072Z,OPERATING,AVAILABLE,,
tokyo_disneyland,4ed6a812-df04-4aa8-acb9-c6b164dbb706,tdl_tomorrowland_monsters_inc_ride_and_go_seek,"Monsters, Inc. Ride & Go Seek!",ATTRACTION,2026-10-04T03:07:02.477Z,OPERATING,AVAILABLE,,
tokyo_disneyland,a88464b5-2cf5-4ef1-b38f-96e07b233bf2,tdl_fantasyland_poohs_hunny_hunt,Pooh's Hunny Hunt,ATTRACTION,2026-10-04T03:07:02.459Z,OPERATING,AVAILABLE,,
tokyo_disneyland,ca00a0e8-f069-4d0a-9d5e-10cb63010956,tdl_tomorrowland_baymax_happy_ride,The Happy Ride with Baymax,ATTRACTION,2026-10-04T03:07:02.487Z,OPERATING,AVAILABLE,,
tokyo_disneyland,dfe25d8e-e234-4020-a261-30c6825d0680,tdl_critter_country_splash_mountain,Splash Mountain,ATTRACTION,2026-10-04T03:07:02.408Z,OPERATING,AVAILABLE,,
tokyo_disneyland,e76670f0-9f5f-4918-8491-9bf51e73a596,tdl_new_fantasyland_enchanted_tale_of_beauty_and_the_beast,Enchanted Tale of Beauty and the Beast,ATTRACTION,2026-10-04T03:07:02.499Z,OPERATING,AVAILABLE,,
tokyo_disneyland,4ed6a812-df04-4aa8-acb9-c6b164dbb706,tdl_tomorrowland_monsters_inc_ride_and_go_seek,"Monsters, Inc. Ride & Go Seek!",ATTRACTION,2026-10-04T03:09:53.939Z,OPERATING,AVAILABLE,,
tokyo_disneyland,a88464b5-2cf5-4ef1-b38f-96e07b233bf2,tdl_fantasyland_poohs_hunny_hunt,Pooh's Hunny Hunt,ATTRACTION,2026-10-04T03:09:53.922Z,OPERATING,AVAILABLE,,
tokyo_disneyland,ca00a0e8-f069-4d0a-9d5e-10cb63010956,tdl_tomorrowland_baymax_happy_ride,The Happy Ride with Baymax,ATTRACTION,2026-10-04T03:09:53.950Z,OPERATING,AVAILABLE,,
tokyo_disneyland,dfe25d8e-e234-4020-a261-30c6825d0680,tdl_critter_country_splash_mountain,Splash Mountain,ATTRACTION,2026-10-04T03:09:53.904Z,OPERATING,AVAILABLE,,
tokyo_disneyland,e3577b4a-f1d9-4ec5-aacf-b99977ea88c9,tdl_westernland_big_thunder_mountain,Big Thunder Mountain,ATTRACTION,2026-10-04T03:13:38.523Z,OPERATING,AVAILABLE,,
tokyo_disneyland,e76670f0-9f5f-4918-8491-9bf51e73a596,tdl_new_fantasyland_enchanted_tale_of_beauty_and_the_beast,Enchanted Tale of Beauty and the Beast,ATTRACTION,2026-10-04T03:10:16.259Z,OPERATING,AVAILABLE,,
tokyo_disneyland,4ed6a812-df04-4aa8-acb9-c6b164dbb706,tdl_tomorrowland_monsters_inc_ride_and_go_seek,"Monsters, Inc. Ride & Go Seek!",ATTRACTION,2026-10-04T03:19:38.188Z,OPERATING,AVAILABLE,,
tokyo_disneyland,a88464b5-2cf5-4ef1-b38f-96e07b233bf2,tdl_fantasyland_poohs_hunny_hunt,Pooh's Hunny Hunt,ATTRACTION,2026-10-04T03:19:38.180Z,OPERATING,AVAILABLE,,
tokyo_disneyland,ca00a0e8-f069-4d0a-9d5e-10cb63010956,tdl_tomorrowland_baymax_happy_ride,The Happy Ride with Baymax,ATTRACTION,2026-10-04T03:19:38.197Z,OPERATING,AVAILABLE,,
tokyo_disneyland,dfe25d8e-e234-4020-a261-30c6825d0680,tdl_critter_country_splash_mountain,Splash Mountain,ATTRACTION,2026-10-04T03:19:38.170Z,OPERATING,AVAILABLE,,
tokyo_disneyland,e76670f0-9f5f-4918-8491-9bf51e73a596,tdl_new_fantasyland_enchanted_tale_of_beauty_and_the_beast,Enchanted Tale of Beauty and the Beast,ATTRACTION,2026-10-04T03:19:38.205Z,OPERATING,AVAILABLE,,
tokyo_disneyland,4ed6a812-df04-4aa8-acb9-c6b164dbb706,tdl_tomorrowland_monsters_inc_ride_and_go_seek,"Monsters, Inc. Ride & Go Seek!",ATTRACTION,2026-10-04T03:23:07.924Z,OPERATING,AVAILABLE,,
tokyo_disneyland,8fce6b54-e3e4-40bb-a574-93c8327c3fab,,Haunted Mansion “Holiday Nightmare”,ATTRACTION,2026-10-04T03:22:47.038Z,OPERATING,AVAILABLE,,
tokyo_disneyland,a88464b5-2cf5-4ef1-b38f-96e07b233bf2,tdl_fantasyland_poohs_hunny_hunt,Pooh's Hunny Hunt,ATTRACTION,2026-10-04T03:23:07.916Z,OPERATING,AVAILABLE,,
tokyo_disneyland,ca00a0e8-f069-4d0a-9d5e-10cb63010956,tdl_tomorrowland_baymax_happy_ride,The Happy Ride with Baymax,ATTRACTION,2026-10-04T03:23:07.935Z,OPERATING,AVAILABLE,,
tokyo_disneyland,dfe25d8e-e234-4020-a261-30c6825d0680,tdl_critter_country_splash_mountain,Splash Mountain,ATTRACTION,2026-10-04T03:23:07.907Z,OPERATING,AVAILABLE,,
tokyo_disneyland,e3577b4a-f1d9-4ec5-aacf-b99977ea88c9,tdl_westernland_big_thunder_mountain,Big Thunder Mountain,ATTRACTION,2026-10-04T03:23:07.898Z,OPERATING,AVAILABLE,,
tokyo_disneyland,e76670f0-9f5f-4918-8491-9bf51e73a596,tdl_new_fantasyland_enchanted_tale_of_beauty_and_the_beast,Enchanted Tale of Beauty and the Beast,ATTRACTION,2026-10-04T03:23:07.943Z,OPERATING,AVAILABLE,,
tokyo_disneyland,4ed6a812-df04-4aa8-acb9-c6b164dbb706,tdl_tomorrowland_monsters_inc_ride_and_go_seek,"Monsters, Inc. Ride & Go Seek!",ATTRACTION,2026-10-04T03:29:15.850Z,OPERATING,AVAILABLE,,
tokyo_disneyland,a88464b5-2cf5-4ef1-b38f-96e07b233bf2,tdl_fantasyland_poohs_hunny_hunt,Pooh's Hunny Hunt,ATTRACTION,2026-10-04T03:29:15.840Z,OPERATING,AVAILABLE,,
tokyo_disneyland,a88464b5-2cf5-4ef1-b38f-96e07b233bf2,tdl_fantasyland_poohs_hunny_hunt,Pooh's Hunny Hunt,ATTRACTION,2026-10-04T03:31:51.375Z,OPERATING,AVAILABLE,,
tokyo_disneyland,ca00a0e8-f069-4d0a-9d5e-10cb63010956,tdl_tomorrowland_baymax_happy_ride,The Happy Ride with Baymax,ATTRACTION,2026-10-04T03:31:03.256Z,OPERATING,AVAILABLE,,
tokyo_disneyland,dfe25d8e-e234-4020-a261-30c6825d0680,tdl_critter_country_splash_mountain,Splash Mountain,ATTRACTION,2026-10-04T03:31:03.246Z,OPERATING,AVAILABLE,,
tokyo_disneyland,e3577b4a-f1d9-4ec5-aacf-b99977ea88c9,tdl_westernland_big_thunder_mountain,Big Thunder Mountain,ATTRACTION,2026-10-04T03:31:03.233Z,OPERATING,AVAILABLE,,
tokyo_disneyland,e76670f0-9f5f-4918-8491-9bf51e73a596,tdl_new_fantasyland_enchanted_tale_of_beauty_and_the_beast,Enchanted Tale of Beauty and the Beast,ATTRACTION,2026-10-04T03:31:03.265Z,OPERATING,AVAILABLE,,
tokyo_disneyland,4ed6a812-df04-4aa8-acb9-c6b164dbb706,tdl_tomorrowland_monsters_inc_ride_and_go_seek,"Monsters, Inc. Ride & Go Seek!",ATTRACTION,2026-10-04T03:35:20.951Z,OPERATING,AVAILABLE,,
tokyo_disneyland,ca00a0e8-f069-4d0a-9d5e-10cb63010956,tdl_tomorrowland_baymax_happy_ride,The Happy Ride with Baymax,ATTRACTION,2026-10-04T03:35:20.958Z,OPERATING,AVAILABLE,,
tokyo_disneyland,dfe25d8e-e234-4020-a261-30c6825d0680,tdl_critter_country_splash_mountain,Splash Mountain,ATTRACTION,2026-10-04T03:35:44.494Z,OPERATING,AVAILABLE,,
tokyo_disneyland,e3577b4a-f1d9-4ec5-aacf-b99977ea88c9,tdl_westernland_big_thunder_mountain,Big Thunder Mountain,ATTRACTION,2026-10-04T03:38:52.042Z,OPERATING,AVAILABLE,,
tokyo_disneyland,e76670f0-9f5f-4918-8491-9bf51e73a596,tdl_new_fantasyland_enchanted_tale_of_beauty_and_the_beast,Enchanted Tale of Beauty and the Beast,ATTRACTION,2026-10-04T03:35:20.966Z,OPERATING,AVAILABLE,,
tokyo_disneyland,4ed6a812-df04-4aa8-acb9-c6b164dbb706,tdl_tomorrowland_monsters_inc_ride_and_go_seek,"Monsters, Inc. Ride & Go Seek!",ATTRACTION,2026-10-04T03:42:08.629Z,OPERATING,AVAILABLE,,
tokyo_disneyland,8fce6b54-e3e4-40bb-a574-93c8327c3fab,,Haunted Mansion “Holiday Nightmare”,ATTRACTION,2026-10-04T03:45:01.474Z,OPERATING,AVAILABLE,,
tokyo_disneyland,a88464b5-2cf5-4ef1-b38f-96e07b233bf2,tdl_fantasyland_poohs_hunny_hunt,Pooh's Hunny Hunt,ATTRACTION,2026-10-04T03:42:08.603Z,OPERATING,AVAILABLE,,
tokyo_disneyland,ca00a0e8-f069-4d0a-9d5e-10cb63010956,tdl_tomorrowland_baymax_happy_ride,The Happy Ride with Baymax,ATTRACTION,2026-10-04T03:42:30.260Z,OPERATING,AVAILABLE,,
tokyo_disneyland,e3577b4a-f1d9-4ec5-aacf-b99977ea88c9,tdl_westernland_big_thunder_mountain,Big Thunder Mountain,ATTRACTION,2026-10-04T03:42:08.576Z,OPERATING,AVAILABLE,,
tokyo_disneyland,e76670f0-9f5f-4918-8491-9bf51e73a596,tdl_new_fantasyland_enchanted_tale_of_beauty_and_the_beast,Enchanted Tale of Beauty and the Beast,ATTRACTION,2026-10-04T03:42:30.269Z,OPERATING,AVAILABLE,,
tokyo_disneyland,4ed6a812-df04-4aa8-acb9-c6b164dbb706,tdl_tomorrowland_monsters_inc_ride_and_go_seek,"Monsters, Inc. Ride & Go Seek!",ATTRACTION,2026-10-04T03:48:45.317Z,OPERATING,AVAILABLE,,
tokyo_disneyland,a88464b5-2cf5-4ef1-b38f-96e07b233bf2,tdl_fantasyland_poohs_hunny_hunt,Pooh's Hunny Hunt,ATTRACTION,2026-10-04T03:48:45.310Z,OPERATING,AVAILABLE,,
tokyo_disneyland,dfe25d8e-e234-4020-a261-30c6825d0680,tdl_critter_country_splash_mountain,Splash Mountain,ATTRACTION,2026-10-04T03:48:45.302Z,OPERATING,AVAILABLE,,
tokyo_disneyland,e3577b4a-f1d9-4ec5-aacf-b99977ea88c9,tdl_westernland_big_thunder_mountain,Big Thunder Mountain,ATTRACTION,2026-10-04T03:48:45.295Z,OPERATING,AVAILABLE,,
tokyo_disneyland,4ed6a812-df04-4aa8-acb9-c6b164dbb706,tdl_tomorrowland_monsters_inc_ride_and_go_seek,"Monsters, Inc. Ride & Go Seek!",ATTRACTION,2026-10-04T03:54:38.726Z,OPERATING,AVAILABLE,,
tokyo_disneyland,a88464b5-2cf5-4ef1-b38f-96e07b233bf2,tdl_fantasyland_poohs_hunny_hunt,Pooh's Hunny Hunt,ATTRACTION,2026-10-04T03:54:38.720Z,OPERATING,AVAILABLE,,
tokyo_disneyland,ca00a0e8-f069-4d0a-9d5e-10cb63010956,tdl_tomorrowland_baymax_happy_ride,The Happy Ride with Baymax,ATTRACTION,2026-10-04T03:54:38.732Z,OPERATING,AVAILABLE,,
tokyo_disneyland,dfe25d8e-e234-4020-a261-30c6825d0680,tdl_critter_country_splash_mountain,Splash Mountain,ATTRACTION,2026-10-04T03:54:38.706Z,OPERATING,AVAILABLE,,
tokyo_disneyland,e3577b4a-f1d9-4ec5-aacf-b99977ea88c9,tdl_westernland_big_thunder_mountain,Big Thunder Mountain,ATTRACTION,2026-10-04T03:54:38.697Z,OPERATING,AVAILABLE,,
tokyo_disneyland,e76670f0-9f5f-4918-8491-9bf51e73a596,tdl_new_fantasyland_enchanted_tale_of_beauty_and_the_beast,Enchanted Tale of Beauty and the Beast,ATTRACTION,2026-10-04T03:54:38.738Z,OPERATING,AVAILABLE,,
tokyo_disneyland,e76670f0-9f5f-4918-8491-9bf51e73a596,tdl_new_fantasyland_enchanted_tale_of_beauty_and_the_beast,Enchanted Tale of Beauty and the Beast,ATTRACTION,2026-10-04T03:55:59.223Z,OPERATING,AVAILABLE,,
tokyo_disneyland,4ed6a812-df04-4aa8-acb9-c6b164dbb706,tdl_tomorrowland_monsters_inc_ride_and_go_seek,"Monsters, Inc. Ride & Go Seek!",ATTRACTION,2026-10-04T04:02:14.024Z,OPERATING,AVAILABLE,,
tokyo_disneyland,a88464b5-2cf5-4ef1-b38f-96e07b233bf2,tdl_fantasyland_poohs_hunny_hunt,Pooh's Hunny Hunt,ATTRACTION,2026-10-04T04:04:07.315Z,OPERATING,AVAILABLE,,
tokyo_disneyland,ca00a0e8-f069-4d0a-9d5e-10cb63010956,tdl_tomorrowland_baymax_happy_ride,The Happy Ride with Baymax,ATTRACTION,2026-10-04T04:02:14.033Z,OPERATING,AVAILABLE,,
tokyo_disneyland,dfe25d8e-e234-4020-a261-30c6825d0680,tdl_critter_country_splash_mountain,Splash Mountain,ATTRACTION,2026-10-04T04:02:14.007Z,OPERATING,AVAILABLE,,
tokyo_disneyland,e3577b4a-f1d9-4ec5-aacf-b99977ea88c9,tdl_westernland_big_thunder_mountain,Big Thunder Mountain,ATTRACTION,2026-10-04T04:02:13.997Z,OPERATING,AVAILABLE,,
tokyo_disneyland,e76670f0-9f5f-4918-8491-9bf51e73a596,tdl_new_fantasyland_enchanted_tale_of_beauty_and_the_beast,Enchanted Tale of Beauty and the Beast,ATTRACTION,2026-10-04T04:02:14.041Z,OPERATING,AVAILABLE,,
tokyo_disneyland,4ed6a812-df04-4aa8-acb9-c6b164dbb706,tdl_tomorrowland_monsters_inc_ride_and_go_seek,"Monsters, Inc. Ride & Go Seek!",ATTRACTION,2026-10-04T04:07:31.453Z,OPERATING,AVAILABLE,,
tokyo_disneyland,ca00a0e8-f069-4d0a-9d5e-10cb63010956,tdl_tomorrowland_baymax_happy_ride,The Happy Ride with Baymax,ATTRACTION,2026-10-04T04:07:31.460Z,OPERATING,AVAILABLE,,
tokyo_disneyland,dfe25d8e-e234-4020-a261-30c6825d0680,tdl_critter_country_splash_mountain,Splash Mountain,ATTRACTION,2026-10-04T04:07:31.446Z,OPERATING,AVAILABLE,,
tokyo_disneyland,e3577b4a-f1d9-4ec5-aacf-b99977ea88c9,tdl_westernland_big_thunder_mountain,Big Thunder Mountain,ATTRACTION,2026-10-04T04:07:31.438Z,OPERATING,AVAILABLE,,
tokyo_disneyland,e76670f0-9f5f-4918-8491-9bf51e73a596,tdl_new_fantasyland_enchanted_tale_of_beauty_and_the_beast,Enchanted Tale of Beauty and the Beast,ATTRACTION,2026-10-04T04:07:31.468Z,OPERATING,AVAILABLE,,
tokyo_disneyland,4ed6a812-df04-4aa8-acb9-c6b164dbb706,tdl_tomorrowland_monsters_inc_ride_and_go_seek,"Monsters, Inc. Ride & Go Seek!",ATTRACTION,2026-10-04T04:13:32.628Z,OPERATING,AVAILABLE,,
tokyo_disneyland,8fce6b54-e3e4-40bb-a574-93c8327c3fab,,Haunted Mansion “Holiday Nightmare”,ATTRACTION,2026-10-04T04:13:32.610Z,OPERATING,AVAILABLE,,
tokyo_disneyland,a88464b5-2cf5-4ef1-b38f-96e07b233bf2,tdl_fantasyland_poohs_hunny_hunt,Pooh's Hunny Hunt,ATTRACTION,2026-10-04T04:13:32.616Z,OPERATING,AVAILABLE,,
tokyo_disneyland,ca00a0e8-f069-4d0a-9d5e-10cb63010956,tdl_tomorrowland_baymax_happy_ride,The Happy Ride with Baymax,ATTRACTION,2026-10-04T04:13:32.634Z,OPERATING,AVAILABLE,,
tokyo_disneyland,dfe25d8e-e234-4020-a261-30c6825d0680,tdl_critter_country_splash_mountain,Splash Mountain,ATTRACTION,2026-10-04T04:13:33.141Z,OPERATING,AVAILABLE,,
tokyo_disneyland,e3577b4a-f1d9-4ec5-aacf-b99977ea88c9,tdl_westernland_big_thunder_mountain,Big Thunder Mountain,ATTRACTION,2026-10-04T04:11:30.063Z,OPERATING,AVAILABLE,,
tokyo_disneyland,e76670f0-9f5f-4918-8491-9bf51e73a596,tdl_new_fantasyland_enchanted_tale_of_beauty_and_the_beast,Enchanted Tale of Beauty and the Beast,ATTRACTION,2026-10-04T04:13:32.643Z,OPERATING,AVAILABLE,,
tokyo_disneyland,e76670f0-9f5f-4918-8491-9bf51e73a596,tdl_new_fantasyland_enchanted_tale_of_beauty_and_the_beast,Enchanted Tale of Beauty and the Beast,ATTRACTION,2026-10-04T04:17:19.244Z,OPERATING,AVAILABLE,,
tokyo_disneyland,4ed6a812-df04-4aa8-acb9-c6b164dbb706,tdl_tomorrowland_monsters_inc_ride_and_go_seek,"Monsters, Inc. Ride & Go Seek!",ATTRACTION,2026-10-04T04:23:57.914Z,OPERATING,AVAILABLE,,
tokyo_disneyland,8fce6b54-e3e4-40bb-a574-93c8327c3fab,,Haunted Mansion “Holiday Nightmare”,ATTRACTION,2026-10-04T04:23:17.966Z,OPERATING,AVAILABLE,,
tokyo_disneyland,a88464b5-2cf5-4ef1-b38f-96e07b233bf2,tdl_fantasyland_poohs_hunny_hunt,Pooh's Hunny Hunt,ATTRACTION,2026-10-04T04:23:57.909Z,OPERATING,AVAILABLE,,
tokyo_disneyland,ca00a0e8-f069-4d0a-9d5e-10cb63010956,tdl_tomorrowland_baymax_happy_ride,The Happy Ride with Baymax,ATTRACTION,2026-10-04T04:23:57.921Z,OPERATING,AVAILABLE,,
tokyo_disneyland,dfe25d8e-e234-4020-a261-30c6825d0680,tdl_critter_country_splash_mountain,Splash Mountain,ATTRACTION,2026-10-04T04:23:57.902Z,OPERATING,AVAILABLE,,
tokyo_disneyland,e3577b4a-f1d9-4ec5-aacf-b99977ea88c9,tdl_westernland_big_thunder_mountain,Big Thunder Mountain,ATTRACTION,2026-10-04T04:23:57.894Z,OPERATING,AVAILABLE,,
tokyo_disneyland,e76670f0-9f5f-4918-8491-9bf51e73a596,tdl_new_fantasyland_enchanted_tale_of_beauty_and_the_beast,Enchanted Tale of Beauty and the Beast,ATTRACTION,2026-10-04T04:23:57.928Z,OPERATING,AVAILABLE,,
tokyo_disneyland,e3577b4a-f1d9-4ec5-aacf-b99977ea88c9,tdl_westernland_big_thunder_mountain,Big Thunder Mountain,ATTRACTION,2026-10-04T04:26:25.729Z,OPERATING,AVAILABLE,,
tokyo_disneyland,4ed6a812-df04-4aa8-acb9-c6b164dbb706,tdl_tomorrowland_monsters_inc_ride_and_go_seek,"Monsters, Inc. Ride & Go Seek!",ATTRACTION,2026-10-04T04:32:58.221Z,OPERATING,AVAILABLE,,
tokyo_disneyland,8fce6b54-e3e4-40bb-a574-93c8327c3fab,,Haunted Mansion “Holiday Nightmare”,ATTRACTION,2026-10-04T04:32:47.074Z,OPERATING,AVAILABLE,,
tokyo_disneyland,a88464b5-2cf5-4ef1-b38f-96e07b233bf2,tdl_fantasyland_poohs_hunny_hunt,Pooh's Hunny Hunt,ATTRACTION,2026-10-04T04:32:58.213Z,OPERATING,AVAILABLE,,
tokyo_disneyland,ca00a0e8-f069-4d0a-9d5e-10cb63010956,tdl_tomorrowland_baymax_happy_ride,The Happy Ride with Baymax,ATTRACTION,2026-10-04T04:32:58.229Z,OPERATING,AVAILABLE,,
tokyo_disneyland,dfe25d8e-e234-4020-a261-30c6825d0680,tdl_critter_country_splash_mountain,Splash Mountain,ATTRACTION,2026-10-04T04:32:58.203Z,OPERATING,AVAILABLE,,
tokyo_disneyland,e76670f0-9f5f-4918-8491-9bf51e73a596,tdl_new_fantasyland_enchanted_tale_of_beauty_and_the_beast,Enchanted Tale of Beauty and the Beast,ATTRACTION,2026-10-04T04:32:58.238Z,OPERATING,AVAILABLE,,
tokyo_disneyland,4ed6a812-df04-4aa8-acb9-c6b164dbb706,tdl_tomorrowland_monsters_inc_ride_and_go_seek,"Monsters, Inc. Ride & Go Seek!",ATTRACTION,2026-10-04T04:36:37.070Z,OPERATING,AVAILABLE,,
tokyo_disneyland,a88464b5-2cf5-4ef1-b38f-96e07b233bf2,tdl_fantasyland_poohs_hunny_hunt,Pooh's Hunny Hunt,ATTRACTION,2026-10-04T04:39:04.190Z,OPERATING,AVAILABLE,,
tokyo_disneyland,ca00a0e8-f069-4d0a-9d5e-10cb63010956,tdl_tomorrowland_baymax_happy_ride,The Happy Ride with Baymax,ATTRACTION,2026-10-04T04:36:37.078Z,OPERATING,AVAILABLE,,
tokyo_disneyland,dfe25d8e-e234-4020-a261-30c6825d0680,tdl_critter_country_splash_mountain,Splash Mountain,ATTRACTION,2026-10-04T04:39:04.159Z,OPERATING,AVAILABLE,,
tokyo_disneyland,e3577b4a-f1d9-4ec5-aacf-b99977ea88c9,tdl_westernland_big_thunder_mountain,Big Thunder Mountain,ATTRACTION,2026-10-04T04:36:37.045Z,OPERATING,AVAILABLE,,
tokyo_disneyland,e76670f0-9f5f-4918-8491-9bf51e73a596,tdl_new_fantasyland_enchanted_tale_of_beauty_and_the_beast,Enchanted Tale of Beauty and the Beast,ATTRACTION,2026-10-04T04:39:04.204Z,OPERATING,AVAILABLE,,
tokyo_disneyland,a88464b5-2cf5-4ef1-b38f-96e07b233bf2,tdl_fantasyland_poohs_hunny_hunt,Pooh's Hunny Hunt,ATTRACTION,2026-10-04T04:44:25.301Z,OPERATING,AVAILABLE,,
tokyo_disneyland,ca00a0e8-f069-4d0a-9d5e-10cb63010956,tdl_tomorrowland_baymax_happy_ride,The Happy Ride with Baymax,ATTRACTION,2026-10-04T04:44:25.316Z,OPERATING,AVAILABLE,,
tokyo_disneyland,dfe25d8e-e234-4020-a261-30c6825d0680,tdl_critter_country_splash_mountain,Splash Mountain,ATTRACTION,2026-10-04T04:44:25.277Z,OPERATING,AVAILABLE,,
tokyo_disneyland,e76670f0-9f5f-4918-8491-9bf51e73a596,tdl_new_fantasyland_enchanted_tale_of_beauty_and_the_beast,Enchanted Tale of Beauty and the Beast,ATTRACTION,2026-10-04T04:44:25.324Z,OPERATING,AVAILABLE,,
tokyo_disneyland,4ed6a812-df04-4aa8-acb9-c6b164dbb706,tdl_tomorrowland_monsters_inc_ride_and_go_seek,"Monsters, Inc. Ride & Go Seek!",ATTRACTION,2026-10-04T04:49:16.274Z,OPERATING,AVAILABLE,,
tokyo_disneyland,a88464b5-2cf5-4ef1-b38f-96e07b233bf2,tdl_fantasyland_poohs_hunny_hunt,Pooh's Hunny Hunt,ATTRACTION,2026-10-04T04:49:16.237Z,OPERATING,AVAILABLE,,
tokyo_disneyland,ca00a0e8-f069-4d0a-9d5e-10cb63010956,tdl_tomorrowland_baymax_happy_ride,The Happy Ride with Baymax,ATTRACTION,2026-10-04T04:49:16.284Z,OPERATING,AVAILABLE,,
tokyo_disneyland,dfe25d8e-e234-4020-a261-30c6825d0680,tdl_critter_country_splash_mountain,Splash Mountain,ATTRACTION,2026-10-04T04:49:16.176Z,OPERATING,AVAILABLE,,
tokyo_disneyland,e3577b4a-f1d9-4ec5-aacf-b99977ea88c9,tdl_westernland_big_thunder_mountain,Big Thunder Mountain,ATTRACTION,2026-10-04T04:49:16.150Z,OPERATING,AVAILABLE,,
tokyo_disneyland,e76670f0-9f5f-4918-8491-9bf51e73a596,tdl_new_fantasyland_enchanted_tale_of_beauty_and_the_beast,Enchanted Tale of Beauty and the Beast,ATTRACTION,2026-10-04T04:49:16.293Z,OPERATING,AVAILABLE,,
tokyo_disneyland,a88464b5-2cf5-4ef1-b38f-96e07b233bf2,tdl_fantasyland_poohs_hunny_hunt,Pooh's Hunny Hunt,ATTRACTION,2026-10-04T04:52:06.417Z,OPERATING,AVAILABLE,,
tokyo_disneyland,ca00a0e8-f069-4d0a-9d5e-10cb63010956,tdl_tomorrowland_baymax_happy_ride,The Happy Ride with Baymax,ATTRACTION,2026-10-04T04:55:45.215Z,OPERATING,AVAILABLE,,
tokyo_disneyland,e76670f0-9f5f-4918-8491-9bf51e73a596,tdl_new_fantasyland_enchanted_tale_of_beauty_and_the_beast,Enchanted Tale of Beauty and the Beast,ATTRACTION,2026-10-04T04:52:06.427Z,OPERATING,AVAILABLE,,
tokyo_disneyland,4ed6a812-df04-4aa8-acb9-c6b164dbb706,tdl_tomorrowland_monsters_inc_ride_and_go_seek,"Monsters, Inc. Ride & Go Seek!",ATTRACTION,2026-10-04T04:59:22.355Z,OPERATING,AVAILABLE,,
tokyo_disneyland,a88464b5-2cf5-4ef1-b38f-96e07b233bf2,tdl_fantasyland_poohs_hunny_hunt,Pooh's Hunny Hunt,ATTRACTION,2026-10-04T04:59:22.346Z,OPERATING,AVAILABLE,,
tokyo_disneyland,ca00a0e8-f069-4d0a-9d5e-10cb63010956,tdl_tomorrowland_baymax_happy_ride,The Happy Ride with Baymax,ATTRACTION,2026-10-04T04:59:22.363Z,OPERATING,AVAILABLE,,
tokyo_disneyland,dfe25d8e-e234-4020-a261-30c6825d0680,tdl_critter_country_splash_mountain,Splash Mountain,ATTRACTION,2026-10-04T04:59:22.339Z,OPERATING,AVAILABLE,,
tokyo_disneyland,e3577b4a-f1d9-4ec5-aacf-b99977ea88c9,tdl_westernland_big_thunder_mountain,Big Thunder Mountain,ATTRACTION,2026-10-04T04:59:22.329Z,OPERATING,AVAILABLE,,
tokyo_disneyland,e76670f0-9f5f-4918-8491-9bf51e73a596,tdl_new_fantasyland_enchanted_tale_of_beauty_and_the_beast,Enchanted Tale of Beauty and the Beast,ATTRACTION,2026-10-04T04:59:22.372Z,OPERATING,AVAILABLE,,
tokyo_disneyland,e76670f0-9f5f-4918-8491-9bf51e73a596,tdl_new_fantasyland_enchanted_tale_of_beauty_and_the_beast,Enchanted Tale of Beauty and the Beast,ATTRACTION,2026-10-04T05:02:13.788Z,OPERATING,AVAILABLE,,
tokyo_disneyland,8fce6b54-e3e4-40bb-a574-93c8327c3fab,,Haunted Mansion “Holiday Nightmare”,ATTRACTION,2026-10-04T05:05:49.231Z,OPERATING,AVAILABLE,,
tokyo_disneyland,e76670f0-9f5f-4918-8491-9bf51e73a596,tdl_new_fantasyland_enchanted_tale_of_beauty_and_the_beast,Enchanted Tale of Beauty and the Beast,ATTRACTION,2026-10-04T05:07:25.331Z,OPERATING,AVAILABLE,,
tokyo_disneyland,4ed6a812-df04-4aa8-acb9-c6b164dbb706,tdl_tomorrowland_monsters_inc_ride_and_go_seek,"Monsters, Inc. Ride & Go Seek!",ATTRACTION,2026-10-04T05:13:49.605Z,OPERATING,AVAILABLE,,
tokyo_disneyland,a88464b5-2cf5-4ef1-b38f-96e07b233bf2,tdl_fantasyland_poohs_hunny_hunt,Pooh's Hunny Hunt,ATTRACTION,2026-10-04T05:13:49.598Z,OPERATING,AVAILABLE,,
tokyo_disneyland,ca00a0e8-f069-4d0a-9d5e-10cb63010956,tdl_tomorrowland_baymax_happy_ride,The Happy Ride with Baymax,ATTRACTION,2026-10-04T05:13:49.612Z,OPERATING,AVAILABLE,,
tokyo_disneyland,dfe25d8e-e234-4020-a261-30c6825d0680,tdl_critter_country_splash_mountain,Splash Mountain,ATTRACTION,2026-10-04T05:13:49.591Z,OPERATING,AVAILABLE,,
tokyo_disneyland,e3577b4a-f1d9-4ec5-aacf-b99977ea88c9,tdl_westernland_big_thunder_mountain,Big Thunder Mountain,ATTRACTION,2026-10-04T05:13:49.583Z,OPERATING,AVAILABLE,,
tokyo_disneyland,e76670f0-9f5f-4918-8491-9bf51e73a596,tdl_new_fantasyland_enchanted_tale_of_beauty_and_the_beast,Enchanted Tale of Beauty and the Beast,ATTRACTION,2026-10-04T05:13:49.619Z,OPERATING,AVAILABLE,,
tokyo_disneyland,4ed6a812-df04-4aa8-acb9-c6b164dbb706,tdl_tomorrowland_monsters_inc_ride_and_go_seek,"Monsters, Inc. Ride & Go Seek!",ATTRACTION,2026-10-04T05:24:41.879Z,OPERATING,AVAILABLE,,
tokyo_disneyland,a88464b5-2cf5-4ef1-b38f-96e07b233bf2,tdl_fantasyland_poohs_hunny_hunt,Pooh's Hunny Hunt,ATTRACTION,2026-10-04T05:24:41.872Z,OPERATING,AVAILABLE,,
tokyo_disneyland,ca00a0e8-f069-4d0a-9d5e-10cb63010956,tdl_tomorrowland_baymax_happy_ride,The Happy Ride with Baymax,ATTRACTION,2026-10-04T05:24:41.886Z,OPERATING,AVAILABLE,,
tokyo_disneyland,dfe25d8e-e234-4020-a261-30c6825d0680,tdl_critter_country_splash_mountain,Splash Mountain,ATTRACTION,2026-10-04T05:24:41.866Z,OPERATING,AVAILABLE,,
tokyo_disneyland,e3577b4a-f1d9-4ec5-aacf-b99977ea88c9,tdl_westernland_big_thunder_mountain,Big Thunder Mountain,ATTRACTION,2026-10-04T05:24:41.857Z,OPERATING,AVAILABLE,,
tokyo_disneyland,e76670f0-9f5f-4918-8491-9bf51e73a596,tdl_new_fantasyland_enchanted_tale_of_beauty_and_the_beast,Enchanted Tale of Beauty and the Beast,ATTRACTION,2026-10-04T05:24:41.894Z,OPERATING,AVAILABLE,,
tokyo_disneyland,4ed6a812-df04-4aa8-acb9-c6b164dbb706,tdl_tomorrowland_monsters_inc_ride_and_go_seek,"Monsters, Inc. Ride & Go Seek!",ATTRACTION,2026-10-04T05:28:02.361Z,OPERATING,AVAILABLE,,
tokyo_disneyland,a88464b5-2cf5-4ef1-b38f-96e07b233bf2,tdl_fantasyland_poohs_hunny_hunt,Pooh's Hunny Hunt,ATTRACTION,2026-10-04T05:28:02.304Z,OPERATING,AVAILABLE,,
tokyo_disneyland,e3577b4a-f1d9-4ec5-aacf-b99977ea88c9,tdl_westernland_big_thunder_mountain,Big Thunder Mountain,ATTRACTION,2026-10-04T05:30:04.033Z,OPERATING,AVAILABLE,,
tokyo_disneyland,8fce6b54-e3e4-40bb-a574-93c8327c3fab,,Haunted Mansion “Holiday Nightmare”,ATTRACTION,2026-10-04T05:33:35.640Z,OPERATING,AVAILABLE,,
tokyo_disneyland,ca00a0e8-f069-4d0a-9d5e-10cb63010956,tdl_tomorrowland_baymax_happy_ride,The Happy Ride with Baymax,ATTRACTION,2026-10-04T05:33:35.661Z,OPERATING,AVAILABLE,,
tokyo_disneyland,4ed6a812-df04-4aa8-acb9-c6b164dbb706,tdl_tomorrowland_monsters_inc_ride_and_go_seek,"Monsters, Inc. Ride & Go Seek!",ATTRACTION,2026-10-04T05:35:48.824Z,OPERATING,AVAILABLE,,
tokyo_disneyland,a88464b5-2cf5-4ef1-b38f-96e07b233bf2,tdl_fantasyland_poohs_hunny_hunt,Pooh's Hunny Hunt,ATTRACTION,2026-10-04T05:35:48.810Z,OPERATING,AVAILABLE,,
tokyo_disneyland,ca00a0e8-f069-4d0a-9d5e-10cb63010956,tdl_tomorrowland_baymax_happy_ride,The Happy Ride with Baymax,ATTRACTION,2026-10-04T05:35:48.831Z,OPERATING,AVAILABLE,,
tokyo_disneyland,dfe25d8e-e234-4020-a261-30c6825d0680,tdl_critter_country_splash_mountain,Splash Mountain,ATTRACTION,2026-10-04T05:35:48.797Z,OPERATING,AVAILABLE,,
tokyo_disneyland,e3577b4a-f1d9-4ec5-aacf-b99977ea88c9,tdl_westernland_big_thunder_mountain,Big Thunder Mountain,ATTRACTION,2026-10-04T05:35:48.790Z,OPERATING,AVAILABLE,,
tokyo_disneyland,e76670f0-9f5f-4918-8491-9bf51e73a596,tdl_new_fantasyland_enchanted_tale_of_beauty_and_the_beast,Enchanted Tale of Beauty and the Beast,ATTRACTION,2026-10-04T05:35:48.838Z,OPERATING,AVAILABLE,,
tokyo_disneyland,4ed6a812-df04-4aa8-acb9-c6b164dbb706,tdl_tomorrowland_monsters_inc_ride_and_go_seek,"Monsters, Inc. Ride & Go Seek!",ATTRACTION,2026-10-04T05:41:14.137Z,OPERATING,AVAILABLE,,
tokyo_disneyland,a88464b5-2cf5-4ef1-b38f-96e07b233bf2,tdl_fantasyland_poohs_hunny_hunt,Pooh's Hunny Hunt,ATTRACTION,2026-10-04T05:41:14.122Z,OPERATING,AVAILABLE,,
tokyo_disneyland,ca00a0e8-f069-4d0a-9d5e-10cb63010956,tdl_tomorrowland_baymax_happy_ride,The Happy Ride with Baymax,ATTRACTION,2026-10-04T05:41:14.143Z,OPERATING,AVAILABLE,,
tokyo_disneyland,dfe25d8e-e234-4020-a261-30c6825d0680,tdl_critter_country_splash_mountain,Splash Mountain,ATTRACTION,2026-10-04T05:41:14.112Z,OPERATING,AVAILABLE,,
tokyo_disneyland,e3577b4a-f1d9-4ec5-aacf-b99977ea88c9,tdl_westernland_big_thunder_mountain,Big Thunder Mountain,ATTRACTION,2026-10-04T05:41:14.103Z,OPERATING,AVAILABLE,,
tokyo_disneyland,e76670f0-9f5f-4918-8491-9bf51e73a596,tdl_new_fantasyland_enchanted_tale_of_beauty_and_the_beast,Enchanted Tale of Beauty and the Beast,ATTRACTION,2026-10-04T05:41:14.148Z,OPERATING,AVAILABLE,,
tokyo_disneyland,4ed6a812-df04-4aa8-acb9-c6b164dbb706,tdl_tomorrowland_monsters_inc_ride_and_go_seek,"Monsters, Inc. Ride & Go Seek!",ATTRACTION,2026-10-04T05:48:22.734Z,OPERATING,AVAILABLE,,
tokyo_disneyland,a88464b5-2cf5-4ef1-b38f-96e07b233bf2,tdl_fantasyland_poohs_hunny_hunt,Pooh's Hunny Hunt,ATTRACTION,2026-10-04T05:45:29.622Z,OPERATING,AVAILABLE,,
tokyo_disneyland,ca00a0e8-f069-4d0a-9d5e-10cb63010956,tdl_tomorrowland_baymax_happy_ride,The Happy Ride with Baymax,ATTRACTION,2026-10-04T05:48:22.741Z,OPERATING,AVAILABLE,,
tokyo_disneyland,dfe25d8e-e234-4020-a261-30c6825d0680,tdl_critter_country_splash_mountain,Splash Mountain,ATTRACTION,2026-10-04T05:48:22.719Z,OPERATING,AVAILABLE,,
tokyo_disneyland,e3577b4a-f1d9-4ec5-aacf-b99977ea88c9,tdl_westernland_big_thunder_mountain,Big Thunder Mountain,ATTRACTION,2026-10-04T05:48:22.711Z,OPERATING,AVAILABLE,,
tokyo_disneyland,e76670f0-9f5f-4918-8491-9bf51e73a596,tdl_new_fantasyland_enchanted_tale_of_beauty_and_the_beast,Enchanted Tale of Beauty and the Beast,ATTRACTION,2026-10-04T05:48:22.749Z,OPERATING,AVAILABLE,,
tokyo_disneyland,4ed6a812-df04-4aa8-acb9-c6b164dbb706,tdl_tomorrowland_monsters_inc_ride_and_go_seek,"Monsters, Inc. Ride & Go Seek!",ATTRACTION,2026-10-04T05:52:24.010Z,OPERATING,AVAILABLE,,
tokyo_disneyland,a88464b5-2cf5-4ef1-b38f-96e07b233bf2,tdl_fantasyland_poohs_hunny_hunt,Pooh's Hunny Hunt,ATTRACTION,2026-10-04T05:52:24.000Z,OPERATING,AVAILABLE,,
tokyo_disneyland,ca00a0e8-f069-4d0a-9d5e-10cb63010956,tdl_tomorrowland_baymax_happy_ride,The Happy Ride with Baymax,ATTRACTION,2026-10-04T05:52:24.019Z,OPERATING,AVAILABLE,,
tokyo_disneyland,dfe25d8e-e234-4020-a261-30c6825d0680,tdl_critter_country_splash_mountain,Splash Mountain,ATTRACTION,2026-10-04T05:52:23.992Z,OPERATING,AVAILABLE,,
tokyo_disneyland,e3577b4a-f1d9-4ec5-aacf-b99977ea88c9,tdl_westernland_big_thunder_mountain,Big Thunder Mountain,ATTRACTION,2026-10-04T05:52:23.979Z,OPERATING,AVAILABLE,,
tokyo_disneyland,e76670f0-9f5f-4918-8491-9bf51e73a596,tdl_new_fantasyland_enchanted_tale_of_beauty_and_the_beast,Enchanted Tale of Beauty and the Beast,ATTRACTION,2026-10-04T05:52:24.028Z,OPERATING,AVAILABLE,,
tokyo_disneyland,4ed6a812-df04-4aa8-acb9-c6b164dbb706,tdl_tomorrowland_monsters_inc_ride_and_go_seek,"Monsters, Inc. Ride & Go Seek!",ATTRACTION,2026-10-04T06:01:04.265Z,OPERATING,AVAILABLE,,
tokyo_disneyland,a88464b5-2cf5-4ef1-b38f-96e07b233bf2,tdl_fantasyland_poohs_hunny_hunt,Pooh's Hunny Hunt,ATTRACTION,2026-10-04T06:01:04.213Z,OPERATING,AVAILABLE,,
tokyo_disneyland,ca00a0e8-f069-4d0a-9d5e-10cb63010956,tdl_tomorrowland_baymax_happy_ride,The Happy Ride with Baymax,ATTRACTION,2026-10-04T05:57:45.015Z,OPERATING,AVAILABLE,,
tokyo_disneyland,dfe25d8e-e234-4020-a261-30c6825d0680,tdl_critter_country_splash_mountain,Splash Mountain,ATTRACTION,2026-10-04T06:01:04.191Z,OPERATING,AVAILABLE,,
tokyo_disneyland,e3577b4a-f1d9-4ec5-aacf-b99977ea88c9,tdl_westernland_big_thunder_mountain,Big Thunder Mountain,ATTRACTION,2026-10-04T06:01:04.176Z,OPERATING,AVAILABLE,,
tokyo_disneyland,e76670f0-9f5f-4918-8491-9bf51e73a596,tdl_new_fantasyland_enchanted_tale_of_beauty_and_the_beast,Enchanted Tale of Beauty and the Beast,ATTRACTION,2026-10-04T06:01:04.280Z,OPERATING,AVAILABLE,,
tokyo_disneyland,4ed6a812-df04-4aa8-acb9-c6b164dbb706,tdl_tomorrowland_monsters_inc_ride_and_go_seek,"Monsters, Inc. Ride & Go Seek!",ATTRACTION,2026-10-04T06:04:00.836Z,OPERATING,AVAILABLE,,
tokyo_disneyland,a88464b5-2cf5-4ef1-b38f-96e07b233bf2,tdl_fantasyland_poohs_hunny_hunt,Pooh's Hunny Hunt,ATTRACTION,2026-10-04T06:04:00.828Z,OPERATING,AVAILABLE,,
tokyo_disneyland,ca00a0e8-f069-4d0a-9d5e-10cb63010956,tdl_tomorrowland_baymax_happy_ride,The Happy Ride with Baymax,ATTRACTION,2026-10-04T06:04:00.844Z,OPERATING,AVAILABLE,,
tokyo_disneyland,dfe25d8e-e234-4020-a261-30c6825d0680,tdl_critter_country_splash_mountain,Splash Mountain,ATTRACTION,2026-10-04T06:04:00.820Z,OPERATING,AVAILABLE,,
tokyo_disneyland,e3577b4a-f1d9-4ec5-aacf-b99977ea88c9,tdl_westernland_big_thunder_mountain,Big Thunder Mountain,ATTRACTION,2026-10-04T06:04:00.810Z,OPERATING,AVAILABLE,,
tokyo_disneyland,e76670f0-9f5f-4918-8491-9bf51e73a596,tdl_new_fantasyland_enchanted_tale_of_beauty_and_the_beast,Enchanted Tale of Beauty and the Beast,ATTRACTION,2026-10-04T06:01:45.415Z,OPERATING,AVAILABLE,,
tokyo_disneyland,4ed6a812-df04-4aa8-acb9-c6b164dbb706,tdl_tomorrowland_monsters_inc_ride_and_go_seek,"Monsters, Inc. Ride & Go Seek!",ATTRACTION,2026-10-04T06:13:01.743Z,OPERATING,AVAILABLE,,
tokyo_disneyland,a88464b5-2cf5-4ef1-b38f-96e07b233bf2,tdl_fantasyland_poohs_hunny_hunt,Pooh's Hunny Hunt,ATTRACTION,2026-10-04T06:13:01.713Z,OPERATING,AVAILABLE,,
tokyo_disneyland,ca00a0e8-f069-4d0a-9d5e-10cb63010956,tdl_tomorrowland_baymax_happy_ride,The Happy Ride with Baymax,ATTRACTION,2026-10-04T06:13:58.907Z,OPERATING,AVAILABLE,,
tokyo_disneyland,dfe25d8e-e234-4020-a261-30c6825d0680,tdl_critter_country_splash_mountain,Splash Mountain,ATTRACTION,2026-10-04T06:13:01.556Z,OPERATING,AVAILABLE,,
tokyo_disneyland,e3577b4a-f1d9-4ec5-aacf-b99977ea88c9,tdl_westernland_big_thunder_mountain,Big Thunder Mountain,ATTRACTION,2026-10-04T06:13:01.524Z,OPERATING,AVAILABLE,,
tokyo_disneyland,e76670f0-9f5f-4918-8491-9bf51e73a596,tdl_new_fantasyland_enchanted_tale_of_beauty_and_the_beast,Enchanted Tale of Beauty and the Beast,ATTRACTION,2026-10-04T06:13:01.776Z,OPERATING,AVAILABLE,,
tokyo_disneyland,4ed6a812-df04-4aa8-acb9-c6b164dbb706,tdl_tomorrowland_monsters_inc_ride_and_go_seek,"Monsters, Inc. Ride & Go Seek!",ATTRACTION,2026-10-04T06:17:19.043Z,OPERATING,AVAILABLE,,
tokyo_disneyland,8fce6b54-e3e4-40bb-a574-93c8327c3fab,,Haunted Mansion “Holiday Nightmare”,ATTRACTION,2026-10-04T06:16:22.323Z,OPERATING,AVAILABLE,,
tokyo_disneyland,a88464b5-2cf5-4ef1-b38f-96e07b233bf2,tdl_fantasyland_poohs_hunny_hunt,Pooh's Hunny Hunt,ATTRACTION,2026-10-04T06:17:19.036Z,OPERATING,AVAILABLE,,
tokyo_disneyland,ca00a0e8-f069-4d0a-9d5e-10cb63010956,tdl_tomorrowland_baymax_happy_ride,The Happy Ride with Baymax,ATTRACTION,2026-10-04T06:17:19.051Z,OPERATING,AVAILABLE,,
tokyo_disneyland,dfe25d8e-e234-4020-a261-30c6825d0680,tdl_critter_country_splash_mountain,Splash Mountain,ATTRACTION,2026-10-04T06:17:19.029Z,OPERATING,AVAILABLE,,
tokyo_disneyland,e3577b4a-f1d9-4ec5-aacf-b99977ea88c9,tdl_westernland_big_thunder_mountain,Big Thunder Mountain,ATTRACTION,2026-10-04T06:17:19.021Z,OPERATING,AVAILABLE,,
tokyo_disneyland,e76670f0-9f5f-4918-8491-9bf51e73a596,tdl_new_fantasyland_enchanted_tale_of_beauty_and_the_beast,Enchanted Tale of Beauty and the Beast,ATTRACTION,2026-10-04T06:17:19.057Z,OPERATING,AVAILABLE,,
tokyo_disneyland,4ed6a812-df04-4aa8-acb9-c6b164dbb706,tdl_tomorrowland_monsters_inc_ride_and_go_seek,"Monsters, Inc. Ride & Go Seek!",ATTRACTION,2026-10-04T06:25:03.599Z,OPERATING,AVAILABLE,,
tokyo_disneyland,a88464b5-2cf5-4ef1-b38f-96e07b233bf2,tdl_fantasyland_poohs_hunny_hunt,Pooh's Hunny Hunt,ATTRACTION,2026-10-04T06:25:03.590Z,OPERATING,AVAILABLE,,
tokyo_disneyland,ca00a0e8-f069-4d0a-9d5e-10cb63010956,tdl_tomorrowland_baymax_happy_ride,The Happy Ride with Baymax,ATTRACTION,2026-10-04T06:25:03.608Z,OPERATING,AVAILABLE,,
tokyo_disneyland,dfe25d8e-e234-4020-a261-30c6825d0680,tdl_critter_country_splash_mountain,Splash Mountain,ATTRACTION,2026-10-04T06:25:03.581Z,OPERATING,AVAILABLE,,
tokyo_disneyland,e3577b4a-f1d9-4ec5-aacf-b99977ea88c9,tdl_westernland_big_thunder_mountain,Big Thunder Mountain,ATTRACTION,2026-10-04T06:25:03.572Z,OPERATING,AVAILABLE,,
tokyo_disneyland,e76670f0-9f5f-4918-8491-9bf51e73a596,tdl_new_fantasyland_enchanted_tale_of_beauty_and_the_beast,Enchanted Tale of Beauty and the Beast,ATTRACTION,2026-10-04T06:25:03.621Z,OPERATING,AVAILABLE,,
tokyo_disneyland,4ed6a812-df04-4aa8-acb9-c6b164dbb706,tdl_tomorrowland_monsters_inc_ride_and_go_seek,"Monsters, Inc. Ride & Go Seek!",ATTRACTION,2026-10-04T06:27:51.749Z,OPERATING,AVAILABLE,,
tokyo_disneyland,a88464b5-2cf5-4ef1-b38f-96e07b233bf2,tdl_fantasyland_poohs_hunny_hunt,Pooh's Hunny Hunt,ATTRACTION,2026-10-04T06:27:51.735Z,OPERATING,AVAILABLE,,
tokyo_disneyland,ca00a0e8-f069-4d0a-9d5e-10cb63010956,tdl_tomorrowland_baymax_happy_ride,The Happy Ride with Baymax,ATTRACTION,2026-10-04T06:27:51.756Z,OPERATING,AVAILABLE,,
tokyo_disneyland,dfe25d8e-e234-4020-a261-30c6825d0680,tdl_critter_country_splash_mountain,Splash Mountain,ATTRACTION,2026-10-04T06:27:51.727Z,OPERATING,AVAILABLE,,
tokyo_disneyland,e3577b4a-f1d9-4ec5-aacf-b99977ea88c9,tdl_westernland_big_thunder_mountain,Big Thunder Mountain,ATTRACTION,2026-10-04T06:28:04.130Z,OPERATING,AVAILABLE,,
tokyo_disneyland,e76670f0-9f5f-4918-8491-9bf51e73a596,tdl_new_fantasyland_enchanted_tale_of_beauty_and_the_beast,Enchanted Tale of Beauty and the Beast,ATTRACTION,2026-10-04T06:28:04.141Z,OPERATING,AVAILABLE,,
tokyo_disneyland,a88464b5-2cf5-4ef1-b38f-96e07b233bf2,tdl_fantasyland_poohs_hunny_hunt,Pooh's Hunny Hunt,ATTRACTION,2026-10-04T06:34:36.300Z,OPERATING,AVAILABLE,,
tokyo_disneyland,dfe25d8e-e234-4020-a261-30c6825d0680,tdl_critter_country_splash_mountain,Splash Mountain,ATTRACTION,2026-10-04T06:34:36.291Z,OPERATING,AVAILABLE,,
tokyo_disneyland,4ed6a812-df04-4aa8-acb9-c6b164dbb706,tdl_tomorrowland_monsters_inc_ride_and_go_seek,"Monsters, Inc. Ride & Go Seek!",ATTRACTION,2026-10-04T06:37:10.195Z,OPERATING,AVAILABLE,,
tokyo_disneyland,a88464b5-2cf5-4ef1-b38f-96e07b233bf2,tdl_fantasyland_poohs_hunny_hunt,Pooh's Hunny Hunt,ATTRACTION,2026-10-04T06:37:10.178Z,OPERATING,AVAILABLE,,
tokyo_disneyland,ca00a0e8-f069-4d0a-9d5e-10cb63010956,tdl_tomorrowland_baymax_happy_ride,The Happy Ride with Baymax,ATTRACTION,2026-10-04T06:37:10.204Z,OPERATING,AVAILABLE,,
tokyo_disneyland,dfe25d8e-e234-4020-a261-30c6825d0680,tdl_critter_country_splash_mountain,Splash Mountain,ATTRACTION,2026-10-04T06:37:10.160Z,OPERATING,AVAILABLE,,
tokyo_disneyland,e76670f0-9f5f-4918-8491-9bf51e73a596,tdl_new_fantasyland_enchanted_tale_of_beauty_and_the_beast,Enchanted Tale of Beauty and the Beast,ATTRACTION,2026-10-04T06:37:10.212Z,OPERATING,AVAILABLE,,
tokyo_disneyland,4ed6a812-df04-4aa8-acb9-c6b164dbb706,tdl_tomorrowland_monsters_inc_ride_and_go_seek,"Monsters, Inc. Ride & Go Seek!",ATTRACTION,2026-10-04T06:41:34.001Z,OPERATING,AVAILABLE,,
tokyo_disneyland,a88464b5-2cf5-4ef1-b38f-96e07b233bf2,tdl_fantasyland_poohs_hunny_hunt,Pooh's Hunny Hunt,ATTRACTION,2026-10-04T06:43:45.030Z,OPERATING,AVAILABLE,,
tokyo_disneyland,ca00a0e8-f069-4d0a-9d5e-10cb63010956,tdl_tomorrowland_baymax_happy_ride,The Happy Ride with Baymax,ATTRACTION,2026-10-04T06:41:34.011Z,OPERATING,AVAILABLE,,
tokyo_disneyland,dfe25d8e-e234-4020-a261-30c6825d0680,tdl_critter_country_splash_mountain,Splash Mountain,ATTRACTION,2026-10-04T06:41:33.957Z,OPERATING,AVAILABLE,,
tokyo_disneyland,e3577b4a-f1d9-4ec5-aacf-b99977ea88c9,tdl_westernland_big_thunder_mountain,Big Thunder Mountain,ATTRACTION,2026-10-04T06:41:33.942Z,OPERATING,AVAILABLE,,
tokyo_disneyland,e76670f0-9f5f-4918-8491-9bf51e73a596,tdl_new_fantasyland_enchanted_tale_of_beauty_and_the_beast,Enchanted Tale of Beauty and the Beast,ATTRACTION,2026-10-04T06:43:45.039Z,OPERATING,AVAILABLE,,
tokyo_disneyland,4ed6a812-df04-4aa8-acb9-c6b164dbb706,tdl_tomorrowland_monsters_inc_ride_and_go_seek,"Monsters, Inc. Ride & Go Seek!",ATTRACTION,2026-10-04T06:49:38.274Z,OPERATING,AVAILABLE,,
tokyo_disneyland,8fce6b54-e3e4-40bb-a574-93c8327c3fab,,Haunted Mansion “Holiday Nightmare”,ATTRACTION,2026-10-04T06:46:17.991Z,OPERATING,AVAILABLE,,
tokyo_disneyland,ca00a0e8-f069-4d0a-9d5e-10cb63010956,tdl_tomorrowland_baymax_happy_ride,The Happy Ride with Baymax,ATTRACTION,2026-10-04T06:49:38.282Z,OPERATING,AVAILABLE,,
tokyo_disneyland,dfe25d8e-e234-4020-a261-30c6825d0680,tdl_critter_country_splash_mountain,Splash Mountain,ATTRACTION,2026-10-04T06:49:38.249Z,OPERATING,AVAILABLE,,
tokyo_disneyland,e3577b4a-f1d9-4ec5-aacf-b99977ea88c9,tdl_westernland_big_thunder_mountain,Big Thunder Mountain,ATTRACTION,2026-10-04T06:49:38.241Z,OPERATING,AVAILABLE,,
tokyo_disneyland,4ed6a812-df04-4aa8-acb9-c6b164dbb706,tdl_tomorrowland_monsters_inc_ride_and_go_seek,"Monsters, Inc. Ride & Go Seek!",ATTRACTION,2026-10-04T06:52:45.798Z,OPERATING,AVAILABLE,,
tokyo_disneyland,a88464b5-2cf5-4ef1-b38f-96e07b233bf2,tdl_fantasyland_poohs_hunny_hunt,Pooh's Hunny Hunt,ATTRACTION,2026-10-04T06:52:46.023Z,OPERATING,AVAILABLE,,
tokyo_disneyland,ca00a0e8-f069-4d0a-9d5e-10cb63010956,tdl_tomorrowland_baymax_happy_ride,The Happy Ride with Baymax,ATTRACTION,2026-10-04T06:52:45.806Z,OPERATING,AVAILABLE,,
tokyo_disneyland,dfe25d8e-e234-4020-a261-30c6825d0680,tdl_critter_country_splash_mountain,Splash Mountain,ATTRACTION,2026-10-04T06:52:45.783Z,OPERATING,AVAILABLE,,
tokyo_disneyland,e3577b4a-f1d9-4ec5-aacf-b99977ea88c9,tdl_westernland_big_thunder_mountain,Big Thunder Mountain,ATTRACTION,2026-10-04T06:52:45.777Z,OPERATING,AVAILABLE,,
tokyo_disneyland,e76670f0-9f5f-4918-8491-9bf51e73a596,tdl_new_fantasyland_enchanted_tale_of_beauty_and_the_beast,Enchanted Tale of Beauty and the Beast,ATTRACTION,2026-10-04T06:52:45.819Z,OPERATING,AVAILABLE,,
tokyo_disneyland,4ed6a812-df04-4aa8-acb9-c6b164dbb706,tdl_tomorrowland_monsters_inc_ride_and_go_seek,"Monsters, Inc. Ride & Go Seek!",ATTRACTION,2026-10-04T06:55:57.363Z,OPERATING,AVAILABLE,,
tokyo_disneyland,a88464b5-2cf5-4ef1-b38f-96e07b233bf2,tdl_fantasyland_poohs_hunny_hunt,Pooh's Hunny Hunt,ATTRACTION,2026-10-04T06:55:57.354Z,OPERATING,AVAILABLE,,
tokyo_disneyland,dfe25d8e-e234-4020-a261-30c6825d0680,tdl_critter_country_splash_mountain,Splash Mountain,ATTRACTION,2026-10-04T06:59:04.049Z,OPERATING,AVAILABLE,,
tokyo_disneyland,e76670f0-9f5f-4918-8491-9bf51e73a596,tdl_new_fantasyland_enchanted_tale_of_beauty_and_the_beast,Enchanted Tale of Beauty and the Beast,ATTRACTION,2026-10-04T06:55:57.372Z,OPERATING,AVAILABLE,,
tokyo_disneyland,4ed6a812-df04-4aa8-acb9-c6b164dbb706,tdl_tomorrowland_monsters_inc_ride_and_go_seek,"Monsters, Inc. Ride & Go Seek!",ATTRACTION,2026-10-04T07:02:31.341Z,OPERATING,AVAILABLE,,
tokyo_disneyland,8fce6b54-e3e4-40bb-a574-93c8327c3fab,,Haunted Mansion “Holiday Nightmare”,ATTRACTION,2026-10-04T07:02:31.310Z,OPERATING,AVAILABLE,,
tokyo_disneyland,a88464b5-2cf5-4ef1-b38f-96e07b233bf2,tdl_fantasyland_poohs_hunny_hunt,Pooh's Hunny Hunt,ATTRACTION,2026-10-04T07:02:32.157Z,OPERATING,AVAILABLE,,
tokyo_disneyland,ca00a0e8-f069-4d0a-9d5e-10cb63010956,tdl_tomorrowland_baymax_happy_ride,The Happy Ride with Baymax,ATTRACTION,2026-10-04T07:02:31.352Z,OPERATING,AVAILABLE,,
tokyo_disneyland,e3577b4a-f1d9-4ec5-aacf-b99977ea88c9,tdl_westernland_big_thunder_mountain,Big Thunder Mountain,ATTRACTION,2026-10-04T07:02:32.145Z,OPERATING,AVAILABLE,,
tokyo_disneyland,e76670f0-9f5f-4918-8491-9bf51e73a596,tdl_new_fantasyland_enchanted_tale_of_beauty_and_the_beast,Enchanted Tale of Beauty and the Beast,ATTRACTION,2026-10-04T07:02:31.363Z,OPERATING,AVAILABLE,,
tokyo_disneyland,4ed6a812-df04-4aa8-acb9-c6b164dbb706,tdl_tomorrowland_monsters_inc_ride_and_go_seek,"Monsters, Inc. Ride & Go Seek!",ATTRACTION,2026-10-04T07:04:53.713Z,OPERATING,AVAILABLE,,
tokyo_disneyland,ca00a0e8-f069-4d0a-9d5e-10cb63010956,tdl_tomorrowland_baymax_happy_ride,The Happy Ride with Baymax,ATTRACTION,2026-10-04T07:04:53.719Z,OPERATING,AVAILABLE,,
tokyo_disneyland,dfe25d8e-e234-4020-a261-30c6825d0680,tdl_critter_country_splash_mountain,Splash Mountain,ATTRACTION,2026-10-04T07:04:53.703Z,OPERATING,AVAILABLE,,
tokyo_disneyland,e76670f0-9f5f-4918-8491-9bf51e73a596,tdl_new_fantasyland_enchanted_tale_of_beauty_and_the_beast,Enchanted Tale of Beauty and the Beast,ATTRACTION,2026-10-04T07:04:53.727Z,OPERATING,AVAILABLE,,
tokyo_disneyland,a88464b5-2cf5-4ef1-b38f-96e07b233bf2,tdl_fantasyland_poohs_hunny_hunt,Pooh's Hunny Hunt,ATTRACTION,2026-10-04T07:12:01.055Z,OPERATING,AVAILABLE,,
tokyo_disneyland,e3577b4a-f1d9-4ec5-aacf-b99977ea88c9,tdl_westernland_big_thunder_mountain,Big Thunder Mountain,ATTRACTION,2026-10-04T07:12:01.009Z,OPERATING,AVAILABLE,,
tokyo_disneyland,4ed6a812-df04-4aa8-acb9-c6b164dbb706,tdl_tomorrowland_monsters_inc_ride_and_go_seek,"Monsters, Inc. Ride & Go Seek!",ATTRACTION,2026-10-04T07:18:22.811Z,OPERATING,AVAILABLE,,
tokyo_disneyland,a88464b5-2cf5-4ef1-b38f-96e07b233bf2,tdl_fantasyland_poohs_hunny_hunt,Pooh's Hunny Hunt,ATTRACTION,2026-10-04T07:16:23.209Z,OPERATING,AVAILABLE,,
tokyo_disneyland,ca00a0e8-f069-4d0a-9d5e-10cb63010956,tdl_tomorrowland_baymax_happy_ride,The Happy Ride with Baymax,ATTRACTION,2026-10-04T07:16:23.234Z,OPERATING,AVAILABLE,,
tokyo_disneyland,dfe25d8e-e234-4020-a261-30c6825d0680,tdl_critter_country_splash_mountain,Splash Mountain,ATTRACTION,2026-10-04T07:16:23.200Z,OPERATING,AVAILABLE,,
tokyo_disneyland,e3577b4a-f1d9-4ec5-aacf-b99977ea88c9,tdl_westernland_big_thunder_mountain,Big Thunder Mountain,ATTRACTION,2026-10-04T07:16:23.190Z,OPERATING,AVAILABLE,,
tokyo_disneyland,e76670f0-9f5f-4918-8491-9bf51e73a596,tdl_new_fantasyland_enchanted_tale_of_beauty_and_the_beast,Enchanted Tale of Beauty and the Beast,ATTRACTION,2026-10-04T07:18:22.826Z,OPERATING,AVAILABLE,,
tokyo_disneyland,4ed6a812-df04-4aa8-acb9-c6b164dbb706,tdl_tomorrowland_monsters_inc_ride_and_go_seek,"Monsters, Inc. Ride & Go Seek!",ATTRACTION,2026-10-04T07:29:49.322Z,OPERATING,AVAILABLE,,
tokyo_disneyland,8fce6b54-e3e4-40bb-a574-93c8327c3fab,,Haunted Mansion “Holiday Nightmare”,ATTRACTION,2026-10-04T07:29:15.297Z,OPERATING,AVAILABLE,,
tokyo_disneyland,a88464b5-2cf5-4ef1-b38f-96e07b233bf2,tdl_fantasyland_poohs_hunny_hunt,Pooh's Hunny Hunt,ATTRACTION,2026-10-04T07:29:49.308Z,OPERATING,AVAILABLE,,
tokyo_disneyland,ca00a0e8-f069-4d0a-9d5e-10cb63010956,tdl_tomorrowland_baymax_happy_ride,The Happy Ride with Baymax,ATTRACTION,2026-10-04T07:29:49.332Z,OPERATING,AVAILABLE,,
tokyo_disneyland,dfe25d8e-e234-4020-a261-30c6825d0680,tdl_critter_country_splash_mountain,Splash Mountain,ATTRACTION,2026-10-04T07:29:49.299Z,OPERATING,AVAILABLE,,
tokyo_disneyland,e3577b4a-f1d9-4ec5-aacf-b99977ea88c9,tdl_westernland_big_thunder_mountain,Big Thunder Mountain,ATTRACTION,2026-10-04T07:29:49.287Z,OPERATING,AVAILABLE,,
tokyo_disneyland,e76670f0-9f5f-4918-8491-9bf51e73a596,tdl_new_fantasyland_enchanted_tale_of_beauty_and_the_beast,Enchanted Tale of Beauty and the Beast,ATTRACTION,2026-10-04T07:29:49.340Z,OPERATING,AVAILABLE,,
tokyo_disneyland,8fce6b54-e3e4-40bb-a574-93c8327c3fab,,Haunted Mansion “Holiday Nightmare”,ATTRACTION,2026-10-04T07:32:33.991Z,OPERATING,AVAILABLE,,
tokyo_disneyland,4ed6a812-df04-4aa8-acb9-c6b164dbb706,tdl_tomorrowland_monsters_inc_ride_and_go_seek,"Monsters, Inc. Ride & Go Seek!",ATTRACTION,2026-10-04T07:39:27.667Z,OPERATING,AVAILABLE,,
tokyo_disneyland,8fce6b54-e3e4-40bb-a574-93c8327c3fab,,Haunted Mansion “Holiday Nightmare”,ATTRACTION,2026-10-04T07:39:27.660Z,OPERATING,AVAILABLE,,
tokyo_disneyland,e3577b4a-f1d9-4ec5-aacf-b99977ea88c9,tdl_westernland_big_thunder_mountain,Big Thunder Mountain,ATTRACTION,2026-10-04T07:39:27.647Z,OPERATING,AVAILABLE,,
tokyo_disneyland,e76670f0-9f5f-4918-8491-9bf51e73a596,tdl_new_fantasyland_enchanted_tale_of_beauty_and_the_beast,Enchanted Tale of Beauty and the Beast,ATTRACTION,2026-10-04T07:39:27.675Z,OPERATING,AVAILABLE,,
tokyo_disneyland,4ed6a812-df04-4aa8-acb9-c6b164dbb706,tdl_tomorrowland_monsters_inc_ride_and_go_seek,"Monsters, Inc. Ride & Go Seek!",ATTRACTION,2026-10-04T07:43:30.871Z,OPERATING,AVAILABLE,,
tokyo_disneyland,8fce6b54-e3e4-40bb-a574-93c8327c3fab,,Haunted Mansion “Holiday Nightmare”,ATTRACTION,2026-10-04T07:42:51.518Z,OPERATING,AVAILABLE,,
tokyo_disneyland,a88464b5-2cf5-4ef1-b38f-96e07b233bf2,tdl_fantasyland_poohs_hunny_hunt,Pooh's Hunny Hunt,ATTRACTION,2026-10-04T07:43:30.864Z,OPERATING,AVAILABLE,,
tokyo_disneyland,ca00a0e8-f069-4d0a-9d5e-10cb63010956,tdl_tomorrowland_baymax_happy_ride,The Happy Ride with Baymax,ATTRACTION,2026-10-04T07:43:30.879Z,OPERATING,AVAILABLE,,
tokyo_disneyland,dfe25d8e-e234-4020-a261-30c6825d0680,tdl_critter_country_splash_mountain,Splash Mountain,ATTRACTION,2026-10-04T07:43:30.856Z,OPERATING,AVAILABLE,,
tokyo_disneyland,e3577b4a-f1d9-4ec5-aacf-b99977ea88c9,tdl_westernland_big_thunder_mountain,Big Thunder Mountain,ATTRACTION,2026-10-04T07:43:30.846Z,OPERATING,AVAILABLE,,
tokyo_disneyland,e76670f0-9f5f-4918-8491-9bf51e73a596,tdl_new_fantasyland_enchanted_tale_of_beauty_and_the_beast,Enchanted Tale of Beauty and the Beast,ATTRACTION,2026-10-04T07:43:30.885Z,OPERATING,AVAILABLE,,
tokyo_disneyland,4ed6a812-df04-4aa8-acb9-c6b164dbb706,tdl_tomorrowland_monsters_inc_ride_and_go_seek,"Monsters, Inc. Ride & Go Seek!",ATTRACTION,2026-10-04T07:46:10.317Z,OPERATING,AVAILABLE,,
tokyo_disneyland,8fce6b54-e3e4-40bb-a574-93c8327c3fab,,Haunted Mansion “Holiday Nightmare”,ATTRACTION,2026-10-04T07:48:50.991Z,OPERATING,AVAILABLE,,
tokyo_disneyland,a88464b5-2cf5-4ef1-b38f-96e07b233bf2,tdl_fantasyland_poohs_hunny_hunt,Pooh's Hunny Hunt,ATTRACTION,2026-10-04T07:46:10.309Z,OPERATING,AVAILABLE,,
tokyo_disneyland,ca00a0e8-f069-4d0a-9d5e-10cb63010956,tdl_tomorrowland_baymax_happy_ride,The Happy Ride with Baymax,ATTRACTION,2026-10-04T07:49:11.547Z,OPERATING,AVAILABLE,,
tokyo_disneyland,dfe25d8e-e234-4020-a261-30c6825d0680,tdl_critter_country_splash_mountain,Splash Mountain,ATTRACTION,2026-10-04T07:49:11.540Z,OPERATING,AVAILABLE,,
tokyo_disneyland,e3577b4a-f1d9-4ec5-aacf-b99977ea88c9,tdl_westernland_big_thunder_mountain,Big Thunder Mountain,ATTRACTION,2026-10-04T07:46:10.299Z,OPERATING,AVAILABLE,,
tokyo_disneyland,e76670f0-9f5f-4918-8491-9bf51e73a596,tdl_new_fantasyland_enchanted_tale_of_beauty_and_the_beast,Enchanted Tale of Beauty and the Beast,ATTRACTION,2026-10-04T07:49:11.553Z,OPERATING,AVAILABLE,,
tokyo_disneyland,8fce6b54-e3e4-40bb-a574-93c8327c3fab,,Haunted Mansion “Holiday Nightmare”,ATTRACTION,2026-10-04T07:51:51.670Z,OPERATING,AVAILABLE,,
tokyo_disneyland,a88464b5-2cf5-4ef1-b38f-96e07b233bf2,tdl_fantasyland_poohs_hunny_hunt,Pooh's Hunny Hunt,ATTRACTION,2026-10-04T07:52:05.128Z,OPERATING,AVAILABLE,,
tokyo_disneyland,ca00a0e8-f069-4d0a-9d5e-10cb63010956,tdl_tomorrowland_baymax_happy_ride,The Happy Ride with Baymax,ATTRACTION,2026-10-04T07:51:51.684Z,OPERATING,AVAILABLE,,
tokyo_disneyland,dfe25d8e-e234-4020-a261-30c6825d0680,tdl_critter_country_splash_mountain,Splash Mountain,ATTRACTION,2026-10-04T07:51:51.644Z,OPERATING,AVAILABLE,,
tokyo_disneyland,e76670f0-9f5f-4918-8491-9bf51e73a596,tdl_new_fantasyland_enchanted_tale_of_beauty_and_the_beast,Enchanted Tale of Beauty and the Beast,ATTRACTION,2026-10-04T07:51:51.691Z,OPERATING,AVAILABLE,,
tokyo_disneyland,4ed6a812-df04-4aa8-acb9-c6b164dbb706,tdl_tomorrowland_monsters_inc_ride_and_go_seek,"Monsters, Inc. Ride & Go Seek!",ATTRACTION,2026-10-04T07:59:56.829Z,OPERATING,FINISHED,,
tokyo_disneyland,a88464b5-2cf5-4ef1-b38f-96e07b233bf2,tdl_fantasyland_poohs_hunny_hunt,Pooh's Hunny Hunt,ATTRACTION,2026-10-04T07:59:56.822Z,OPERATING,AVAILABLE,,
tokyo_disneyland,ca00a0e8-f069-4d0a-9d5e-10cb63010956,tdl_tomorrowland_baymax_happy_ride,The Happy Ride with Baymax,ATTRACTION,2026-10-04T07:59:56.838Z,OPERATING,AVAILABLE,,
tokyo_disneyland,dfe25d8e-e234-4020-a261-30c6825d0680,tdl_critter_country_splash_mountain,Splash Mountain,ATTRACTION,2026-10-04T07:59:56.814Z,OPERATING,AVAILABLE,,
tokyo_disneyland,e3577b4a-f1d9-4ec5-aacf-b99977ea88c9,tdl_westernland_big_thunder_mountain,Big Thunder Mountain,ATTRACTION,2026-10-04T07:59:56.805Z,OPERATING,FINISHED,,
tokyo_disneyland,e76670f0-9f5f-4918-8491-9bf51e73a596,tdl_new_fantasyland_enchanted_tale_of_beauty_and_the_beast,Enchanted Tale of Beauty and the Beast,ATTRACTION,2026-10-04T07:59:56.846Z,OPERATING,AVAILABLE,,
tokyo_disneyland,4ed6a812-df04-4aa8-acb9-c6b164dbb706,tdl_tomorrowland_monsters_inc_ride_and_go_seek,"Monsters, Inc. Ride & Go Seek!",ATTRACTION,2026-10-04T08:03:17.673Z,OPERATING,FINISHED,,
tokyo_disneyland,e3577b4a-f1d9-4ec5-aacf-b99977ea88c9,tdl_westernland_big_thunder_mountain,Big Thunder Mountain,ATTRACTION,2026-10-04T08:03:17.637Z,OPERATING,FINISHED,,
tokyo_disneyland,e76670f0-9f5f-4918-8491-9bf51e73a596,tdl_new_fantasyland_enchanted_tale_of_beauty_and_the_beast,Enchanted Tale of Beauty and the Beast,ATTRACTION,2026-10-04T08:03:17.682Z,OPERATING,AVAILABLE,,
tokyo_disneyland,8fce6b54-e3e4-40bb-a574-93c8327c3fab,,Haunted Mansion “Holiday Nightmare”,ATTRACTION,2026-10-04T08:09:11.155Z,OPERATING,AVAILABLE,,
tokyo_disneyland,a88464b5-2cf5-4ef1-b38f-96e07b233bf2,tdl_fantasyland_poohs_hunny_hunt,Pooh's Hunny Hunt,ATTRACTION,2026-10-04T08:09:11.816Z,OPERATING,AVAILABLE,,
tokyo_disneyland,ca00a0e8-f069-4d0a-9d5e-10cb63010956,tdl_tomorrowland_baymax_happy_ride,The Happy Ride with Baymax,ATTRACTION,2026-10-04T08:09:11.826Z,OPERATING,AVAILABLE,,
tokyo_disneyland,dfe25d8e-e234-4020-a261-30c6825d0680,tdl_critter_country_splash_mountain,Splash Mountain,ATTRACTION,2026-10-04T08:09:11.808Z,OPERATING,AVAILABLE,,
tokyo_disneyland,4ed6a812-df04-4aa8-acb9-c6b164dbb706,tdl_tomorrowland_monsters_inc_ride_and_go_seek,"Monsters, Inc. Ride & Go Seek!",ATTRACTION,2026-10-04T08:12:41.359Z,OPERATING,FINISHED,,
tokyo_disneyland,a88464b5-2cf5-4ef1-b38f-96e07b233bf2,tdl_fantasyland_poohs_hunny_hunt,Pooh's Hunny Hunt,ATTRACTION,2026-10-04T08:12:41.350Z,OPERATING,AVAILABLE,,
tokyo_disneyland,ca00a0e8-f069-4d0a-9d5e-10cb63010956,tdl_tomorrowland_baymax_happy_ride,The Happy Ride with Baymax,ATTRACTION,2026-10-04T08:12:41.367Z,OPERATING,AVAILABLE,,
tokyo_disneyland,dfe25d8e-e234-4020-a261-30c6825d0680,tdl_critter_country_splash_mountain,Splash Mountain,ATTRACTION,2026-10-04T08:12:41.340Z,OPERATING,AVAILABLE,,
tokyo_disneyland,e3577b4a-f1d9-4ec5-aacf-b99977ea88c9,tdl_westernland_big_thunder_mountain,Big Thunder Mountain,ATTRACTION,2026-10-04T08:12:41.331Z,OPERATING,FINISHED,,
tokyo_disneyland,e76670f0-9f5f-4918-8491-9bf51e73a596,tdl_new_fantasyland_enchanted_tale_of_beauty_and_the_beast,Enchanted Tale of Beauty and the Beast,ATTRACTION,2026-10-04T08:12:41.376Z,OPERATING,AVAILABLE,,
tokyo_disneyland,8fce6b54-e3e4-40bb-a574-93c8327c3fab,,Haunted Mansion “Holiday Nightmare”,ATTRACTION,2026-10-04T08:15:12.734Z,OPERATING,AVAILABLE,,
tokyo_disneyland,a88464b5-2cf5-4ef1-b38f-96e07b233bf2,tdl_fantasyland_poohs_hunny_hunt,Pooh's Hunny Hunt,ATTRACTION,2026-10-04T08:18:50.377Z,OPERATING,AVAILABLE,,
tokyo_disneyland,e76670f0-9f5f-4918-8491-9bf51e73a596,tdl_new_fantasyland_enchanted_tale_of_beauty_and_the_beast,Enchanted Tale of Beauty and the Beast,ATTRACTION,2026-10-04T08:15:18.651Z,OPERATING,AVAILABLE,,
tokyo_disneyland,4ed6a812-df04-4aa8-acb9-c6b164dbb706,tdl_tomorrowland_monsters_inc_ride_and_go_seek,"Monsters, Inc. Ride & Go Seek!",ATTRACTION,2026-10-04T08:25:10.803Z,OPERATING,FINISHED,,
tokyo_disneyland,a88464b5-2cf5-4ef1-b38f-96e07b233bf2,tdl_fantasyland_poohs_hunny_hunt,Pooh's Hunny Hunt,ATTRACTION,2026-10-04T08:25:10.796Z,OPERATING,AVAILABLE,,
tokyo_disneyland,ca00a0e8-f069-4d0a-9d5e-10cb63010956,tdl_tomorrowland_baymax_happy_ride,The Happy Ride with Baymax,ATTRACTION,2026-10-04T08:25:10.811Z,OPERATING,AVAILABLE,,
tokyo_disneyland,dfe25d8e-e234-4020-a261-30c6825d0680,tdl_critter_country_splash_mountain,Splash Mountain,ATTRACTION,2026-10-04T08:25:10.788Z,OPERATING,AVAILABLE,,
tokyo_disneyland,e3577b4a-f1d9-4ec5-aacf-b99977ea88c9,tdl_westernland_big_thunder_mountain,Big Thunder Mountain,ATTRACTION,2026-10-04T08:25:10.779Z,OPERATING,FINISHED,,
tokyo_disneyland,e76670f0-9f5f-4918-8491-9bf51e73a596,tdl_new_fantasyland_enchanted_tale_of_beauty_and_the_beast,Enchanted Tale of Beauty and the Beast,ATTRACTION,2026-10-04T08:25:10.821Z,OPERATING,AVAILABLE,,
tokyo_disneyland,8fce6b54-e3e4-40bb-a574-93c8327c3fab,,Haunted Mansion “Holiday Nightmare”,ATTRACTION,2026-10-04T08:27:46.097Z,OPERATING,AVAILABLE,,
tokyo_disneyland,a88464b5-2cf5-4ef1-b38f-96e07b233bf2,tdl_fantasyland_poohs_hunny_hunt,Pooh's Hunny Hunt,ATTRACTION,2026-10-04T08:30:42.460Z,OPERATING,AVAILABLE,,
tokyo_disneyland,dfe25d8e-e234-4020-a261-30c6825d0680,tdl_critter_country_splash_mountain,Splash Mountain,ATTRACTION,2026-10-04T08:30:42.450Z,OPERATING,AVAILABLE,,
tokyo_disneyland,e76670f0-9f5f-4918-8491-9bf51e73a596,tdl_new_fantasyland_enchanted_tale_of_beauty_and_the_beast,Enchanted Tale of Beauty and the Beast,ATTRACTION,2026-10-04T08:28:23.553Z,OPERATING,AVAILABLE,,
tokyo_disneyland,4ed6a812-df04-4aa8-acb9-c6b164dbb706,tdl_tomorrowland_monsters_inc_ride_and_go_seek,"Monsters, Inc. Ride & Go Seek!",ATTRACTION,2026-10-04T08:34:25.520Z,OPERATING,FINISHED,,
tokyo_disneyland,a88464b5-2cf5-4ef1-b38f-96e07b233bf2,tdl_fantasyland_poohs_hunny_hunt,Pooh's Hunny Hunt,ATTRACTION,2026-10-04T08:34:25.512Z,OPERATING,AVAILABLE,,
tokyo_disneyland,ca00a0e8-f069-4d0a-9d5e-10cb63010956,tdl_tomorrowland_baymax_happy_ride,The Happy Ride with Baymax,ATTRACTION,2026-10-04T08:34:25.529Z,OPERATING,AVAILABLE,,
tokyo_disneyland,dfe25d8e-e234-4020-a261-30c6825d0680,tdl_critter_country_splash_mountain,Splash Mountain,ATTRACTION,2026-10-04T08:34:25.503Z,OPERATING,AVAILABLE,,
tokyo_disneyland,e3577b4a-f1d9-4ec5-aacf-b99977ea88c9,tdl_westernland_big_thunder_mountain,Big Thunder Mountain,ATTRACTION,2026-10-04T08:34:25.494Z,OPERATING,FINISHED,,
tokyo_disneyland,4ed6a812-df04-4aa8-acb9-c6b164dbb706,tdl_tomorrowland_monsters_inc_ride_and_go_seek,"Monsters, Inc. Ride & Go Seek!",ATTRACTION,2026-10-04T08:36:52.033Z,OPERATING,FINISHED,,
tokyo_disneyland,8fce6b54-e3e4-40bb-a574-93c8327c3fab,,Haunted Mansion “Holiday Nightmare”,ATTRACTION,2026-10-04T08:37:16.520Z,OPERATING,AVAILABLE,,
tokyo_disneyland,a88464b5-2cf5-4ef1-b38f-96e07b233bf2,tdl_fantasyland_poohs_hunny_hunt,Pooh's Hunny Hunt,ATTRACTION,2026-10-04T08:36:52.024Z,OPERATING,AVAILABLE,,
tokyo_disneyland,ca00a0e8-f069-4d0a-9d5e-10cb63010956,tdl_tomorrowland_baymax_happy_ride,The Happy Ride with Baymax,ATTRACTION,2026-10-04T08:36:52.043Z,OPERATING,AVAILABLE,,
tokyo_disneyland,dfe25d8e-e234-4020-a261-30c6825d0680,tdl_critter_country_splash_mountain,Splash Mountain,ATTRACTION,2026-10-04T08:37:16.512Z,OPERATING,AVAILABLE,,
tokyo_disneyland,e3577b4a-f1d9-4ec5-aacf-b99977ea88c9,tdl_westernland_big_thunder_mountain,Big Thunder Mountain,ATTRACTION,2026-10-04T08:37:16.503Z,OPERATING,FINISHED,,
tokyo_disneyland,e76670f0-9f5f-4918-8491-9bf51e73a596,tdl_new_fantasyland_enchanted_tale_of_beauty_and_the_beast,Enchanted Tale of Beauty and the Beast,ATTRACTION,2026-10-04T08:36:52.052Z,OPERATING,AVAILABLE,,
tokyo_disneyland,4ed6a812-df04-4aa8-acb9-c6b164dbb706,tdl_tomorrowland_monsters_inc_ride_and_go_seek,"Monsters, Inc. Ride & Go Seek!",ATTRACTION,2026-10-04T08:43:18.230Z,OPERATING,FINISHED,,
tokyo_disneyland,4ed6a812-df04-4aa8-acb9-c6b164dbb706,tdl_tomorrowland_monsters_inc_ride_and_go_seek,"Monsters, Inc. Ride & Go Seek!",ATTRACTION,2026-10-04T08:46:43.680Z,OPERATING,FINISHED,,
tokyo_disneyland,a88464b5-2cf5-4ef1-b38f-96e07b233bf2,tdl_fantasyland_poohs_hunny_hunt,Pooh's Hunny Hunt,ATTRACTION,2026-10-04T08:46:43.669Z,OPERATING,AVAILABLE,,
tokyo_disneyland,ca00a0e8-f069-4d0a-9d5e-10cb63010956,tdl_tomorrowland_baymax_happy_ride,The Happy Ride with Baymax,ATTRACTION,2026-10-04T08:46:43.689Z,OPERATING,AVAILABLE,,
tokyo_disneyland,e76670f0-9f5f-4918-8491-9bf51e73a596,tdl_new_fantasyland_enchanted_tale_of_beauty_and_the_beast,Enchanted Tale of Beauty and the Beast,ATTRACTION,2026-10-04T08:49:31.210Z,OPERATING,AVAILABLE,,
tokyo_disneyland,4ed6a812-df04-4aa8-acb9-c6b164dbb706,tdl_tomorrowland_monsters_inc_ride_and_go_seek,"Monsters, Inc. Ride & Go Seek!",ATTRACTION,2026-10-04T08:50:09.384Z,OPERATING,FINISHED,,
tokyo_disneyland,a88464b5-2cf5-4ef1-b38f-96e07b233bf2,tdl_fantasyland_poohs_hunny_hunt,Pooh's Hunny Hunt,ATTRACTION,2026-10-04T08:52:33.095Z,OPERATING,AVAILABLE,,
tokyo_disneyland,ca00a0e8-f069-4d0a-9d5e-10cb63010956,tdl_tomorrowland_baymax_happy_ride,The Happy Ride with Baymax,ATTRACTION,2026-10-04T08:55:03.325Z,OPERATING,AVAILABLE,,
tokyo_disneyland,dfe25d8e-e234-4020-a261-30c6825d0680,tdl_critter_country_splash_mountain,Splash Mountain,ATTRACTION,2026-10-04T08:50:09.365Z,OPERATING,AVAILABLE,,
tokyo_disneyland,e3577b4a-f1d9-4ec5-aacf-b99977ea88c9,tdl_westernland_big_thunder_mountain,Big Thunder Mountain,ATTRACTION,2026-10-04T08:55:03.308Z,OPERATING,FINISHED,,
tokyo_disneyland,e76670f0-9f5f-4918-8491-9bf51e73a596,tdl_new_fantasyland_enchanted_tale_of_beauty_and_the_beast,Enchanted Tale of Beauty and the Beast,ATTRACTION,2026-10-04T08:50:09.401Z,OPERATING,AVAILABLE,,
tokyo_disneyland,4ed6a812-df04-4aa8-acb9-c6b164dbb706,tdl_tomorrowland_monsters_inc_ride_and_go_seek,"Monsters, Inc. Ride & Go Seek!",ATTRACTION,2026-10-04T08:58:36.005Z,OPERATING,FINISHED,,
tokyo_disneyland,8fce6b54-e3e4-40bb-a574-93c8327c3fab,,Haunted Mansion “Holiday Nightmare”,ATTRACTION,2026-10-04T08:55:33.969Z,OPERATING,AVAILABLE,,
tokyo_disneyland,a88464b5-2cf5-4ef1-b38f-96e07b233bf2,tdl_fantasyland_poohs_hunny_hunt,Pooh's Hunny Hunt,ATTRACTION,2026-10-04T08:58:51.836Z,OPERATING,FINISHED,,
tokyo_disneyland,ca00a0e8-f069-4d0a-9d5e-10cb63010956,tdl_tomorrowland_baymax_happy_ride,The Happy Ride with Baymax,ATTRACTION,2026-10-04T08:55:33.986Z,OPERATING,AVAILABLE,,
tokyo_disneyland,dfe25d8e-e234-4020-a261-30c6825d0680,tdl_critter_country_splash_mountain,Splash Mountain,ATTRACTION,2026-10-04T08:58:35.976Z,OPERATING,AVAILABLE,,
tokyo_disneyland,e3577b4a-f1d9-4ec5-aacf-b99977ea88c9,tdl_westernland_big_thunder_mountain,Big Thunder Mountain,ATTRACTION,2026-10-04T08:55:33.960Z,OPERATING,FINISHED,,
tokyo_disneyland,e76670f0-9f5f-4918-8491-9bf51e73a596,tdl_new_fantasyland_enchanted_tale_of_beauty_and_the_beast,Enchanted Tale of Beauty and the Beast,ATTRACTION,2026-10-04T08:58:36.014Z,OPERATING,AVAILABLE,,
tokyo_disneyland,4ed6a812-df04-4aa8-acb9-c6b164dbb706,tdl_tomorrowland_monsters_inc_ride_and_go_seek,"Monsters, Inc. Ride & Go Seek!",ATTRACTION,2026-10-04T09:00:52.122Z,OPERATING,FINISHED,,
tokyo_disneyland,ca00a0e8-f069-4d0a-9d5e-10cb63010956,tdl_tomorrowland_baymax_happy_ride,The Happy Ride with Baymax,ATTRACTION,2026-10-04T09:05:07.857Z,OPERATING,AVAILABLE,,
tokyo_disneyland,dfe25d8e-e234-4020-a261-30c6825d0680,tdl_critter_country_splash_mountain,Splash Mountain,ATTRACTION,2026-10-04T09:01:42.927Z,OPERATING,AVAILABLE,,
tokyo_disneyland,e3577b4a-f1d9-4ec5-aacf-b99977ea88c9,tdl_westernland_big_thunder_mountain,Big Thunder Mountain,ATTRACTION,2026-10-04T09:05:08.184Z,OPERATING,FINISHED,,
tokyo_disneyland,e76670f0-9f5f-4918-8491-9bf51e73a596,tdl_new_fantasyland_enchanted_tale_of_beauty_and_the_beast,Enchanted Tale of Beauty and the Beast,ATTRACTION,2026-10-04T09:00:52.190Z,OPERATING,AVAILABLE,,
tokyo_disneyland,4ed6a812-df04-4aa8-acb9-c6b164dbb706,tdl_tomorrowland_monsters_inc_ride_and_go_seek,"Monsters, Inc. Ride & Go Seek!",ATTRACTION,2026-10-04T09:08:04.033Z,OPERATING,FINISHED,,
tokyo_disneyland,a88464b5-2cf5-4ef1-b38f-96e07b233bf2,tdl_fantasyland_poohs_hunny_hunt,Pooh's Hunny Hunt,ATTRACTION,2026-10-04T09:08:04.004Z,OPERATING,FINISHED,,
tokyo_disneyland,ca00a0e8-f069-4d0a-9d5e-10cb63010956,tdl_tomorrowland_baymax_happy_ride,The Happy Ride with Baymax,ATTRACTION,2026-10-04T09:07:43.693Z,OPERATING,AVAILABLE,,
tokyo_disneyland,e76670f0-9f5f-4918-8491-9bf51e73a596,tdl_new_fantasyland_enchanted_tale_of_beauty_and_the_beast,Enchanted Tale of Beauty and the Beast,ATTRACTION,2026-10-04T09:08:04.043Z,OPERATING,AVAILABLE,,
tokyo_disneyland,4ed6a812-df04-4aa8-acb9-c6b164dbb706,tdl_tomorrowland_monsters_inc_ride_and_go_seek,"Monsters, Inc. Ride & Go Seek!",ATTRACTION,2026-10-04T09:13:11.426Z,OPERATING,FINISHED,,
tokyo_disneyland,8fce6b54-e3e4-40bb-a574-93c8327c3fab,,Haunted Mansion “Holiday Nightmare”,ATTRACTION,2026-10-04T09:11:05.102Z,OPERATING,AVAILABLE,,
tokyo_disneyland,a88464b5-2cf5-4ef1-b38f-96e07b233bf2,tdl_fantasyland_poohs_hunny_hunt,Pooh's Hunny Hunt,ATTRACTION,2026-10-04T09:13:11.418Z,OPERATING,FINISHED,,
tokyo_disneyland,ca00a0e8-f069-4d0a-9d5e-10cb63010956,tdl_tomorrowland_baymax_happy_ride,The Happy Ride with Baymax,ATTRACTION,2026-10-04T09:13:11.434Z,OPERATING,AVAILABLE,,
tokyo_disneyland,dfe25d8e-e234-4020-a261-30c6825d0680,tdl_critter_country_splash_mountain,Splash Mountain,ATTRACTION,2026-10-04T09:13:11.403Z,OPERATING,AVAILABLE,,
tokyo_disneyland,e3577b4a-f1d9-4ec5-aacf-b99977ea88c9,tdl_westernland_big_thunder_mountain,Big Thunder Mountain,ATTRACTION,2026-10-04T09:13:11.394Z,OPERATING,FINISHED,,
tokyo_disneyland,e76670f0-9f5f-4918-8491-9bf51e73a596,tdl_new_fantasyland_enchanted_tale_of_beauty_and_the_beast,Enchanted Tale of Beauty and the Beast,ATTRACTION,2026-10-04T09:13:11.441Z,OPERATING,AVAILABLE,,
tokyo_disneyland,a88464b5-2cf5-4ef1-b38f-96e07b233bf2,tdl_fantasyland_poohs_hunny_hunt,Pooh's Hunny Hunt,ATTRACTION,2026-10-04T09:19:25.774Z,OPERATING,FINISHED,,
tokyo_disneyland,4ed6a812-df04-4aa8-acb9-c6b164dbb706,tdl_tomorrowland_monsters_inc_ride_and_go_seek,"Monsters, Inc. Ride & Go Seek!",ATTRACTION,2026-10-04T09:23:32.337Z,OPERATING,FINISHED,,
tokyo_disneyland,a88464b5-2cf5-4ef1-b38f-96e07b233bf2,tdl_fantasyland_poohs_hunny_hunt,Pooh's Hunny Hunt,ATTRACTION,2026-10-04T09:20:22.427Z,OPERATING,FINISHED,,
tokyo_disneyland,ca00a0e8-f069-4d0a-9d5e-10cb63010956,tdl_tomorrowland_baymax_happy_ride,The Happy Ride with Baymax,ATTRACTION,2026-10-04T09:23:32.344Z,OPERATING,AVAILABLE,,
tokyo_disneyland,dfe25d8e-e234-4020-a261-30c6825d0680,tdl_critter_country_splash_mountain,Splash Mountain,ATTRACTION,2026-10-04T09:23:32.322Z,OPERATING,AVAILABLE,,
tokyo_disneyland,e3577b4a-f1d9-4ec5-aacf-b99977ea88c9,tdl_westernland_big_thunder_mountain,Big Thunder Mountain,ATTRACTION,2026-10-04T09:23:32.314Z,OPERATING,FINISHED,,
tokyo_disneyland,e76670f0-9f5f-4918-8491-9bf51e73a596,tdl_new_fantasyland_enchanted_tale_of_beauty_and_the_beast,Enchanted Tale of Beauty and the Beast,ATTRACTION,2026-10-04T09:23:32.352Z,OPERATING,AVAILABLE,,
tokyo_disneyland,4ed6a812-df04-4aa8-acb9-c6b164dbb706,tdl_tomorrowland_monsters_inc_ride_and_go_seek,"Monsters, Inc. Ride & Go Seek!",ATTRACTION,2026-10-04T09:25:58.556Z,OPERATING,FINISHED,,
tokyo_disneyland,a88464b5-2cf5-4ef1-b38f-96e07b233bf2,tdl_fantasyland_poohs_hunny_hunt,Pooh's Hunny Hunt,ATTRACTION,2026-10-04T09:25:58.546Z,OPERATING,FINISHED,,
tokyo_disneyland,ca00a0e8-f069-4d0a-9d5e-10cb63010956,tdl_tomorrowland_baymax_happy_ride,The Happy Ride with Baymax,ATTRACTION,2026-10-04T09:25:58.564Z,OPERATING,AVAILABLE,,
tokyo_disneyland,dfe25d8e-e234-4020-a261-30c6825d0680,tdl_critter_country_splash_mountain,Splash Mountain,ATTRACTION,2026-10-04T09:25:58.537Z,OPERATING,AVAILABLE,,
tokyo_disneyland,e3577b4a-f1d9-4ec5-aacf-b99977ea88c9,tdl_westernland_big_thunder_mountain,Big Thunder Mountain,ATTRACTION,2026-10-04T09:29:37.679Z,OPERATING,FINISHED,,
tokyo_disneyland,e76670f0-9f5f-4918-8491-9bf51e73a596,tdl_new_fantasyland_enchanted_tale_of_beauty_and_the_beast,Enchanted Tale of Beauty and the Beast,ATTRACTION,2026-10-04T09:25:58.575Z,OPERATING,AVAILABLE,,
tokyo_disneyland,a88464b5-2cf5-4ef1-b38f-96e07b233bf2,tdl_fantasyland_poohs_hunny_hunt,Pooh's Hunny Hunt,ATTRACTION,2026-10-04T09:32:27.898Z,OPERATING,FINISHED,,
tokyo_disneyland,dfe25d8e-e234-4020-a261-30c6825d0680,tdl_critter_country_splash_mountain,Splash Mountain,ATTRACTION,2026-10-04T09:32:27.888Z,OPERATING,AVAILABLE,,
tokyo_disneyland,e3577b4a-f1d9-4ec5-aacf-b99977ea88c9,tdl_westernland_big_thunder_mountain,Big Thunder Mountain,ATTRACTION,2026-10-04T09:30:07.564Z,OPERATING,FINISHED,,
tokyo_disneyland,4ed6a812-df04-4aa8-acb9-c6b164dbb706,tdl_tomorrowland_monsters_inc_ride_and_go_seek,"Monsters, Inc. Ride & Go Seek!",ATTRACTION,2026-10-04T09:37:03.439Z,OPERATING,FINISHED,,
tokyo_disneyland,a88464b5-2cf5-4ef1-b38f-96e07b233bf2,tdl_fantasyland_poohs_hunny_hunt,Pooh's Hunny Hunt,ATTRACTION,2026-10-04T09:37:03.425Z,OPERATING,FINISHED,,
tokyo_disneyland,ca00a0e8-f069-4d0a-9d5e-10cb63010956,tdl_tomorrowland_baymax_happy_ride,The Happy Ride with Baymax,ATTRACTION,2026-10-04T09:37:03.449Z,OPERATING,AVAILABLE,,
tokyo_disneyland,dfe25d8e-e234-4020-a261-30c6825d0680,tdl_critter_country_splash_mountain,Splash Mountain,ATTRACTION,2026-10-04T09:37:03.403Z,OPERATING,AVAILABLE,,
tokyo_disneyland,e3577b4a-f1d9-4ec5-aacf-b99977ea88c9,tdl_westernland_big_thunder_mountain,Big Thunder Mountain,ATTRACTION,2026-10-04T09:37:03.382Z,OPERATING,FINISHED,,
tokyo_disneyland,e76670f0-9f5f-4918-8491-9bf51e73a596,tdl_new_fantasyland_enchanted_tale_of_beauty_and_the_beast,Enchanted Tale of Beauty and the Beast,ATTRACTION,2026-10-04T09:38:26.031Z,OPERATING,AVAILABLE,,
tokyo_disneyland,dfe25d8e-e234-4020-a261-30c6825d0680,tdl_critter_country_splash_mountain,Splash Mountain,ATTRACTION,2026-10-04T09:44:30.197Z,OPERATING,FINISHED,,
tokyo_disneyland,e76670f0-9f5f-4918-8491-9bf51e73a596,tdl_new_fantasyland_enchanted_tale_of_beauty_and_the_beast,Enchanted Tale of Beauty and the Beast,ATTRACTION,2026-10-04T09:44:30.209Z,OPERATING,AVAILABLE,,
tokyo_disneyland,4ed6a812-df04-4aa8-acb9-c6b164dbb706,tdl_tomorrowland_monsters_inc_ride_and_go_seek,"Monsters, Inc. Ride & Go Seek!",ATTRACTION,2026-10-04T09:47:32.830Z,OPERATING,FINISHED,,
tokyo_disneyland,8fce6b54-e3e4-40bb-a574-93c8327c3fab,,Haunted Mansion “Holiday Nightmare”,ATTRACTION,2026-10-04T09:47:13.241Z,OPERATING,AVAILABLE,,
tokyo_disneyland,a88464b5-2cf5-4ef1-b38f-96e07b233bf2,tdl_fantasyland_poohs_hunny_hunt,Pooh's Hunny Hunt,ATTRACTION,2026-10-04T09:47:32.820Z,OPERATING,FINISHED,,
tokyo_disneyland,ca00a0e8-f069-4d0a-9d5e-10cb63010956,tdl_tomorrowland_baymax_happy_ride,The Happy Ride with Baymax,ATTRACTION,2026-10-04T09:47:32.838Z,OPERATING,AVAILABLE,,
tokyo_disneyland,dfe25d8e-e234-4020-a261-30c6825d0680,tdl_critter_country_splash_mountain,Splash Mountain,ATTRACTION,2026-10-04T09:47:32.807Z,OPERATING,FINISHED,,
tokyo_disneyland,e3577b4a-f1d9-4ec5-aacf-b99977ea88c9,tdl_westernland_big_thunder_mountain,Big Thunder Mountain,ATTRACTION,2026-10-04T09:47:32.795Z,OPERATING,FINISHED,,
tokyo_disneyland,e76670f0-9f5f-4918-8491-9bf51e73a596,tdl_new_fantasyland_enchanted_tale_of_beauty_and_the_beast,Enchanted Tale of Beauty and the Beast,ATTRACTION,2026-10-04T09:47:32.849Z,OPERATING,AVAILABLE,,
tokyo_disneyland,e76670f0-9f5f-4918-8491-9bf51e73a596,tdl_new_fantasyland_enchanted_tale_of_beauty_and_the_beast,Enchanted Tale of Beauty and the Beast,ATTRACTION,2026-10-04T09:53:43.213Z,OPERATING,AVAILABLE,,
tokyo_disneyland,4ed6a812-df04-4aa8-acb9-c6b164dbb706,tdl_tomorrowland_monsters_inc_ride_and_go_seek,"Monsters, Inc. Ride & Go Seek!",ATTRACTION,2026-10-04T09:59:36.241Z,OPERATING,FINISHED,,
tokyo_disneyland,a88464b5-2cf5-4ef1-b38f-96e07b233bf2,tdl_fantasyland_poohs_hunny_hunt,Pooh's Hunny Hunt,ATTRACTION,2026-10-04T09:59:36.231Z,OPERATING,FINISHED,,
tokyo_disneyland,ca00a0e8-f069-4d0a-9d5e-10cb63010956,tdl_tomorrowland_baymax_happy_ride,The Happy Ride with Baymax,ATTRACTION,2026-10-04T09:59:36.251Z,OPERATING,AVAILABLE,,
tokyo_disneyland,dfe25d8e-e234-4020-a261-30c6825d0680,tdl_critter_country_splash_mountain,Splash Mountain,ATTRACTION,2026-10-04T09:59:36.185Z,OPERATING,FINISHED,,
tokyo_disneyland,e3577b4a-f1d9-4ec5-aacf-b99977ea88c9,tdl_westernland_big_thunder_mountain,Big Thunder Mountain,ATTRACTION,2026-10-04T09:59:36.174Z,OPERATING,FINISHED,,
tokyo_disneyland,e76670f0-9f5f-4918-8491-9bf51e73a596,tdl_new_fantasyland_enchanted_tale_of_beauty_and_the_beast,Enchanted Tale of Beauty and the Beast,ATTRACTION,2026-10-04T09:59:36.267Z,OPERATING,AVAILABLE,,
tokyo_disneyland,4ed6a812-df04-4aa8-acb9-c6b164dbb706,tdl_tomorrowland_monsters_inc_ride_and_go_seek,"Monsters, Inc. Ride & Go Seek!",ATTRACTION,2026-10-04T10:04:32.643Z,OPERATING,FINISHED,,
tokyo_disneyland,a88464b5-2cf5-4ef1-b38f-96e07b233bf2,tdl_fantasyland_poohs_hunny_hunt,Pooh's Hunny Hunt,ATTRACTION,2026-10-04T10:04:32.624Z,OPERATING,FINISHED,,
tokyo_disneyland,ca00a0e8-f069-4d0a-9d5e-10cb63010956,tdl_tomorrowland_baymax_happy_ride,The Happy Ride with Baymax,ATTRACTION,2026-10-04T10:04:32.658Z,OPERATING,AVAILABLE,,
tokyo_disneyland,dfe25d8e-e234-4020-a261-30c6825d0680,tdl_critter_country_splash_mountain,Splash Mountain,ATTRACTION,2026-10-04T10:04:32.603Z,OPERATING,FINISHED,,
tokyo_disneyland,e3577b4a-f1d9-4ec5-aacf-b99977ea88c9,tdl_westernland_big_thunder_mountain,Big Thunder Mountain,ATTRACTION,2026-10-04T10:04:32.592Z,OPERATING,FINISHED,,
tokyo_disneyland,e76670f0-9f5f-4918-8491-9bf51e73a596,tdl_new_fantasyland_enchanted_tale_of_beauty_and_the_beast,Enchanted Tale of Beauty and the Beast,ATTRACTION,2026-10-04T10:04:32.667Z,OPERATING,AVAILABLE,,
tokyo_disneyland,4ed6a812-df04-4aa8-acb9-c6b164dbb706,tdl_tomorrowland_monsters_inc_ride_and_go_seek,"Monsters, Inc. Ride & Go Seek!",ATTRACTION,2026-10-04T10:06:16.756Z,OPERATING,FINISHED,,
tokyo_disneyland,8fce6b54-e3e4-40bb-a574-93c8327c3fab,,Haunted Mansion “Holiday Nightmare”,ATTRACTION,2026-10-04T10:06:16.749Z,OPERATING,AVAILABLE,,
tokyo_disneyland,e3577b4a-f1d9-4ec5-aacf-b99977ea88c9,tdl_westernland_big_thunder_mountain,Big Thunder Mountain,ATTRACTION,2026-10-04T10:09:13.609Z,OPERATING,FINISHED,,
tokyo_disneyland,e76670f0-9f5f-4918-8491-9bf51e73a596,tdl_new_fantasyland_enchanted_tale_of_beauty_and_the_beast,Enchanted Tale of Beauty and the Beast,ATTRACTION,2026-10-04T10:06:16.764Z,OPERATING,AVAILABLE,,
tokyo_disneyland,4ed6a812-df04-4aa8-acb9-c6b164dbb706,tdl_tomorrowland_monsters_inc_ride_and_go_seek,"Monsters, Inc. Ride & Go Seek!",ATTRACTION,2026-10-04T10:10:08.125Z,OPERATING,FINISHED,,
tokyo_disneyland,a88464b5-2cf5-4ef1-b38f-96e07b233bf2,tdl_fantasyland_poohs_hunny_hunt,Pooh's Hunny Hunt,ATTRACTION,2026-10-04T10:10:08.113Z,OPERATING,FINISHED,,
tokyo_disneyland,ca00a0e8-f069-4d0a-9d5e-10cb63010956,tdl_tomorrowland_baymax_happy_ride,The Happy Ride with Baymax,ATTRACTION,2026-10-04T10:10:08.134Z,OPERATING,AVAILABLE,,
tokyo_disneyland,dfe25d8e-e234-4020-a261-30c6825d0680,tdl_critter_country_splash_mountain,Splash Mountain,ATTRACTION,2026-10-04T10:10:08.104Z,OPERATING,FINISHED,,
tokyo_disneyland,e3577b4a-f1d9-4ec5-aacf-b99977ea88c9,tdl_westernland_big_thunder_mountain,Big Thunder Mountain,ATTRACTION,2026-10-04T10:10:08.092Z,OPERATING,FINISHED,,
tokyo_disneyland,e76670f0-9f5f-4918-8491-9bf51e73a596,tdl_new_fantasyland_enchanted_tale_of_beauty_and_the_beast,Enchanted Tale of Beauty and the Beast,ATTRACTION,2026-10-04T10:10:08.142Z,OPERATING,AVAILABLE,,
tokyo_disneyland,4ed6a812-df04-4aa8-acb9-c6b164dbb706,tdl_tomorrowland_monsters_inc_ride_and_go_seek,"Monsters, Inc. Ride & Go Seek!",ATTRACTION,2026-10-04T10:16:15.244Z,OPERATING,FINISHED,,
tokyo_disneyland,a88464b5-2cf5-4ef1-b38f-96e07b233bf2,tdl_fantasyland_poohs_hunny_hunt,Pooh's Hunny Hunt,ATTRACTION,2026-10-04T10:16:15.231Z,OPERATING,FINISHED,,
tokyo_disneyland,ca00a0e8-f069-4d0a-9d5e-10cb63010956,tdl_tomorrowland_baymax_happy_ride,The Happy Ride with Baymax,ATTRACTION,2026-10-04T10:16:15.253Z,OPERATING,AVAILABLE,,
tokyo_disneyland,dfe25d8e-e234-4020-a261-30c6825d0680,tdl_critter_country_splash_mountain,Splash Mountain,ATTRACTION,2026-10-04T10:17:24.505Z,OPERATING,FINISHED,,
tokyo_disneyland,e3577b4a-f1d9-4ec5-aacf-b99977ea88c9,tdl_westernland_big_thunder_mountain,Big Thunder Mountain,ATTRACTION,2026-10-04T10:16:15.204Z,OPERATING,FINISHED,,
tokyo_disneyland,e76670f0-9f5f-4918-8491-9bf51e73a596,tdl_new_fantasyland_enchanted_tale_of_beauty_and_the_beast,Enchanted Tale of Beauty and the Beast,ATTRACTION,2026-10-04T10:16:15.261Z,OPERATING,AVAILABLE,,
tokyo_disneyland,4ed6a812-df04-4aa8-acb9-c6b164dbb706,tdl_tomorrowland_monsters_inc_ride_and_go_seek,"Monsters, Inc. Ride & Go Seek!",ATTRACTION,2026-10-04T10:22:17.132Z,OPERATING,FINISHED,,
tokyo_disneyland,a88464b5-2cf5-4ef1-b38f-96e07b233bf2,tdl_fantasyland_poohs_hunny_hunt,Pooh's Hunny Hunt,ATTRACTION,2026-10-04T10:22:17.124Z,OPERATING,FINISHED,,
tokyo_disneyland,ca00a0e8-f069-4d0a-9d5e-10cb63010956,tdl_tomorrowland_baymax_happy_ride,The Happy Ride with Baymax,ATTRACTION,2026-10-04T10:22:17.142Z,OPERATING,AVAILABLE,,
tokyo_disneyland,e3577b4a-f1d9-4ec5-aacf-b99977ea88c9,tdl_westernland_big_thunder_mountain,Big Thunder Mountain,ATTRACTION,2026-10-04T10:22:17.115Z,OPERATING,FINISHED,,
tokyo_disneyland,e76670f0-9f5f-4918-8491-9bf51e73a596,tdl_new_fantasyland_enchanted_tale_of_beauty_and_the_beast,Enchanted Tale of Beauty and the Beast,ATTRACTION,2026-10-04T10:22:17.151Z,OPERATING,AVAILABLE,,
tokyo_disneyland,4ed6a812-df04-4aa8-acb9-c6b164dbb706,tdl_tomorrowland_monsters_inc_ride_and_go_seek,"Monsters, Inc. Ride & Go Seek!",ATTRACTION,2026-10-04T10:28:34.926Z,OPERATING,FINISHED,,
tokyo_disneyland,a88464b5-2cf5-4ef1-b38f-96e07b233bf2,tdl_fantasyland_poohs_hunny_hunt,Pooh's Hunny Hunt,ATTRACTION,2026-10-04T10:28:34.918Z,OPERATING,FINISHED,,
tokyo_disneyland,ca00a0e8-f069-4d0a-9d5e-10cb63010956,tdl_tomorrowland_baymax_happy_ride,The Happy Ride with Baymax,ATTRACTION,2026-10-04T10:28:34.934Z,OPERATING,AVAILABLE,,
tokyo_disneyland,dfe25d8e-e234-4020-a261-30c6825d0680,tdl_critter_country_splash_mountain,Splash Mountain,ATTRACTION,2026-10-04T10:28:34.910Z,OPERATING,FINISHED,,
tokyo_disneyland,e3577b4a-f1d9-4ec5-aacf-b99977ea88c9,tdl_westernland_big_thunder_mountain,Big Thunder Mountain,ATTRACTION,2026-10-04T10:28:34.902Z,OPERATING,FINISHED,,
tokyo_disneyland,e76670f0-9f5f-4918-8491-9bf51e73a596,tdl_new_fantasyland_enchanted_tale_of_beauty_and_the_beast,Enchanted Tale of Beauty and the Beast,ATTRACTION,2026-10-04T10:28:34.944Z,OPERATING,AVAILABLE,,
tokyo_disneyland,4ed6a812-df04-4aa8-acb9-c6b164dbb706,tdl_tomorrowland_monsters_inc_ride_and_go_seek,"Monsters, Inc. Ride & Go Seek!",ATTRACTION,2026-10-04T10:34:51.739Z,OPERATING,FINISHED,,
tokyo_disneyland,8fce6b54-e3e4-40bb-a574-93c8327c3fab,,Haunted Mansion “Holiday Nightmare”,ATTRACTION,2026-10-04T10:33:43.124Z,OPERATING,AVAILABLE,,
tokyo_disneyland,a88464b5-2cf5-4ef1-b38f-96e07b233bf2,tdl_fantasyland_poohs_hunny_hunt,Pooh's Hunny Hunt,ATTRACTION,2026-10-04T10:34:51.732Z,OPERATING,FINISHED,,
tokyo_disneyland,ca00a0e8-f069-4d0a-9d5e-10cb63010956,tdl_tomorrowland_baymax_happy_ride,The Happy Ride with Baymax,ATTRACTION,2026-10-04T10:34:51.746Z,OPERATING,AVAILABLE,,
tokyo_disneyland,dfe25d8e-e234-4020-a261-30c6825d0680,tdl_critter_country_splash_mountain,Splash Mountain,ATTRACTION,2026-10-04T10:34:51.725Z,OPERATING,FINISHED,,
tokyo_disneyland,e3577b4a-f1d9-4ec5-aacf-b99977ea88c9,tdl_westernland_big_thunder_mountain,Big Thunder Mountain,ATTRACTION,2026-10-04T10:34:51.717Z,OPERATING,FINISHED,,
tokyo_disneyland,e76670f0-9f5f-4918-8491-9bf51e73a596,tdl_new_fantasyland_enchanted_tale_of_beauty_and_the_beast,Enchanted Tale of Beauty and the Beast,ATTRACTION,2026-10-04T10:34:51.752Z,OPERATING,AVAILABLE,,
tokyo_disneyland,a88464b5-2cf5-4ef1-b38f-96e07b233bf2,tdl_fantasyland_poohs_hunny_hunt,Pooh's Hunny Hunt,ATTRACTION,2026-10-04T10:37:36.023Z,OPERATING,FINISHED,,
tokyo_disneyland,4ed6a812-df04-4aa8-acb9-c6b164dbb706,tdl_tomorrowland_monsters_inc_ride_and_go_seek,"Monsters, Inc. Ride & Go Seek!",ATTRACTION,2026-10-04T10:43:49.158Z,OPERATING,FINISHED,,
tokyo_disneyland,a88464b5-2cf5-4ef1-b38f-96e07b233bf2,tdl_fantasyland_poohs_hunny_hunt,Pooh's Hunny Hunt,ATTRACTION,2026-10-04T10:43:49.149Z,OPERATING,FINISHED,,
tokyo_disneyland,ca00a0e8-f069-4d0a-9d5e-10cb63010956,tdl_tomorrowland_baymax_happy_ride,The Happy Ride with Baymax,ATTRACTION,2026-10-04T10:39:42.836Z,OPERATING,AVAILABLE,,
tokyo_disneyland,dfe25d8e-e234-4020-a261-30c6825d0680,tdl_critter_country_splash_mountain,Splash Mountain,ATTRACTION,2026-10-04T10:39:42.806Z,OPERATING,FINISHED,,
tokyo_disneyland,e3577b4a-f1d9-4ec5-aacf-b99977ea88c9,tdl_westernland_big_thunder_mountain,Big Thunder Mountain,ATTRACTION,2026-10-04T10:43:49.139Z,OPERATING,FINISHED,,
tokyo_disneyland,e76670f0-9f5f-4918-8491-9bf51e73a596,tdl_new_fantasyland_enchanted_tale_of_beauty_and_the_beast,Enchanted Tale of Beauty and the Beast,ATTRACTION,2026-10-04T10:43:49.165Z,OPERATING,AVAILABLE,,
tokyo_disneyland,8fce6b54-e3e4-40bb-a574-93c8327c3fab,,Haunted Mansion “Holiday Nightmare”,ATTRACTION,2026-10-04T10:48:05.948Z,OPERATING,AVAILABLE,,
tokyo_disneyland,ca00a0e8-f069-4d0a-9d5e-10cb63010956,tdl_tomorrowland_baymax_happy_ride,The Happy Ride with Baymax,ATTRACTION,2026-10-04T10:48:48.086Z,OPERATING,FINISHED,,
tokyo_disneyland,dfe25d8e-e234-4020-a261-30c6825d0680,tdl_critter_country_splash_mountain,Splash Mountain,ATTRACTION,2026-10-04T10:48:05.938Z,OPERATING,FINISHED,,
tokyo_disneyland,e3577b4a-f1d9-4ec5-aacf-b99977ea88c9,tdl_westernland_big_thunder_mountain,Big Thunder Mountain,ATTRACTION,2026-10-04T10:48:05.927Z,OPERATING,FINISHED,,
tokyo_disneyland,e76670f0-9f5f-4918-8491-9bf51e73a596,tdl_new_fantasyland_enchanted_tale_of_beauty_and_the_beast,Enchanted Tale of Beauty and the Beast,ATTRACTION,2026-10-04T10:48:05.970Z,OPERATING,AVAILABLE,,
tokyo_disneyland,4ed6a812-df04-4aa8-acb9-c6b164dbb706,tdl_tomorrowland_monsters_inc_ride_and_go_seek,"Monsters, Inc. Ride & Go Seek!",ATTRACTION,2026-10-04T10:51:44.140Z,OPERATING,FINISHED,,
tokyo_disneyland,a88464b5-2cf5-4ef1-b38f-96e07b233bf2,tdl_fantasyland_poohs_hunny_hunt,Pooh's Hunny Hunt,ATTRACTION,2026-10-04T10:51:44.131Z,OPERATING,FINISHED,,
tokyo_disneyland,dfe25d8e-e234-4020-a261-30c6825d0680,tdl_critter_country_splash_mountain,Splash Mountain,ATTRACTION,2026-10-04T10:51:44.118Z,OPERATING,FINISHED,,
tokyo_disneyland,e3577b4a-f1d9-4ec5-aacf-b99977ea88c9,tdl_westernland_big_thunder_mountain,Big Thunder Mountain,ATTRACTION,2026-10-04T10:51:44.107Z,OPERATING,FINISHED,,
tokyo_disneyland,e76670f0-9f5f-4918-8491-9bf51e73a596,tdl_new_fantasyland_enchanted_tale_of_beauty_and_the_beast,Enchanted Tale of Beauty and the Beast,ATTRACTION,2026-10-04T10:51:44.149Z,OPERATING,AVAILABLE,,
tokyo_disneyland,4ed6a812-df04-4aa8-acb9-c6b164dbb706,tdl_tomorrowland_monsters_inc_ride_and_go_seek,"Monsters, Inc. Ride & Go Seek!",ATTRACTION,2026-10-04T10:58:55.556Z,OPERATING,FINISHED,,
tokyo_disneyland,8fce6b54-e3e4-40bb-a574-93c8327c3fab,,Haunted Mansion “Holiday Nightmare”,ATTRACTION,2026-10-04T10:57:10.019Z,OPERATING,FINISHED,,
tokyo_disneyland,a88464b5-2cf5-4ef1-b38f-96e07b233bf2,tdl_fantasyland_poohs_hunny_hunt,Pooh's Hunny Hunt,ATTRACTION,2026-10-04T10:58:55.545Z,OPERATING,FINISHED,,
tokyo_disneyland,ca00a0e8-f069-4d0a-9d5e-10cb63010956,tdl_tomorrowland_baymax_happy_ride,The Happy Ride with Baymax,ATTRACTION,2026-10-04T10:54:58.170Z,OPERATING,FINISHED,,
tokyo_disneyland,e76670f0-9f5f-4918-8491-9bf51e73a596,tdl_new_fantasyland_enchanted_tale_of_beauty_and_the_beast,Enchanted Tale of Beauty and the Beast,ATTRACTION,2026-10-04T10:58:55.564Z,OPERATING,FINISHED,,
tokyo_disneyland,4ed6a812-df04-4aa8-acb9-c6b164dbb706,tdl_tomorrowland_monsters_inc_ride_and_go_seek,"Monsters, Inc. Ride & Go Seek!",ATTRACTION,2026-10-04T11:01:32.438Z,OPERATING,FINISHED,,
tokyo_disneyland,8fce6b54-e3e4-40bb-a574-93c8327c3fab,,Haunted Mansion “Holiday Nightmare”,ATTRACTION,2026-10-04T11:01:32.428Z,OPERATING,FINISHED,,
tokyo_disneyland,a88464b5-2cf5-4ef1-b38f-96e07b233bf2,tdl_fantasyland_poohs_hunny_hunt,Pooh's Hunny Hunt,ATTRACTION,2026-10-04T11:03:59.943Z,OPERATING,FINISHED,,
tokyo_disneyland,ca00a0e8-f069-4d0a-9d5e-10cb63010956,tdl_tomorrowland_baymax_happy_ride,The Happy Ride with Baymax,ATTRACTION,2026-10-04T11:03:59.950Z,OPERATING,FINISHED,,
tokyo_disneyland,dfe25d8e-e234-4020-a261-30c6825d0680,tdl_critter_country_splash_mountain,Splash Mountain,ATTRACTION,2026-10-04T11:03:59.929Z,OPERATING,FINISHED,,
tokyo_disneyland,e3577b4a-f1d9-4ec5-aacf-b99977ea88c9,tdl_westernland_big_thunder_mountain,Big Thunder Mountain,ATTRACTION,2026-10-04T11:03:59.921Z,OPERATING,FINISHED,,
tokyo_disneyland,e76670f0-9f5f-4918-8491-9bf51e73a596,tdl_new_fantasyland_enchanted_tale_of_beauty_and_the_beast,Enchanted Tale of Beauty and the Beast,ATTRACTION,2026-10-04T11:03:59.956Z,OPERATING,FINISHED,,
tokyo_disneyland,ca00a0e8-f069-4d0a-9d5e-10cb63010956,tdl_tomorrowland_baymax_happy_ride,The Happy Ride with Baymax,ATTRACTION,2026-10-04T11:08:18.258Z,OPERATING,FINISHED,,
tokyo_disneyland,dfe25d8e-e234-4020-a261-30c6825d0680,tdl_critter_country_splash_mountain,Splash Mountain,ATTRACTION,2026-10-04T11:08:18.249Z,DOWN,FINISHED,,
tokyo_disneyland,e76670f0-9f5f-4918-8491-9bf51e73a596,tdl_new_fantasyland_enchanted_tale_of_beauty_and_the_beast,Enchanted Tale of Beauty and the Beast,ATTRACTION,2026-10-04T11:08:18.264Z,OPERATING,FINISHED,,
tokyo_disneyland,4ed6a812-df04-4aa8-acb9-c6b164dbb706,tdl_tomorrowland_monsters_inc_ride_and_go_seek,"Monsters, Inc. Ride & Go Seek!",ATTRACTION,2026-10-04T11:11:58.593Z,OPERATING,FINISHED,,
tokyo_disneyland,a88464b5-2cf5-4ef1-b38f-96e07b233bf2,tdl_fantasyland_poohs_hunny_hunt,Pooh's Hunny Hunt,ATTRACTION,2026-10-04T11:13:30.237Z,OPERATING,FINISHED,,
tokyo_disneyland,ca00a0e8-f069-4d0a-9d5e-10cb63010956,tdl_tomorrowland_baymax_happy_ride,The Happy Ride with Baymax,ATTRACTION,2026-10-04T11:13:30.246Z,OPERATING,FINISHED,,
tokyo_disneyland,e3577b4a-f1d9-4ec5-aacf-b99977ea88c9,tdl_westernland_big_thunder_mountain,Big Thunder Mountain,ATTRACTION,2026-10-04T11:13:30.228Z,OPERATING,FINISHED,,
tokyo_disneyland,e76670f0-9f5f-4918-8491-9bf51e73a596,tdl_new_fantasyland_enchanted_tale_of_beauty_and_the_beast,Enchanted Tale of Beauty and the Beast,ATTRACTION,2026-10-04T11:13:30.255Z,OPERATING,FINISHED,,
tokyo_disneyland,4ed6a812-df04-4aa8-acb9-c6b164dbb706,tdl_tomorrowland_monsters_inc_ride_and_go_seek,"Monsters, Inc. Ride & Go Seek!",ATTRACTION,2026-10-04T11:16:53.198Z,OPERATING,FINISHED,,
tokyo_disneyland,ca00a0e8-f069-4d0a-9d5e-10cb63010956,tdl_tomorrowland_baymax_happy_ride,The Happy Ride with Baymax,ATTRACTION,2026-10-04T11:16:53.212Z,OPERATING,FINISHED,,
tokyo_disneyland,dfe25d8e-e234-4020-a261-30c6825d0680,tdl_critter_country_splash_mountain,Splash Mountain,ATTRACTION,2026-10-04T11:16:53.186Z,DOWN,FINISHED,,
tokyo_disneyland,e76670f0-9f5f-4918-8491-9bf51e73a596,tdl_new_fantasyland_enchanted_tale_of_beauty_and_the_beast,Enchanted Tale of Beauty and the Beast,ATTRACTION,2026-10-04T11:16:53.233Z,OPERATING,FINISHED,,
tokyo_disneyland,4ed6a812-df04-4aa8-acb9-c6b164dbb706,tdl_tomorrowland_monsters_inc_ride_and_go_seek,"Monsters, Inc. Ride & Go Seek!",ATTRACTION,2026-10-04T11:24:20.011Z,OPERATING,FINISHED,,
tokyo_disneyland,8fce6b54-e3e4-40bb-a574-93c8327c3fab,,Haunted Mansion “Holiday Nightmare”,ATTRACTION,2026-10-04T11:23:16.524Z,OPERATING,FINISHED,,
tokyo_disneyland,a88464b5-2cf5-4ef1-b38f-96e07b233bf2,tdl_fantasyland_poohs_hunny_hunt,Pooh's Hunny Hunt,ATTRACTION,2026-10-04T11:24:20.000Z,OPERATING,FINISHED,,
tokyo_disneyland,ca00a0e8-f069-4d0a-9d5e-10cb63010956,tdl_tomorrowland_baymax_happy_ride,The Happy Ride with Baymax,ATTRACTION,2026-10-04T11:24:20.021Z,OPERATING,FINISHED,,
tokyo_disneyland,dfe25d8e-e234-4020-a261-30c6825d0680,tdl_critter_country_splash_mountain,Splash Mountain,ATTRACTION,2026-10-04T11:24:19.990Z,DOWN,FINISHED,,
tokyo_disneyland,e3577b4a-f1d9-4ec5-aacf-b99977ea88c9,tdl_westernland_big_thunder_mountain,Big Thunder Mountain,ATTRACTION,2026-10-04T11:24:19.980Z,OPERATING,FINISHED,,
tokyo_disneyland,e76670f0-9f5f-4918-8491-9bf51e73a596,tdl_new_fantasyland_enchanted_tale_of_beauty_and_the_beast,Enchanted Tale of Beauty and the Beast,ATTRACTION,2026-10-04T11:24:20.031Z,OPERATING,FINISHED,,
tokyo_disneyland,4ed6a812-df04-4aa8-acb9-c6b164dbb706,tdl_tomorrowland_monsters_inc_ride_and_go_seek,"Monsters, Inc. Ride & Go Seek!",ATTRACTION,2026-10-04T11:29:49.543Z,OPERATING,FINISHED,,
tokyo_disneyland,a88464b5-2cf5-4ef1-b38f-96e07b233bf2,tdl_fantasyland_poohs_hunny_hunt,Pooh's Hunny Hunt,ATTRACTION,2026-10-04T11:29:49.536Z,OPERATING,FINISHED,,
tokyo_disneyland,ca00a0e8-f069-4d0a-9d5e-10cb63010956,tdl_tomorrowland_baymax_happy_ride,The Happy Ride with Baymax,ATTRACTION,2026-10-04T11:29:49.550Z,OPERATING,FINISHED,,
tokyo_disneyland,dfe25d8e-e234-4020-a261-30c6825d0680,tdl_critter_country_splash_mountain,Splash Mountain,ATTRACTION,2026-10-04T11:29:49.529Z,DOWN,FINISHED,,
tokyo_disneyland,e3577b4a-f1d9-4ec5-aacf-b99977ea88c9,tdl_westernland_big_thunder_mountain,Big Thunder Mountain,ATTRACTION,2026-10-04T11:29:49.522Z,OPERATING,FINISHED,,
tokyo_disneyland,e76670f0-9f5f-4918-8491-9bf51e73a596,tdl_new_fantasyland_enchanted_tale_of_beauty_and_the_beast,Enchanted Tale of Beauty and the Beast,ATTRACTION,2026-10-04T11:29:49.557Z,OPERATING,FINISHED,,
tokyo_disneyland,4ed6a812-df04-4aa8-acb9-c6b164dbb706,tdl_tomorrowland_monsters_inc_ride_and_go_seek,"Monsters, Inc. Ride & Go Seek!",ATTRACTION,2026-10-04T11:32:50.237Z,OPERATING,FINISHED,,
tokyo_disneyland,dfe25d8e-e234-4020-a261-30c6825d0680,tdl_critter_country_splash_mountain,Splash Mountain,ATTRACTION,2026-10-04T11:32:50.219Z,OPERATING,FINISHED,,
tokyo_disneyland,4ed6a812-df04-4aa8-acb9-c6b164dbb706,tdl_tomorrowland_monsters_inc_ride_and_go_seek,"Monsters, Inc. Ride & Go Seek!",ATTRACTION,2026-10-04T11:36:58.791Z,OPERATING,FINISHED,,
tokyo_disneyland,8fce6b54-e3e4-40bb-a574-93c8327c3fab,,Haunted Mansion “Holiday Nightmare”,ATTRACTION,2026-10-04T11:39:08.124Z,OPERATING,FINISHED,,
tokyo_disneyland,a88464b5-2cf5-4ef1-b38f-96e07b233bf2,tdl_fantasyland_poohs_hunny_hunt,Pooh's Hunny Hunt,ATTRACTION,2026-10-04T11:40:45.081Z,OPERATING,FINISHED,,
tokyo_disneyland,ca00a0e8-f069-4d0a-9d5e-10cb63010956,tdl_tomorrowland_baymax_happy_ride,The Happy Ride with Baymax,ATTRACTION,2026-10-04T11:36:58.797Z,OPERATING,FINISHED,,
tokyo_disneyland,dfe25d8e-e234-4020-a261-30c6825d0680,tdl_critter_country_splash_mountain,Splash Mountain,ATTRACTION,2026-10-04T11:36:58.772Z,OPERATING,FINISHED,,
tokyo_disneyland,e3577b4a-f1d9-4ec5-aacf-b99977ea88c9,tdl_westernland_big_thunder_mountain,Big Thunder Mountain,ATTRACTION,2026-10-04T11:36:58.762Z,OPERATING,FINISHED,,
tokyo_disneyland,e76670f0-9f5f-4918-8491-9bf51e73a596,tdl_new_fantasyland_enchanted_tale_of_beauty_and_the_beast,Enchanted Tale of Beauty and the Beast,ATTRACTION,2026-10-04T11:40:45.090Z,OPERATING,FINISHED,,
tokyo_disneyland,4ed6a812-df04-4aa8-acb9-c6b164dbb706,tdl_tomorrowland_monsters_inc_ride_and_go_seek,"Monsters, Inc. Ride & Go Seek!",ATTRACTION,2026-10-04T11:44:41.920Z,OPERATING,FINISHED,,
tokyo_disneyland,a88464b5-2cf5-4ef1-b38f-96e07b233bf2,tdl_fantasyland_poohs_hunny_hunt,Pooh's Hunny Hunt,ATTRACTION,2026-10-04T11:42:35.276Z,OPERATING,FINISHED,,
tokyo_disneyland,ca00a0e8-f069-4d0a-9d5e-10cb63010956,tdl_tomorrowland_baymax_happy_ride,The Happy Ride with Baymax,ATTRACTION,2026-10-04T11:42:35.291Z,OPERATING,FINISHED,,
tokyo_disneyland,dfe25d8e-e234-4020-a261-30c6825d0680,tdl_critter_country_splash_mountain,Splash Mountain,ATTRACTION,2026-10-04T11:42:35.260Z,OPERATING,FINISHED,,
tokyo_disneyland,e3577b4a-f1d9-4ec5-aacf-b99977ea88c9,tdl_westernland_big_thunder_mountain,Big Thunder Mountain,ATTRACTION,2026-10-04T11:44:41.911Z,OPERATING,FINISHED,,
tokyo_disneyland,e76670f0-9f5f-4918-8491-9bf51e73a596,tdl_new_fantasyland_enchanted_tale_of_beauty_and_the_beast,Enchanted Tale of Beauty and the Beast,ATTRACTION,2026-10-04T11:42:35.299Z,OPERATING,FINISHED,,
tokyo_disneyland,4ed6a812-df04-4aa8-acb9-c6b164dbb706,tdl_tomorrowland_monsters_inc_ride_and_go_seek,"Monsters, Inc. Ride & Go Seek!",ATTRACTION,2026-10-04T11:48:11.082Z,OPERATING,FINISHED,,
tokyo_disneyland,a88464b5-2cf5-4ef1-b38f-96e07b233bf2,tdl_fantasyland_poohs_hunny_hunt,Pooh's Hunny Hunt,ATTRACTION,2026-10-04T11:47:44.958Z,OPERATING,FINISHED,,
tokyo_disneyland,ca00a0e8-f069-4d0a-9d5e-10cb63010956,tdl_tomorrowland_baymax_happy_ride,The Happy Ride with Baymax,ATTRACTION,2026-10-04T11:47:44.978Z,OPERATING,FINISHED,,
tokyo_disneyland,dfe25d8e-e234-4020-a261-30c6825d0680,tdl_critter_country_splash_mountain,Splash Mountain,ATTRACTION,2026-10-04T11:47:44.949Z,OPERATING,FINISHED,,
tokyo_disneyland,e3577b4a-f1d9-4ec5-aacf-b99977ea88c9,tdl_westernland_big_thunder_mountain,Big Thunder Mountain,ATTRACTION,2026-10-04T11:48:11.072Z,OPERATING,FINISHED,,
tokyo_disneyland,e76670f0-9f5f-4918-8491-9bf51e73a596,tdl_new_fantasyland_enchanted_tale_of_beauty_and_the_beast,Enchanted Tale of Beauty and the Beast,ATTRACTION,2026-10-04T11:48:11.091Z,OPERATING,FINISHED,,
tokyo_disneyland,8fce6b54-e3e4-40bb-a574-93c8327c3fab,,Haunted Mansion “Holiday Nightmare”,ATTRACTION,2026-10-04T11:53:22.615Z,OPERATING,FINISHED,,
tokyo_disneyland,a88464b5-2cf5-4ef1-b38f-96e07b233bf2,tdl_fantasyland_poohs_hunny_hunt,Pooh's Hunny Hunt,ATTRACTION,2026-10-04T11:54:10.766Z,OPERATING,FINISHED,,
tokyo_disneyland,ca00a0e8-f069-4d0a-9d5e-10cb63010956,tdl_tomorrowland_baymax_happy_ride,The Happy Ride with Baymax,ATTRACTION,2026-10-04T11:54:10.777Z,OPERATING,FINISHED,,
tokyo_disneyland,dfe25d8e-e234-4020-a261-30c6825d0680,tdl_critter_country_splash_mountain,Splash Mountain,ATTRACTION,2026-10-04T11:54:10.752Z,OPERATING,FINISHED,,
tokyo_disneyland,e3577b4a-f1d9-4ec5-aacf-b99977ea88c9,tdl_westernland_big_thunder_mountain,Big Thunder Mountain,ATTRACTION,2026-10-04T11:54:10.724Z,OPERATING,FINISHED,,
